婆婆纳,https://www.dayi.org.cn/cmedical/302698.html
龙葵,https://www.dayi.org.cn/cmedical/1114669.html
野老鹳草,https://www.dayi.org.cn/cmedical/1156069.html
白车轴草,https://www.dayi.org.cn/cmedical/300096.html
鼠曲草,https://www.dayi.org.cn/cmedical/303610.html
南苜蓿,https://www.dayi.org.cn/cmedical/302466.html
荔枝草,https://www.dayi.org.cn/cmedical/1114866.html
山茱萸,https://www.dayi.org.cn/cmedical/303340.html
甘草片,https://www.dayi.org.cn/cmedical/1156112.html
十大功劳,https://www.dayi.org.cn/cmedical/1116724.html
金线莲,https://www.dayi.org.cn/cmedical/1155762.html
夏至草,https://www.dayi.org.cn/cmedical/304621.html
石龙芮,https://www.dayi.org.cn/cmedical/303516.html
胡颓子,https://www.dayi.org.cn/cmedical/1114476.html
黄花蒿,https://www.dayi.org.cn/cmedical/1114334.html
枇杷,https://www.dayi.org.cn/cmedical/1155658.html
虎耳草,https://www.dayi.org.cn/cmedical/301274.html
泽漆,https://www.dayi.org.cn/cmedical/305694.html
杏仁,https://www.dayi.org.cn/cmedical/1115375.html
荸荠,https://www.dayi.org.cn/cmedical/1155659.html
炙甘草,https://www.dayi.org.cn/cmedical/1155721.html
尖裂假还阳参,https://www.dayi.org.cn/cmedical/1156062.html
南非叶,https://www.dayi.org.cn/cmedical/1156074.html
番荔枝,https://www.dayi.org.cn/cmedical/300810.html
佛甲草,https://www.dayi.org.cn/cmedical/300926.html
甘蔗,https://www.dayi.org.cn/cmedical/300983.html
藤茶,https://www.dayi.org.cn/cmedical/303963.html
吴茱萸,https://www.dayi.org.cn/cmedical/304431.html
牛蒡根,https://www.dayi.org.cn/cmedical/302524.html
香椿,https://www.dayi.org.cn/cmedical/1117497.html
峨参,https://www.dayi.org.cn/cmedical/300756.html
牛马藤,https://www.dayi.org.cn/cmedical/302559.html
炮附子,https://www.dayi.org.cn/cmedical/1155718.html
菠菜,https://www.dayi.org.cn/cmedical/1124366.html
银耳,https://www.dayi.org.cn/cmedical/1155669.html
鱼胶,https://www.dayi.org.cn/cmedical/1117728.html
黄精,https://www.dayi.org.cn/cmedical/301383.html
仙人掌,https://www.dayi.org.cn/cmedical/304628.html
桑寄生,https://www.dayi.org.cn/cmedical/303144.html
一品红,https://www.dayi.org.cn/cmedical/305391.html
肾蕨,https://www.dayi.org.cn/cmedical/303431.html
茴香,https://www.dayi.org.cn/cmedical/1114442.html
番石榴,https://www.dayi.org.cn/cmedical/300815.html
桃花,https://www.dayi.org.cn/cmedical/1123677.html
茵陈,https://www.dayi.org.cn/cmedical/305437.html
茉莉花,https://www.dayi.org.cn/cmedical/302360.html
老鹳草,https://www.dayi.org.cn/cmedical/301717.html
野烟,https://www.dayi.org.cn/cmedical/1115429.html
蓖麻,https://www.dayi.org.cn/cmedical/1117475.html
酒黄精,https://www.dayi.org.cn/cmedical/1156103.html
百蕊草,https://www.dayi.org.cn/cmedical/1113611.html
桂花,https://www.dayi.org.cn/cmedical/301157.html
石蒜,https://www.dayi.org.cn/cmedical/303546.html
无患子,https://www.dayi.org.cn/cmedical/304411.html
陈皮,https://www.dayi.org.cn/cmedical/300175.html
天葵,https://www.dayi.org.cn/cmedical/1115244.html
人参果,https://www.dayi.org.cn/cmedical/1115087.html
龙胆草,https://www.dayi.org.cn/cmedical/301893.html
洋葱,https://www.dayi.org.cn/cmedical/305238.html
石斛花,https://www.dayi.org.cn/cmedical/1156181.html
泥胡菜,https://www.dayi.org.cn/cmedical/302494.html
土人参,https://www.dayi.org.cn/cmedical/304200.html
天胡荽,https://www.dayi.org.cn/cmedical/303979.html
栗子,https://www.dayi.org.cn/cmedical/301792.html
芥菜,https://www.dayi.org.cn/cmedical/1114563.html
黄连片,https://www.dayi.org.cn/cmedical/1156143.html
藏红曲,https://www.dayi.org.cn/cmedical/1144498.html
蜂王浆,https://www.dayi.org.cn/cmedical/1156077.html
黄酒,https://www.dayi.org.cn/cmedical/1156215.html
一点红,https://www.dayi.org.cn/cmedical/305383.html
制何首乌,https://www.dayi.org.cn/cmedical/1155787.html
鱼腥草,https://www.dayi.org.cn/cmedical/305545.html
茯苓,https://www.dayi.org.cn/cmedical/300936.html
姜半夏,https://www.dayi.org.cn/cmedical/1155769.html
牛蒡,https://www.dayi.org.cn/cmedical/302523.html
炒白术,https://www.dayi.org.cn/cmedical/1155719.html
无花果,https://www.dayi.org.cn/cmedical/304406.html
高丽参,https://www.dayi.org.cn/cmedical/1156129.html
丹参,https://www.dayi.org.cn/cmedical/300337.html
蛤蚧,https://www.dayi.org.cn/cmedical/1155647.html
韭菜,https://www.dayi.org.cn/cmedical/1114681.html
黑顺片,https://www.dayi.org.cn/cmedical/1151769.html
白茅根,https://www.dayi.org.cn/cmedical/300129.html
阳桃,https://www.dayi.org.cn/cmedical/305223.html
川芎,https://www.dayi.org.cn/cmedical/306239.html
法半夏,https://www.dayi.org.cn/cmedical/1116104.html
橘红,https://www.dayi.org.cn/cmedical/301514.html
化橘红,https://www.dayi.org.cn/cmedical/301293.html
黄花菜,https://www.dayi.org.cn/cmedical/301344.html
苍耳,https://www.dayi.org.cn/cmedical/1113870.html
铁线莲,https://www.dayi.org.cn/cmedical/304083.html
葛根粉,https://www.dayi.org.cn/cmedical/301052.html
牛膝,https://www.dayi.org.cn/cmedical/306234.html
何首乌,https://www.dayi.org.cn/cmedical/1114283.html
波罗蜜,https://www.dayi.org.cn/cmedical/1113821.html
仙人杖,https://www.dayi.org.cn/cmedical/304629.html
白英,https://www.dayi.org.cn/cmedical/1117020.html
金花菜,https://www.dayi.org.cn/cmedical/1114621.html
麦瓶草,https://www.dayi.org.cn/cmedical/302081.html
蛹虫草,https://www.dayi.org.cn/cmedical/1155814.html
胡萝卜,https://www.dayi.org.cn/cmedical/1114446.html
醋香附,https://www.dayi.org.cn/cmedical/1155777.html
乌蔹莓,https://www.dayi.org.cn/cmedical/304366.html
黄芪,https://www.dayi.org.cn/cmedical/1114361.html
石斛,https://www.dayi.org.cn/cmedical/303487.html
麸炒枳壳,https://www.dayi.org.cn/cmedical/1155722.html
沙参,https://www.dayi.org.cn/cmedical/303158.html
熟地黄,https://www.dayi.org.cn/cmedical/1115491.html
葛根,https://www.dayi.org.cn/cmedical/301051.html
人参,https://www.dayi.org.cn/cmedical/1006969.html
黄栀子,https://www.dayi.org.cn/cmedical/1155701.html
葫芦藓,https://www.dayi.org.cn/cmedical/1115773.html
玫瑰茄,https://www.dayi.org.cn/cmedical/302251.html
猫头鹰,https://www.dayi.org.cn/cmedical/1117216.html
羊奶果,https://www.dayi.org.cn/cmedical/305205.html
当归,https://www.dayi.org.cn/cmedical/300362.html
玉竹,https://www.dayi.org.cn/cmedical/306232.html
溪黄草,https://www.dayi.org.cn/cmedical/304541.html
远志,https://www.dayi.org.cn/cmedical/1116187.html
肉苁蓉,https://www.dayi.org.cn/cmedical/1115217.html
苍术,https://www.dayi.org.cn/cmedical/300160.html
秋葵,https://www.dayi.org.cn/cmedical/302930.html
姜厚朴,https://www.dayi.org.cn/cmedical/1156140.html
月见草,https://www.dayi.org.cn/cmedical/305622.html
甜叶菊,https://www.dayi.org.cn/cmedical/304029.html
白术,https://www.dayi.org.cn/cmedical/1113535.html
还魂草,https://www.dayi.org.cn/cmedical/1114177.html
鬼箭羽,https://www.dayi.org.cn/cmedical/301146.html
菟丝子,https://www.dayi.org.cn/cmedical/1155624.html
桃胶,https://www.dayi.org.cn/cmedical/303952.html
万年青,https://www.dayi.org.cn/cmedical/304271.html
千斤拔,https://www.dayi.org.cn/cmedical/1115084.html
肉桂,https://www.dayi.org.cn/cmedical/303016.html
炒酸枣仁,https://www.dayi.org.cn/cmedical/1155967.html
芒硝,https://www.dayi.org.cn/cmedical/1151631.html
五味子,https://www.dayi.org.cn/cmedical/304474.html
麦冬,https://www.dayi.org.cn/cmedical/1114747.html
喜旱莲子草,https://www.dayi.org.cn/cmedical/1155711.html
酒酿,https://www.dayi.org.cn/cmedical/301496.html
山莓,https://www.dayi.org.cn/cmedical/1116761.html
向日葵,https://www.dayi.org.cn/cmedical/304716.html
莴苣,https://www.dayi.org.cn/cmedical/304337.html
清半夏,https://www.dayi.org.cn/cmedical/1155717.html
石上柏,https://www.dayi.org.cn/cmedical/303536.html
豹子眼睛果,https://www.dayi.org.cn/cmedical/1116567.html
水苦荬,https://www.dayi.org.cn/cmedical/303698.html
苦碟子,https://www.dayi.org.cn/cmedical/301569.html
麸炒白术,https://www.dayi.org.cn/cmedical/1156120.html
路路通,https://www.dayi.org.cn/cmedical/301956.html
黄鹌菜,https://www.dayi.org.cn/cmedical/1114326.html
文冠果,https://www.dayi.org.cn/cmedical/304325.html
三七花,https://www.dayi.org.cn/cmedical/303096.html
蒲公英,https://www.dayi.org.cn/cmedical/302723.html
淮山,https://www.dayi.org.cn/cmedical/1114314.html
淫羊藿,https://www.dayi.org.cn/cmedical/1116150.html
丝瓜络,https://www.dayi.org.cn/cmedical/303795.html
制远志,https://www.dayi.org.cn/cmedical/1156013.html
犀牛角,https://www.dayi.org.cn/cmedical/304536.html
煅牡蛎,https://www.dayi.org.cn/cmedical/1155781.html
荞麦,https://www.dayi.org.cn/cmedical/1115072.html
醋延胡索,https://www.dayi.org.cn/cmedical/1155959.html
秃疮花,https://www.dayi.org.cn/cmedical/304144.html
獾油,https://www.dayi.org.cn/cmedical/1117959.html
鹿血,https://www.dayi.org.cn/cmedical/1117804.html
葛粉,https://www.dayi.org.cn/cmedical/1114121.html
独脚金,https://www.dayi.org.cn/cmedical/300646.html
白芷,https://www.dayi.org.cn/cmedical/300135.html
蕨麻,https://www.dayi.org.cn/cmedical/1114715.html
鹿茸,https://www.dayi.org.cn/cmedical/1117947.html
三七,https://www.dayi.org.cn/cmedical/303095.html
海带,https://www.dayi.org.cn/cmedical/1114173.html
楮实子,https://www.dayi.org.cn/cmedical/1155640.html
迷迭香,https://www.dayi.org.cn/cmedical/302287.html
扛板归,https://www.dayi.org.cn/cmedical/301534.html
桂皮,https://www.dayi.org.cn/cmedical/301164.html
蕨菜,https://www.dayi.org.cn/cmedical/1114712.html
猫眼草,https://www.dayi.org.cn/cmedical/302130.html
白芍,https://www.dayi.org.cn/cmedical/1144879.html
炒白芍,https://www.dayi.org.cn/cmedical/1156280.html
螺旋藻,https://www.dayi.org.cn/cmedical/1116009.html
杜仲,https://www.dayi.org.cn/cmedical/1114072.html
沙苑子,https://www.dayi.org.cn/cmedical/1115379.html
田基黄,https://www.dayi.org.cn/cmedical/304015.html
煅龙骨,https://www.dayi.org.cn/cmedical/1156010.html
盐杜仲,https://www.dayi.org.cn/cmedical/1155982.html
黑木耳,https://www.dayi.org.cn/cmedical/1155670.html
炒麦芽,https://www.dayi.org.cn/cmedical/1156262.html
吉祥草,https://www.dayi.org.cn/cmedical/1114694.html
雷公藤,https://www.dayi.org.cn/cmedical/301746.html
藕,https://www.dayi.org.cn/cmedical/302618.html
黄大豆,https://www.dayi.org.cn/cmedical/301328.html
郁金,https://www.dayi.org.cn/cmedical/305581.html
地龙,https://www.dayi.org.cn/cmedical/1155651.html
木麻黄,https://www.dayi.org.cn/cmedical/302428.html
香附,https://www.dayi.org.cn/cmedical/304661.html
迎春花,https://www.dayi.org.cn/cmedical/305471.html
生石膏,https://www.dayi.org.cn/cmedical/1155950.html
肾精草,https://www.dayi.org.cn/cmedical/1156246.html
凤尾草,https://www.dayi.org.cn/cmedical/1114123.html
麸炒枳实,https://www.dayi.org.cn/cmedical/1156114.html
麦饭石,https://www.dayi.org.cn/cmedical/302074.html
酸角,https://www.dayi.org.cn/cmedical/303873.html
西洋参,https://www.dayi.org.cn/cmedical/1115952.html
金银花露,https://www.dayi.org.cn/cmedical/1114667.html
绵枣儿,https://www.dayi.org.cn/cmedical/302339.html
黑枸杞,https://www.dayi.org.cn/cmedical/1128813.html
木耳,https://www.dayi.org.cn/cmedical/302396.html
猫须草,https://www.dayi.org.cn/cmedical/1114804.html
木棉花,https://www.dayi.org.cn/cmedical/302431.html
醋五味子,https://www.dayi.org.cn/cmedical/1156252.html
黄柏,https://www.dayi.org.cn/cmedical/301314.html
黄连,https://www.dayi.org.cn/cmedical/301392.html
毛冬青,https://www.dayi.org.cn/cmedical/1114784.html
狗脊,https://www.dayi.org.cn/cmedical/301057.html
了哥王,https://www.dayi.org.cn/cmedical/1114602.html
薤白,https://www.dayi.org.cn/cmedical/304940.html
阿胶,https://www.dayi.org.cn/cmedical/1117802.html
覆盆子,https://www.dayi.org.cn/cmedical/306236.html
穿破石,https://www.dayi.org.cn/cmedical/1113671.html
麻黄,https://www.dayi.org.cn/cmedical/302013.html
金橘,https://www.dayi.org.cn/cmedical/1114632.html
桑黄,https://www.dayi.org.cn/cmedical/303143.html
鹅肠草,https://www.dayi.org.cn/cmedical/1114073.html
贴生石韦,https://www.dayi.org.cn/cmedical/1115262.html
魔芋,https://www.dayi.org.cn/cmedical/1123612.html
赶黄草,https://www.dayi.org.cn/cmedical/300994.html
金丝皇菊,https://www.dayi.org.cn/cmedical/1156147.html
枳实,https://www.dayi.org.cn/cmedical/305866.html
桑叶,https://www.dayi.org.cn/cmedical/303149.html
猫爪草,https://www.dayi.org.cn/cmedical/302133.html
茵陈蒿,https://www.dayi.org.cn/cmedical/1116125.html
熊胆粉,https://www.dayi.org.cn/cmedical/1156222.html
狗尾草,https://www.dayi.org.cn/cmedical/1114146.html
鸭脚木,https://www.dayi.org.cn/cmedical/305079.html
酒萸肉,https://www.dayi.org.cn/cmedical/1156097.html
麸炒苍术,https://www.dayi.org.cn/cmedical/1156119.html
灰菜,https://www.dayi.org.cn/cmedical/1115555.html
冬瓜,https://www.dayi.org.cn/cmedical/1114056.html
竹荪,https://www.dayi.org.cn/cmedical/305957.html
夏枯草,https://www.dayi.org.cn/cmedical/304617.html
柿饼,https://www.dayi.org.cn/cmedical/303568.html
酸枣仁,https://www.dayi.org.cn/cmedical/1115571.html
石见穿,https://www.dayi.org.cn/cmedical/1115151.html
酒女贞子,https://www.dayi.org.cn/cmedical/1155720.html
豪猪毛刺,https://www.dayi.org.cn/cmedical/1117985.html
含羞草,https://www.dayi.org.cn/cmedical/1155756.html
蜻蜓,https://www.dayi.org.cn/cmedical/302914.html
车前草,https://www.dayi.org.cn/cmedical/300172.html
葵花籽,https://www.dayi.org.cn/cmedical/1156155.html
煅瓦楞子,https://www.dayi.org.cn/cmedical/1155986.html
宝盖草,https://www.dayi.org.cn/cmedical/1113729.html
盾果草,https://www.dayi.org.cn/cmedical/300728.html
炮仗花,https://www.dayi.org.cn/cmedical/1116929.html
火麻仁,https://www.dayi.org.cn/cmedical/1155581.html
铁线草,https://www.dayi.org.cn/cmedical/304082.html
琥珀,https://www.dayi.org.cn/cmedical/1114398.html
天麻,https://www.dayi.org.cn/cmedical/1115608.html
益智仁,https://www.dayi.org.cn/cmedical/305425.html
红豆杉,https://www.dayi.org.cn/cmedical/1155758.html
柴胡,https://www.dayi.org.cn/cmedical/300168.html
元胡,https://www.dayi.org.cn/cmedical/1155692.html
臭牡丹,https://www.dayi.org.cn/cmedical/1113646.html
淡豆豉,https://www.dayi.org.cn/cmedical/300353.html
香茅草,https://www.dayi.org.cn/cmedical/1155704.html
补骨脂,https://www.dayi.org.cn/cmedical/1113592.html
炒薏苡仁,https://www.dayi.org.cn/cmedical/1155963.html
鸡血藤,https://www.dayi.org.cn/cmedical/301416.html
荠菜,https://www.dayi.org.cn/cmedical/1114425.html
决明子,https://www.dayi.org.cn/cmedical/301529.html
猴枣,https://www.dayi.org.cn/cmedical/1117857.html
醋鳖甲,https://www.dayi.org.cn/cmedical/1156303.html
荨麻,https://www.dayi.org.cn/cmedical/305060.html
桂枝,https://www.dayi.org.cn/cmedical/301167.html
磨盘草,https://www.dayi.org.cn/cmedical/302356.html
墨旱莲,https://www.dayi.org.cn/cmedical/1114870.html
石菖蒲,https://www.dayi.org.cn/cmedical/1115418.html
鳖甲,https://www.dayi.org.cn/cmedical/1124360.html
木蝴蝶,https://www.dayi.org.cn/cmedical/302409.html
橙子,https://www.dayi.org.cn/cmedical/1113923.html
黄芩,https://www.dayi.org.cn/cmedical/301398.html
黑老虎,https://www.dayi.org.cn/cmedical/1115285.html
金莲花,https://www.dayi.org.cn/cmedical/1114634.html
红曲,https://www.dayi.org.cn/cmedical/301230.html
金钱草,https://www.dayi.org.cn/cmedical/1155600.html
秦艽,https://www.dayi.org.cn/cmedical/302835.html
紫荆花,https://www.dayi.org.cn/cmedical/306041.html
鼠尾草,https://www.dayi.org.cn/cmedical/303614.html
霍山石斛,https://www.dayi.org.cn/cmedical/1155757.html
柏子仁,https://www.dayi.org.cn/cmedical/300137.html
甘草,https://www.dayi.org.cn/cmedical/1155619.html
人中黄,https://www.dayi.org.cn/cmedical/1155662.html
栀子,https://www.dayi.org.cn/cmedical/305834.html
没食子,https://www.dayi.org.cn/cmedical/302248.html
柠檬,https://www.dayi.org.cn/cmedical/302508.html
干石斛,https://www.dayi.org.cn/cmedical/1155811.html
八角莲,https://www.dayi.org.cn/cmedical/300068.html
荆芥,https://www.dayi.org.cn/cmedical/301470.html
梨,https://www.dayi.org.cn/cmedical/1114835.html
阿拉伯婆婆纳,https://www.dayi.org.cn/cmedical/1156031.html
金银花,https://www.dayi.org.cn/cmedical/301445.html
漆姑草,https://www.dayi.org.cn/cmedical/302756.html
辣蓼草,https://www.dayi.org.cn/cmedical/301666.html
高良姜,https://www.dayi.org.cn/cmedical/301029.html
土大黄,https://www.dayi.org.cn/cmedical/304161.html
苜蓿,https://www.dayi.org.cn/cmedical/1156176.html
龙血竭,https://www.dayi.org.cn/cmedical/1156135.html
酢浆草,https://www.dayi.org.cn/cmedical/306127.html
山萸肉,https://www.dayi.org.cn/cmedical/1155773.html
生牡蛎,https://www.dayi.org.cn/cmedical/1155796.html
牛肉,https://www.dayi.org.cn/cmedical/1156054.html
枸杞,https://www.dayi.org.cn/cmedical/1155607.html
绿茶,https://www.dayi.org.cn/cmedical/1156132.html
砂仁,https://www.dayi.org.cn/cmedical/303183.html
蛇莓,https://www.dayi.org.cn/cmedical/303401.html
密蒙花,https://www.dayi.org.cn/cmedical/302320.html
巴戟天,https://www.dayi.org.cn/cmedical/1144878.html
麝香,https://www.dayi.org.cn/cmedical/1118049.html
山药,https://www.dayi.org.cn/cmedical/1115362.html
冬虫夏草,https://www.dayi.org.cn/cmedical/1015009.html
紫苏,https://www.dayi.org.cn/cmedical/1155634.html
樟木,https://www.dayi.org.cn/cmedical/305740.html
续断,https://www.dayi.org.cn/cmedical/1115960.html
乌鳢,https://www.dayi.org.cn/cmedical/304365.html
女贞子,https://www.dayi.org.cn/cmedical/1115007.html
郁金香,https://www.dayi.org.cn/cmedical/305582.html
芍药,https://www.dayi.org.cn/cmedical/1156032.html
降真香,https://www.dayi.org.cn/cmedical/1114538.html
泽泻,https://www.dayi.org.cn/cmedical/305697.html
地牯牛,https://www.dayi.org.cn/cmedical/300423.html
凤仙花,https://www.dayi.org.cn/cmedical/300917.html
海风藤,https://www.dayi.org.cn/cmedical/301169.html
柳叶,https://www.dayi.org.cn/cmedical/301879.html
松针,https://www.dayi.org.cn/cmedical/1117616.html
山楂,https://www.dayi.org.cn/cmedical/303334.html
白刺花,https://www.dayi.org.cn/cmedical/300098.html
茅莓根,https://www.dayi.org.cn/cmedical/1155915.html
王不留行,https://www.dayi.org.cn/cmedical/304282.html
猕猴桃,https://www.dayi.org.cn/cmedical/302289.html
丁香,https://www.dayi.org.cn/cmedical/300549.html
白花蛇舌草,https://www.dayi.org.cn/cmedical/300124.html
双肾草,https://www.dayi.org.cn/cmedical/303647.html
绞股蓝,https://www.dayi.org.cn/cmedical/1114422.html
板蓝根,https://www.dayi.org.cn/cmedical/300139.html
石橄榄,https://www.dayi.org.cn/cmedical/1156170.html
凌霄花,https://www.dayi.org.cn/cmedical/1114640.html
土茯苓,https://www.dayi.org.cn/cmedical/1008637.html
凉薯,https://www.dayi.org.cn/cmedical/1116739.html
红景天,https://www.dayi.org.cn/cmedical/301198.html
桔梗,https://www.dayi.org.cn/cmedical/301501.html
紫菜,https://www.dayi.org.cn/cmedical/1115526.html
薏苡仁,https://www.dayi.org.cn/cmedical/305427.html
厚朴,https://www.dayi.org.cn/cmedical/301269.html
铁树叶,https://www.dayi.org.cn/cmedical/304076.html
紫河车,https://www.dayi.org.cn/cmedical/1155695.html
海金沙,https://www.dayi.org.cn/cmedical/301170.html
韭菜子,https://www.dayi.org.cn/cmedical/1114472.html
桑椹,https://www.dayi.org.cn/cmedical/1115258.html
红花,https://www.dayi.org.cn/cmedical/301188.html
菊花,https://www.dayi.org.cn/cmedical/301503.html
炙黄芪,https://www.dayi.org.cn/cmedical/1155789.html
红参片,https://www.dayi.org.cn/cmedical/1156161.html
冬葵子,https://www.dayi.org.cn/cmedical/300605.html
虎杖,https://www.dayi.org.cn/cmedical/301276.html
茺蔚子,https://www.dayi.org.cn/cmedical/300180.html
灰树花,https://www.dayi.org.cn/cmedical/1116005.html
党参,https://www.dayi.org.cn/cmedical/1129180.html
仙鹤草,https://www.dayi.org.cn/cmedical/304624.html
芡实,https://www.dayi.org.cn/cmedical/302807.html
车前子,https://www.dayi.org.cn/cmedical/300173.html
生姜,https://www.dayi.org.cn/cmedical/303437.html
金樱子,https://www.dayi.org.cn/cmedical/301446.html
龟甲,https://www.dayi.org.cn/cmedical/1155654.html
刺梨,https://www.dayi.org.cn/cmedical/1113764.html
灵芝,https://www.dayi.org.cn/cmedical/1114646.html
杉木,https://www.dayi.org.cn/cmedical/1115099.html
葱,https://www.dayi.org.cn/cmedical/1114699.html
藤三七,https://www.dayi.org.cn/cmedical/303969.html
分心木,https://www.dayi.org.cn/cmedical/300865.html
竹叶,https://www.dayi.org.cn/cmedical/305960.html
透骨香,https://www.dayi.org.cn/cmedical/304139.html
牵牛子,https://www.dayi.org.cn/cmedical/1115093.html
东阿阿胶,https://www.dayi.org.cn/cmedical/1155672.html
轮叶景天,https://www.dayi.org.cn/cmedical/301962.html
灵芝粉,https://www.dayi.org.cn/cmedical/1155676.html
醉鱼草,https://www.dayi.org.cn/cmedical/306122.html
络石藤,https://www.dayi.org.cn/cmedical/301991.html
狗肝菜,https://www.dayi.org.cn/cmedical/1114205.html
泽兰,https://www.dayi.org.cn/cmedical/305693.html
龙须草,https://www.dayi.org.cn/cmedical/1114879.html
杭白菊,https://www.dayi.org.cn/cmedical/1155679.html
蜂蜜,https://www.dayi.org.cn/cmedical/1117852.html
蔓荆子,https://www.dayi.org.cn/cmedical/302106.html
碧桃干,https://www.dayi.org.cn/cmedical/1113799.html
骨碎补,https://www.dayi.org.cn/cmedical/1114253.html
独活,https://www.dayi.org.cn/cmedical/300641.html
阳起石,https://www.dayi.org.cn/cmedical/305219.html
龙胆,https://www.dayi.org.cn/cmedical/1008810.html
延胡索,https://www.dayi.org.cn/cmedical/305115.html
罗汉果,https://www.dayi.org.cn/cmedical/301971.html
大黄,https://www.dayi.org.cn/cmedical/1113883.html
珍珠母,https://www.dayi.org.cn/cmedical/1118161.html
海马,https://www.dayi.org.cn/cmedical/1155623.html
益母草,https://www.dayi.org.cn/cmedical/305423.html
木香,https://www.dayi.org.cn/cmedical/302440.html
玛瑙,https://www.dayi.org.cn/cmedical/302066.html
苦参,https://www.dayi.org.cn/cmedical/301565.html
合欢花,https://www.dayi.org.cn/cmedical/1114276.html
玫瑰花,https://www.dayi.org.cn/cmedical/1114827.html
龙骨,https://www.dayi.org.cn/cmedical/301894.html
蝉蜕,https://www.dayi.org.cn/cmedical/300169.html
越橘,https://www.dayi.org.cn/cmedical/305626.html
胜红蓟,https://www.dayi.org.cn/cmedical/303445.html
三叶青,https://www.dayi.org.cn/cmedical/303115.html
醋北柴胡,https://www.dayi.org.cn/cmedical/1156304.html
葶苈子,https://www.dayi.org.cn/cmedical/304088.html
干姜,https://www.dayi.org.cn/cmedical/301009.html
威灵仙,https://www.dayi.org.cn/cmedical/304299.html
茅草根,https://www.dayi.org.cn/cmedical/1156177.html
牛大力,https://www.dayi.org.cn/cmedical/302533.html
焦山楂,https://www.dayi.org.cn/cmedical/1155784.html
槟榔,https://www.dayi.org.cn/cmedical/300155.html
太子参,https://www.dayi.org.cn/cmedical/1155615.html
杠板归,https://www.dayi.org.cn/cmedical/301025.html
山黄麻,https://www.dayi.org.cn/cmedical/303247.html
鹿筋,https://www.dayi.org.cn/cmedical/301951.html
生附子,https://www.dayi.org.cn/cmedical/1155794.html
紫花堇菜,https://www.dayi.org.cn/cmedical/306023.html
瓜蒌,https://www.dayi.org.cn/cmedical/1114152.html
石硫磺,https://www.dayi.org.cn/cmedical/1155699.html
炒白扁豆,https://www.dayi.org.cn/cmedical/1156282.html
大枣,https://www.dayi.org.cn/cmedical/1113944.html
通草,https://www.dayi.org.cn/cmedical/304089.html
水蛭,https://www.dayi.org.cn/cmedical/303782.html
炒莱菔子,https://www.dayi.org.cn/cmedical/1155795.html
牛蒡子,https://www.dayi.org.cn/cmedical/302526.html
石仙桃,https://www.dayi.org.cn/cmedical/1155812.html
紫石英,https://www.dayi.org.cn/cmedical/1155650.html
鸡内金,https://www.dayi.org.cn/cmedical/301412.html
蟾蜍草,https://www.dayi.org.cn/cmedical/1155712.html
羊肚菌,https://www.dayi.org.cn/cmedical/305191.html
姜黄,https://www.dayi.org.cn/cmedical/301421.html
阿胶珠,https://www.dayi.org.cn/cmedical/1156136.html
郁李仁,https://www.dayi.org.cn/cmedical/1116210.html
香樟,https://www.dayi.org.cn/cmedical/1115331.html
鹿衔草,https://www.dayi.org.cn/cmedical/301955.html
柚皮,https://www.dayi.org.cn/cmedical/305523.html
石膏,https://www.dayi.org.cn/cmedical/303485.html
乌灵参,https://www.dayi.org.cn/cmedical/304368.html
竹根七,https://www.dayi.org.cn/cmedical/305936.html
过江龙,https://www.dayi.org.cn/cmedical/1114166.html
泥鳅,https://www.dayi.org.cn/cmedical/302495.html
松子仁,https://www.dayi.org.cn/cmedical/1117235.html
防风,https://www.dayi.org.cn/cmedical/300835.html
冬凌草,https://www.dayi.org.cn/cmedical/300608.html
山茶花,https://www.dayi.org.cn/cmedical/1115308.html
苦荞麦,https://www.dayi.org.cn/cmedical/1117319.html
侧柏叶,https://www.dayi.org.cn/cmedical/300167.html
薄荷,https://www.dayi.org.cn/cmedical/300144.html
人工牛黄,https://www.dayi.org.cn/cmedical/1155778.html
生麦芽,https://www.dayi.org.cn/cmedical/1155961.html
槐米,https://www.dayi.org.cn/cmedical/1114313.html
淡附片,https://www.dayi.org.cn/cmedical/1152191.html
沉香,https://www.dayi.org.cn/cmedical/300174.html
升麻,https://www.dayi.org.cn/cmedical/303436.html
冬瓜子,https://www.dayi.org.cn/cmedical/1114060.html
白蒿,https://www.dayi.org.cn/cmedical/1113506.html
番泻叶,https://www.dayi.org.cn/cmedical/1114102.html
龙须藤,https://www.dayi.org.cn/cmedical/1116707.html
桃仁,https://www.dayi.org.cn/cmedical/303957.html
盐菟丝子,https://www.dayi.org.cn/cmedical/1156023.html
蛇床子,https://www.dayi.org.cn/cmedical/303387.html
鸡娃草,https://www.dayi.org.cn/cmedical/1114693.html
生龙骨,https://www.dayi.org.cn/cmedical/1156068.html
芦根,https://www.dayi.org.cn/cmedical/301918.html
辛夷,https://www.dayi.org.cn/cmedical/304955.html
青钱柳,https://www.dayi.org.cn/cmedical/302874.html
西瓜霜,https://www.dayi.org.cn/cmedical/304517.html
牡蒿,https://www.dayi.org.cn/cmedical/302374.html
白屈菜,https://www.dayi.org.cn/cmedical/1113607.html
浮小麦,https://www.dayi.org.cn/cmedical/300942.html
朱砂,https://www.dayi.org.cn/cmedical/305902.html
炒鸡内金,https://www.dayi.org.cn/cmedical/1156312.html
细辛,https://www.dayi.org.cn/cmedical/304565.html
鬼针草,https://www.dayi.org.cn/cmedical/301151.html
瓜子金,https://www.dayi.org.cn/cmedical/1116040.html
鹅不食草,https://www.dayi.org.cn/cmedical/300768.html
干鱼腥草,https://www.dayi.org.cn/cmedical/1156110.html
藿香,https://www.dayi.org.cn/cmedical/301406.html
普洱茶,https://www.dayi.org.cn/cmedical/302735.html
诃子,https://www.dayi.org.cn/cmedical/301176.html
玄参,https://www.dayi.org.cn/cmedical/305010.html
钩藤,https://www.dayi.org.cn/cmedical/1155649.html
洋甘菊,https://www.dayi.org.cn/cmedical/1155772.html
镜面草,https://www.dayi.org.cn/cmedical/301486.html
艾叶,https://www.dayi.org.cn/cmedical/300037.html
藏红花,https://www.dayi.org.cn/cmedical/1155664.html
醋龟甲,https://www.dayi.org.cn/cmedical/1155989.html
川牛膝,https://www.dayi.org.cn/cmedical/300189.html
闭鞘姜,https://www.dayi.org.cn/cmedical/1116806.html
百合,https://www.dayi.org.cn/cmedical/300136.html
云母石,https://www.dayi.org.cn/cmedical/1117253.html
鹅管石,https://www.dayi.org.cn/cmedical/1117966.html
鳙鱼,https://www.dayi.org.cn/cmedical/1118004.html
红娘子,https://www.dayi.org.cn/cmedical/1117918.html
海龙,https://www.dayi.org.cn/cmedical/1117881.html
马鞭草,https://www.dayi.org.cn/cmedical/1114734.html
海藻,https://www.dayi.org.cn/cmedical/1155637.html
刘寄奴,https://www.dayi.org.cn/cmedical/1114653.html
芫花,https://www.dayi.org.cn/cmedical/1116183.html
西红花,https://www.dayi.org.cn/cmedical/1115483.html
五灵脂,https://www.dayi.org.cn/cmedical/1118127.html
羚羊角,https://www.dayi.org.cn/cmedical/1155648.html
银柴胡,https://www.dayi.org.cn/cmedical/1116137.html
白鹤菌,https://www.dayi.org.cn/cmedical/1116411.html
白荷花露,https://www.dayi.org.cn/cmedical/1113508.html
白蒿花,https://www.dayi.org.cn/cmedical/1116238.html
紫楠,https://www.dayi.org.cn/cmedical/1115538.html
紫茉莉,https://www.dayi.org.cn/cmedical/1116799.html
紫青藤根,https://www.dayi.org.cn/cmedical/1115534.html
紫苏梗,https://www.dayi.org.cn/cmedical/1116366.html
白果紫草,https://www.dayi.org.cn/cmedical/1116757.html
紫萁贯众,https://www.dayi.org.cn/cmedical/1116362.html
紫杉,https://www.dayi.org.cn/cmedical/1115535.html
紫三角,https://www.dayi.org.cn/cmedical/1116745.html
白果叶,https://www.dayi.org.cn/cmedical/1113507.html
紫萁,https://www.dayi.org.cn/cmedical/1116920.html
白果槲寄生,https://www.dayi.org.cn/cmedical/1116124.html
白果树皮,https://www.dayi.org.cn/cmedical/1113505.html
棕树根,https://www.dayi.org.cn/cmedical/1115544.html
白豆蔻,https://www.dayi.org.cn/cmedical/1113501.html
白菖,https://www.dayi.org.cn/cmedical/1113493.html
白地紫菀,https://www.dayi.org.cn/cmedical/1113496.html
紫阳花,https://www.dayi.org.cn/cmedical/1116849.html
紫香薷,https://www.dayi.org.cn/cmedical/1117131.html
白豆蔻壳,https://www.dayi.org.cn/cmedical/1113498.html
紫玉盘,https://www.dayi.org.cn/cmedical/1117494.html
白豆,https://www.dayi.org.cn/cmedical/1113497.html
白常山,https://www.dayi.org.cn/cmedical/1113494.html
紫苏叶,https://www.dayi.org.cn/cmedical/1116369.html
白侧耳,https://www.dayi.org.cn/cmedical/1113492.html
白带草,https://www.dayi.org.cn/cmedical/1116280.html
紫油木,https://www.dayi.org.cn/cmedical/1117274.html
白刺花叶,https://www.dayi.org.cn/cmedical/1113495.html
紫云英马蓝,https://www.dayi.org.cn/cmedical/1116930.html
白垩,https://www.dayi.org.cn/cmedical/1117786.html
白桂木根,https://www.dayi.org.cn/cmedical/1116310.html
紫筒草根,https://www.dayi.org.cn/cmedical/1115539.html
白粉蝶,https://www.dayi.org.cn/cmedical/1115641.html
祖司麻,https://www.dayi.org.cn/cmedical/1115546.html
白补药,https://www.dayi.org.cn/cmedical/1113490.html
安息香,https://www.dayi.org.cn/cmedical/1113500.html
走马胎,https://www.dayi.org.cn/cmedical/1116402.html
桉油,https://www.dayi.org.cn/cmedical/1116662.html
八仙草,https://www.dayi.org.cn/cmedical/1113743.html
白背青荚叶,https://www.dayi.org.cn/cmedical/1116456.html
白背枫,https://www.dayi.org.cn/cmedical/1117281.html
白草莓,https://www.dayi.org.cn/cmedical/1113491.html
白草根,https://www.dayi.org.cn/cmedical/1117425.html
白苞筋骨草,https://www.dayi.org.cn/cmedical/1115568.html
走边疆,https://www.dayi.org.cn/cmedical/1115273.html
走马芹,https://www.dayi.org.cn/cmedical/1115875.html
棕竹,https://www.dayi.org.cn/cmedical/1115845.html
八月瓜,https://www.dayi.org.cn/cmedical/1116356.html
白背杨,https://www.dayi.org.cn/cmedical/1113485.html
白萆薢,https://www.dayi.org.cn/cmedical/1113487.html
粽巴叶,https://www.dayi.org.cn/cmedical/1115543.html
白背三七茎叶,https://www.dayi.org.cn/cmedical/1113486.html
棕叶狗尾草,https://www.dayi.org.cn/cmedical/1117362.html
总状土木香,https://www.dayi.org.cn/cmedical/1115545.html
白草,https://www.dayi.org.cn/cmedical/1116259.html
走茎丹参,https://www.dayi.org.cn/cmedical/1115274.html
白背小报春,https://www.dayi.org.cn/cmedical/1116316.html
臭灵丹,https://www.dayi.org.cn/cmedical/1113640.html
木通,https://www.dayi.org.cn/cmedical/302437.html
酸模叶,https://www.dayi.org.cn/cmedical/303876.html
红毛草,https://www.dayi.org.cn/cmedical/301207.html
肾精子,https://www.dayi.org.cn/cmedical/303430.html
剪刀股,https://www.dayi.org.cn/cmedical/1143078.html
橄榄仁,https://www.dayi.org.cn/cmedical/301002.html
黄鲴鱼,https://www.dayi.org.cn/cmedical/301337.html
石斑鱼,https://www.dayi.org.cn/cmedical/303461.html
马勃,https://www.dayi.org.cn/cmedical/302023.html
羊肺,https://www.dayi.org.cn/cmedical/1117841.html
河豚目,https://www.dayi.org.cn/cmedical/1117846.html
天泡子,https://www.dayi.org.cn/cmedical/1123693.html
通花根,https://www.dayi.org.cn/cmedical/304096.html
石蒟,https://www.dayi.org.cn/cmedical/303501.html
大团囊虫草,https://www.dayi.org.cn/cmedical/300279.html
白马阴茎,https://www.dayi.org.cn/cmedical/1118050.html
鹿脂,https://www.dayi.org.cn/cmedical/1117819.html
蟾蜍,https://www.dayi.org.cn/cmedical/1118092.html
鹿头肉,https://www.dayi.org.cn/cmedical/1117815.html
熊肉,https://www.dayi.org.cn/cmedical/1117813.html
蟾蜍胆,https://www.dayi.org.cn/cmedical/1117828.html
霸王七,https://www.dayi.org.cn/cmedical/1124364.html
蔷薇花,https://www.dayi.org.cn/cmedical/1123621.html
豹骨,https://www.dayi.org.cn/cmedical/1117908.html
河豚子,https://www.dayi.org.cn/cmedical/1117847.html
石筋草,https://www.dayi.org.cn/cmedical/303500.html
断肠草,https://www.dayi.org.cn/cmedical/1123955.html
河豚鱼肝油,https://www.dayi.org.cn/cmedical/1117845.html
脆蛇,https://www.dayi.org.cn/cmedical/1117822.html
鳖脂,https://www.dayi.org.cn/cmedical/1117812.html
搜山虎,https://www.dayi.org.cn/cmedical/1123670.html
羊肚,https://www.dayi.org.cn/cmedical/1117838.html
蟾蜍肝,https://www.dayi.org.cn/cmedical/1117825.html
小果白刺,https://www.dayi.org.cn/cmedical/304780.html
宝塔花,https://www.dayi.org.cn/cmedical/300145.html
鳖血,https://www.dayi.org.cn/cmedical/1117807.html
熊筋,https://www.dayi.org.cn/cmedical/1117814.html
鸡（土从）,https://www.dayi.org.cn/cmedical/1115282.html
猕猴肉,https://www.dayi.org.cn/cmedical/1117832.html
羊皮,https://www.dayi.org.cn/cmedical/1117843.html
慈乌,https://www.dayi.org.cn/cmedical/1117816.html
人面子,https://www.dayi.org.cn/cmedical/302990.html
豹肉,https://www.dayi.org.cn/cmedical/1117833.html
蚌肉,https://www.dayi.org.cn/cmedical/1117829.html
羊骨,https://www.dayi.org.cn/cmedical/1117839.html
梧桐子,https://www.dayi.org.cn/cmedical/1115309.html
射尿（虫另）,https://www.dayi.org.cn/cmedical/1115856.html
菠菜子,https://www.dayi.org.cn/cmedical/1124365.html
水翁花,https://www.dayi.org.cn/cmedical/303756.html
河豚,https://www.dayi.org.cn/cmedical/1117844.html
西南毛茛,https://www.dayi.org.cn/cmedical/304524.html
矮柳穿鱼,https://www.dayi.org.cn/cmedical/300022.html
羖羊角,https://www.dayi.org.cn/cmedical/1118097.html
蟾皮,https://www.dayi.org.cn/cmedical/1117821.html
白花蛇目睛,https://www.dayi.org.cn/cmedical/1117958.html
玳瑁,https://www.dayi.org.cn/cmedical/1117827.html
山黄豆藤,https://www.dayi.org.cn/cmedical/303245.html
夹蛇龟肉,https://www.dayi.org.cn/cmedical/1117835.html
狗脑,https://www.dayi.org.cn/cmedical/1118052.html
鹿皮,https://www.dayi.org.cn/cmedical/1117820.html
熊脂,https://www.dayi.org.cn/cmedical/1117856.html
鳖胆,https://www.dayi.org.cn/cmedical/1117809.html
野猪皮,https://www.dayi.org.cn/cmedical/1123696.html
鳖肉,https://www.dayi.org.cn/cmedical/1117808.html
小果倒地铃,https://www.dayi.org.cn/cmedical/304781.html
梧桐花,https://www.dayi.org.cn/cmedical/1123695.html
鳖头,https://www.dayi.org.cn/cmedical/1118019.html
狗齿,https://www.dayi.org.cn/cmedical/1118058.html
白鹅膏,https://www.dayi.org.cn/cmedical/1118075.html
八目鳗,https://www.dayi.org.cn/cmedical/1117942.html
水翁叶,https://www.dayi.org.cn/cmedical/303758.html
蚌泪,https://www.dayi.org.cn/cmedical/1117831.html
葎草花,https://www.dayi.org.cn/cmedical/1114726.html
马尾连,https://www.dayi.org.cn/cmedical/1008811.html
水苏,https://www.dayi.org.cn/cmedical/1123635.html
顶果膜蕨,https://www.dayi.org.cn/cmedical/300559.html
蟾头,https://www.dayi.org.cn/cmedical/1117823.html
鹿靥,https://www.dayi.org.cn/cmedical/1117817.html
钻天杨,https://www.dayi.org.cn/cmedical/306119.html
羊胆,https://www.dayi.org.cn/cmedical/1117837.html
霸王鞭,https://www.dayi.org.cn/cmedical/1124361.html
霸王根,https://www.dayi.org.cn/cmedical/1124362.html
田唇乌蝇翼,https://www.dayi.org.cn/cmedical/304013.html
狼紫草,https://www.dayi.org.cn/cmedical/301713.html
鸐雉,https://www.dayi.org.cn/cmedical/300405.html
蟾舌,https://www.dayi.org.cn/cmedical/1117826.html
羊脬,https://www.dayi.org.cn/cmedical/1117842.html
狗乳汁,https://www.dayi.org.cn/cmedical/1118056.html
鹿尾,https://www.dayi.org.cn/cmedical/1118082.html
光梗丝石竹,https://www.dayi.org.cn/cmedical/301096.html
万年柏,https://www.dayi.org.cn/cmedical/304269.html
檵木叶,https://www.dayi.org.cn/cmedical/1114432.html
云南柴桂,https://www.dayi.org.cn/cmedical/305636.html
狗毛,https://www.dayi.org.cn/cmedical/1118053.html
鳖卵,https://www.dayi.org.cn/cmedical/1117811.html
山黄菊,https://www.dayi.org.cn/cmedical/303246.html
鹿胎,https://www.dayi.org.cn/cmedical/1118086.html
蚌粉,https://www.dayi.org.cn/cmedical/1117830.html
西南山茶,https://www.dayi.org.cn/cmedical/304525.html
大花列当,https://www.dayi.org.cn/cmedical/300227.html
塘虱鱼,https://www.dayi.org.cn/cmedical/1123672.html
熊骨,https://www.dayi.org.cn/cmedical/1118088.html
碗蕨,https://www.dayi.org.cn/cmedical/304268.html
跌打草,https://www.dayi.org.cn/cmedical/300535.html
白花蛇头,https://www.dayi.org.cn/cmedical/1117957.html
熊掌,https://www.dayi.org.cn/cmedical/1118087.html
满山红根,https://www.dayi.org.cn/cmedical/302097.html
水翁皮,https://www.dayi.org.cn/cmedical/303757.html
东川蒿,https://www.dayi.org.cn/cmedical/300579.html
鼺鼠,https://www.dayi.org.cn/cmedical/1117898.html
大黄蜂子,https://www.dayi.org.cn/cmedical/1117824.html
山花生,https://www.dayi.org.cn/cmedical/303244.html
鲃鱼,https://www.dayi.org.cn/cmedical/1117806.html
慈乌胆,https://www.dayi.org.cn/cmedical/1117818.html
熊脑,https://www.dayi.org.cn/cmedical/1117803.html
墨七,https://www.dayi.org.cn/cmedical/1123616.html
水麻䒒,https://www.dayi.org.cn/cmedical/1115663.html
鹿蹄肉,https://www.dayi.org.cn/cmedical/1117805.html
满山红,https://www.dayi.org.cn/cmedical/302096.html
檵木根,https://www.dayi.org.cn/cmedical/1114434.html
滇崖爬藤,https://www.dayi.org.cn/cmedical/300513.html
赛莨菪,https://www.dayi.org.cn/cmedical/303055.html
鳕鱼,https://www.dayi.org.cn/cmedical/305036.html
商陆,https://www.dayi.org.cn/cmedical/1124358.html
大叶青木香,https://www.dayi.org.cn/cmedical/300308.html
蛞蝓,https://www.dayi.org.cn/cmedical/1117834.html
羊肝,https://www.dayi.org.cn/cmedical/1117836.html
热带灵芝,https://www.dayi.org.cn/cmedical/302989.html
黄明胶,https://www.dayi.org.cn/cmedical/1117849.html
羊脑,https://www.dayi.org.cn/cmedical/1117840.html
夹蛇龟,https://www.dayi.org.cn/cmedical/1118011.html
猕猴骨,https://www.dayi.org.cn/cmedical/1117953.html
松鼠,https://www.dayi.org.cn/cmedical/1123639.html
保山乌头,https://www.dayi.org.cn/cmedical/300146.html
鳕鱼鳔,https://www.dayi.org.cn/cmedical/305037.html
狗肾,https://www.dayi.org.cn/cmedical/1118054.html
镰叶瘤足蕨,https://www.dayi.org.cn/cmedical/301814.html
蚱蝉,https://www.dayi.org.cn/cmedical/305711.html
竹兰草,https://www.dayi.org.cn/cmedical/305948.html
败酱草,https://www.dayi.org.cn/cmedical/300138.html
银叶柳,https://www.dayi.org.cn/cmedical/305452.html
高山紫菀,https://www.dayi.org.cn/cmedical/301042.html
鹅掌楸根,https://www.dayi.org.cn/cmedical/300787.html
苦茄,https://www.dayi.org.cn/cmedical/301604.html
羊耳菊,https://www.dayi.org.cn/cmedical/305192.html
化血胆,https://www.dayi.org.cn/cmedical/301298.html
化香树果,https://www.dayi.org.cn/cmedical/301296.html
睡菜根,https://www.dayi.org.cn/cmedical/303789.html
化气兰,https://www.dayi.org.cn/cmedical/301294.html
美人蕉,https://www.dayi.org.cn/cmedical/302271.html
高山羊不吃,https://www.dayi.org.cn/cmedical/301041.html
蛾药,https://www.dayi.org.cn/cmedical/300789.html
苦菜花子,https://www.dayi.org.cn/cmedical/301564.html
鹅涎,https://www.dayi.org.cn/cmedical/300784.html
雷公七,https://www.dayi.org.cn/cmedical/306178.html
夏天无,https://www.dayi.org.cn/cmedical/304619.html
化州橘红,https://www.dayi.org.cn/cmedical/301300.html
金榭榴,https://www.dayi.org.cn/cmedical/301437.html
密纹薄芝,https://www.dayi.org.cn/cmedical/302322.html
牛王肺筋草,https://www.dayi.org.cn/cmedical/302579.html
毛桐,https://www.dayi.org.cn/cmedical/302203.html
鹅掌楸,https://www.dayi.org.cn/cmedical/300786.html
榧子,https://www.dayi.org.cn/cmedical/300862.html
密花山矾,https://www.dayi.org.cn/cmedical/302313.html
地莓子,https://www.dayi.org.cn/cmedical/306217.html
柞木根,https://www.dayi.org.cn/cmedical/305703.html
洪连,https://www.dayi.org.cn/cmedical/301268.html
牛舌癀,https://www.dayi.org.cn/cmedical/302573.html
金腰带,https://www.dayi.org.cn/cmedical/301439.html
化香树,https://www.dayi.org.cn/cmedical/301295.html
化药,https://www.dayi.org.cn/cmedical/301299.html
空心柳,https://www.dayi.org.cn/cmedical/301549.html
牛尾菜,https://www.dayi.org.cn/cmedical/302580.html
广西美登木,https://www.dayi.org.cn/cmedical/301134.html
紫苏子,https://www.dayi.org.cn/cmedical/306061.html
槭叶止血草,https://www.dayi.org.cn/cmedical/302780.html
马鬃,https://www.dayi.org.cn/cmedical/302062.html
密陀僧,https://www.dayi.org.cn/cmedical/302321.html
鲢鱼,https://www.dayi.org.cn/cmedical/301811.html
安龙香科科,https://www.dayi.org.cn/cmedical/300041.html
鹅血,https://www.dayi.org.cn/cmedical/300785.html
麦角,https://www.dayi.org.cn/cmedical/302077.html
荜澄茄,https://www.dayi.org.cn/cmedical/300150.html
高山唐松草,https://www.dayi.org.cn/cmedical/301039.html
秦皮,https://www.dayi.org.cn/cmedical/302837.html
口蘑,https://www.dayi.org.cn/cmedical/301556.html
藁本,https://www.dayi.org.cn/cmedical/301046.html
牛藤,https://www.dayi.org.cn/cmedical/302575.html
麋骨,https://www.dayi.org.cn/cmedical/302290.html
牛藤果,https://www.dayi.org.cn/cmedical/302576.html
竹节参,https://www.dayi.org.cn/cmedical/305939.html
血竭,https://www.dayi.org.cn/cmedical/305046.html
蚂蝗七,https://www.dayi.org.cn/cmedical/302067.html
燕窝,https://www.dayi.org.cn/cmedical/305186.html
密叶绢藓,https://www.dayi.org.cn/cmedical/302323.html
马缨花,https://www.dayi.org.cn/cmedical/302061.html
密褶红菇,https://www.dayi.org.cn/cmedical/302324.html
毛叶三条筋,https://www.dayi.org.cn/cmedical/302218.html
华山参,https://www.dayi.org.cn/cmedical/301281.html
密马,https://www.dayi.org.cn/cmedical/302315.html
画眉草,https://www.dayi.org.cn/cmedical/301301.html
蚱蜢,https://www.dayi.org.cn/cmedical/305712.html
枳椇子,https://www.dayi.org.cn/cmedical/305864.html
苍耳子,https://www.dayi.org.cn/cmedical/300159.html
廉姜,https://www.dayi.org.cn/cmedical/1114838.html
高山瓦韦,https://www.dayi.org.cn/cmedical/301040.html
马鬃参,https://www.dayi.org.cn/cmedical/302063.html
鹅首马先蒿,https://www.dayi.org.cn/cmedical/300782.html
柽柳,https://www.dayi.org.cn/cmedical/300176.html
紫苏苞,https://www.dayi.org.cn/cmedical/306060.html
翻白草,https://www.dayi.org.cn/cmedical/1008582.html
黄花紫丹参,https://www.dayi.org.cn/cmedical/301372.html
高山芹根,https://www.dayi.org.cn/cmedical/306208.html
井底泥,https://www.dayi.org.cn/cmedical/301480.html
密毛桃叶珊瑚叶,https://www.dayi.org.cn/cmedical/302319.html
代赭石,https://www.dayi.org.cn/cmedical/300329.html
炸腰果,https://www.dayi.org.cn/cmedical/305709.html
青葙子,https://www.dayi.org.cn/cmedical/302891.html
青叶丹,https://www.dayi.org.cn/cmedical/302897.html
竹黄,https://www.dayi.org.cn/cmedical/305937.html
密毛桃叶珊瑚根,https://www.dayi.org.cn/cmedical/302317.html
鸭舌鱼鳖,https://www.dayi.org.cn/cmedical/305086.html
酒,https://www.dayi.org.cn/cmedical/301492.html
天花粉,https://www.dayi.org.cn/cmedical/303980.html
台湾磨盘草,https://www.dayi.org.cn/cmedical/303912.html
砂漏芦,https://www.dayi.org.cn/cmedical/303181.html
木瓜枝,https://www.dayi.org.cn/cmedical/302406.html
茄稞虫,https://www.dayi.org.cn/cmedical/302831.html
孔公孽,https://www.dayi.org.cn/cmedical/301553.html
马醉木,https://www.dayi.org.cn/cmedical/302065.html
披散糖荠,https://www.dayi.org.cn/cmedical/302663.html
鄂豆根,https://www.dayi.org.cn/cmedical/300793.html
鹅腿骨,https://www.dayi.org.cn/cmedical/300783.html
乳香,https://www.dayi.org.cn/cmedical/303028.html
马鬃蛇,https://www.dayi.org.cn/cmedical/302064.html
丁香油,https://www.dayi.org.cn/cmedical/300556.html
脐带,https://www.dayi.org.cn/cmedical/302771.html
鸡矢藤,https://www.dayi.org.cn/cmedical/301415.html
牛屎树,https://www.dayi.org.cn/cmedical/302574.html
苦丁,https://www.dayi.org.cn/cmedical/301570.html
萼果香薷,https://www.dayi.org.cn/cmedical/300796.html
莲衣,https://www.dayi.org.cn/cmedical/1114845.html
川贝母,https://www.dayi.org.cn/cmedical/300184.html
密毛桃叶珊瑚果,https://www.dayi.org.cn/cmedical/302318.html
白刺,https://www.dayi.org.cn/cmedical/306220.html
孔雀草,https://www.dayi.org.cn/cmedical/301554.html
孔雀尾,https://www.dayi.org.cn/cmedical/301555.html
红石耳,https://www.dayi.org.cn/cmedical/306201.html
高原鸢尾子,https://www.dayi.org.cn/cmedical/301044.html
太阳针,https://www.dayi.org.cn/cmedical/303934.html
空心苋,https://www.dayi.org.cn/cmedical/301552.html
镰萼虾脊兰,https://www.dayi.org.cn/cmedical/301812.html
空心泡,https://www.dayi.org.cn/cmedical/301551.html
鹅掌上黄皮,https://www.dayi.org.cn/cmedical/300788.html
岩丸子,https://www.dayi.org.cn/cmedical/305155.html
高原蚤缀,https://www.dayi.org.cn/cmedical/301045.html
大花活血丹,https://www.dayi.org.cn/cmedical/300226.html
化香树叶,https://www.dayi.org.cn/cmedical/301297.html
空心木,https://www.dayi.org.cn/cmedical/301550.html
牛蹄,https://www.dayi.org.cn/cmedical/302577.html
莲座革菌,https://www.dayi.org.cn/cmedical/301809.html
蚂蚁,https://www.dayi.org.cn/cmedical/302068.html
牛蹄甲,https://www.dayi.org.cn/cmedical/302578.html
莲子草,https://www.dayi.org.cn/cmedical/301807.html
竹叶椒,https://www.dayi.org.cn/cmedical/305963.html
朴消,https://www.dayi.org.cn/cmedical/302734.html
可爱花,https://www.dayi.org.cn/cmedical/301545.html
牛蒡茎叶,https://www.dayi.org.cn/cmedical/302525.html
冷水花,https://www.dayi.org.cn/cmedical/301761.html
复叶耳蕨,https://www.dayi.org.cn/cmedical/300955.html
华罂粟,https://www.dayi.org.cn/cmedical/301284.html
美穗草,https://www.dayi.org.cn/cmedical/302276.html
菊花暗消,https://www.dayi.org.cn/cmedical/301504.html
鹅肉,https://www.dayi.org.cn/cmedical/300781.html
拟囊果芹,https://www.dayi.org.cn/cmedical/302498.html
桔梗芦头,https://www.dayi.org.cn/cmedical/301502.html
开口箭,https://www.dayi.org.cn/cmedical/301531.html
黎辣根,https://www.dayi.org.cn/cmedical/301766.html
短枝六道木,https://www.dayi.org.cn/cmedical/300696.html
美丽胡枝子花,https://www.dayi.org.cn/cmedical/302268.html
对马耳蕨,https://www.dayi.org.cn/cmedical/300710.html
高山辣根菜,https://www.dayi.org.cn/cmedical/301036.html
高山柏,https://www.dayi.org.cn/cmedical/306212.html
落霜红根,https://www.dayi.org.cn/cmedical/302002.html
峨屏草,https://www.dayi.org.cn/cmedical/300764.html
卷柏,https://www.dayi.org.cn/cmedical/301527.html
漆叶,https://www.dayi.org.cn/cmedical/302760.html
鹅臎,https://www.dayi.org.cn/cmedical/300769.html
毛轴莎草,https://www.dayi.org.cn/cmedical/302230.html
红瑞木果,https://www.dayi.org.cn/cmedical/301233.html
红头小仙,https://www.dayi.org.cn/cmedical/301245.html
梅叶,https://www.dayi.org.cn/cmedical/302262.html
米仔兰,https://www.dayi.org.cn/cmedical/302306.html
老虎俐,https://www.dayi.org.cn/cmedical/301721.html
老鼠吹箫,https://www.dayi.org.cn/cmedical/306189.html
甘土,https://www.dayi.org.cn/cmedical/300981.html
甘木通,https://www.dayi.org.cn/cmedical/300975.html
马牙贯众,https://www.dayi.org.cn/cmedical/302058.html
竻慈姑,https://www.dayi.org.cn/cmedical/301739.html
红毛鸡,https://www.dayi.org.cn/cmedical/301209.html
罗汉松叶,https://www.dayi.org.cn/cmedical/301976.html
冷蕨,https://www.dayi.org.cn/cmedical/301758.html
老鼠脚迹,https://www.dayi.org.cn/cmedical/306187.html
栗荴,https://www.dayi.org.cn/cmedical/301784.html
柑皮,https://www.dayi.org.cn/cmedical/300989.html
鹅喉管,https://www.dayi.org.cn/cmedical/300774.html
老枪谷子,https://www.dayi.org.cn/cmedical/301730.html
鳆鱼,https://www.dayi.org.cn/cmedical/300963.html
密花轮环藤,https://www.dayi.org.cn/cmedical/302311.html
雷蘑,https://www.dayi.org.cn/cmedical/301747.html
蜢臂兰,https://www.dayi.org.cn/cmedical/302284.html
钝叶草,https://www.dayi.org.cn/cmedical/300725.html
花蜘蛛,https://www.dayi.org.cn/cmedical/301279.html
罗裙带根,https://www.dayi.org.cn/cmedical/301982.html
鳡鱼,https://www.dayi.org.cn/cmedical/301003.html
酒饼婆,https://www.dayi.org.cn/cmedical/301493.html
藜茎,https://www.dayi.org.cn/cmedical/301770.html
栗树皮,https://www.dayi.org.cn/cmedical/301790.html
连蕊茶,https://www.dayi.org.cn/cmedical/301797.html
冷饭果,https://www.dayi.org.cn/cmedical/301756.html
华紫报春花,https://www.dayi.org.cn/cmedical/301287.html
毛足铁线蕨,https://www.dayi.org.cn/cmedical/302233.html
牛耳枫枝叶,https://www.dayi.org.cn/cmedical/302542.html
马棘,https://www.dayi.org.cn/cmedical/302039.html
咳嗽草,https://www.dayi.org.cn/cmedical/301543.html
麻柳叶,https://www.dayi.org.cn/cmedical/302017.html
牛耳枫子,https://www.dayi.org.cn/cmedical/302543.html
蒙自草胡椒,https://www.dayi.org.cn/cmedical/302280.html
红粘谷子,https://www.dayi.org.cn/cmedical/301263.html
红树果,https://www.dayi.org.cn/cmedical/301236.html
犁头草,https://www.dayi.org.cn/cmedical/301763.html
冷地卫矛,https://www.dayi.org.cn/cmedical/301754.html
麋脂,https://www.dayi.org.cn/cmedical/302294.html
萝芙木茎叶,https://www.dayi.org.cn/cmedical/301988.html
螺蛳,https://www.dayi.org.cn/cmedical/301990.html
密脉鹅掌柴,https://www.dayi.org.cn/cmedical/302316.html
罗汉松根皮,https://www.dayi.org.cn/cmedical/301974.html
对生耳蕨,https://www.dayi.org.cn/cmedical/300712.html
槭叶草,https://www.dayi.org.cn/cmedical/302779.html
甘草梢,https://www.dayi.org.cn/cmedical/300969.html
红苕母子,https://www.dayi.org.cn/cmedical/301244.html
红毛五加皮,https://www.dayi.org.cn/cmedical/301213.html
柯榔木,https://www.dayi.org.cn/cmedical/301540.html
牛奶菜,https://www.dayi.org.cn/cmedical/302564.html
马骨,https://www.dayi.org.cn/cmedical/302035.html
菊花苗,https://www.dayi.org.cn/cmedical/301508.html
多花筋骨草,https://www.dayi.org.cn/cmedical/300734.html
蕲蛇,https://www.dayi.org.cn/cmedical/302773.html
景三七,https://www.dayi.org.cn/cmedical/301482.html
荆芥叶莸,https://www.dayi.org.cn/cmedical/301475.html
华风车子,https://www.dayi.org.cn/cmedical/301280.html
丽江黄芩,https://www.dayi.org.cn/cmedical/301775.html
红血藤,https://www.dayi.org.cn/cmedical/301251.html
红叶树子,https://www.dayi.org.cn/cmedical/301255.html
锦香草,https://www.dayi.org.cn/cmedical/301465.html
华中瘤足蕨,https://www.dayi.org.cn/cmedical/301286.html
岗边菊,https://www.dayi.org.cn/cmedical/301018.html
柠檬桉树脂,https://www.dayi.org.cn/cmedical/302510.html
茅栗叶,https://www.dayi.org.cn/cmedical/302241.html
丽江山慈菇,https://www.dayi.org.cn/cmedical/301777.html
花椒,https://www.dayi.org.cn/cmedical/301277.html
栲栗叶,https://www.dayi.org.cn/cmedical/301538.html
牛胞衣,https://www.dayi.org.cn/cmedical/302527.html
丽江青木香,https://www.dayi.org.cn/cmedical/301776.html
罗望子,https://www.dayi.org.cn/cmedical/301985.html
逆阿落,https://www.dayi.org.cn/cmedical/302500.html
对叶榕,https://www.dayi.org.cn/cmedical/300718.html
峨眉黄芩,https://www.dayi.org.cn/cmedical/300760.html
罗望子叶黄檀,https://www.dayi.org.cn/cmedical/301986.html
红云草,https://www.dayi.org.cn/cmedical/301260.html
麻鱼骨,https://www.dayi.org.cn/cmedical/302021.html
梦花根,https://www.dayi.org.cn/cmedical/302286.html
峨参叶,https://www.dayi.org.cn/cmedical/300757.html
罗裙带,https://www.dayi.org.cn/cmedical/301981.html
对节叶根,https://www.dayi.org.cn/cmedical/300709.html
多穗石柯茎,https://www.dayi.org.cn/cmedical/300748.html
对叶豆,https://www.dayi.org.cn/cmedical/300715.html
甘露子,https://www.dayi.org.cn/cmedical/300974.html
七星剑,https://www.dayi.org.cn/cmedical/302745.html
茎花来江藤,https://www.dayi.org.cn/cmedical/301469.html
马瓞儿,https://www.dayi.org.cn/cmedical/302030.html
对节叶,https://www.dayi.org.cn/cmedical/300708.html
干苔,https://www.dayi.org.cn/cmedical/301012.html
马桑树皮,https://www.dayi.org.cn/cmedical/302051.html
莲花,https://www.dayi.org.cn/cmedical/301801.html
复羽叶栾树,https://www.dayi.org.cn/cmedical/300957.html
蝮蛇骨,https://www.dayi.org.cn/cmedical/300960.html
葎草,https://www.dayi.org.cn/cmedical/302010.html
楠木皮,https://www.dayi.org.cn/cmedical/302489.html
栗毛球,https://www.dayi.org.cn/cmedical/301788.html
马蛋果,https://www.dayi.org.cn/cmedical/302026.html
桤木枝梢,https://www.dayi.org.cn/cmedical/302753.html
峨眉香料,https://www.dayi.org.cn/cmedical/300762.html
峨眉紫金牛,https://www.dayi.org.cn/cmedical/300763.html
马耳草,https://www.dayi.org.cn/cmedical/302033.html
牛毛草,https://www.dayi.org.cn/cmedical/302560.html
蝮蛇皮,https://www.dayi.org.cn/cmedical/300961.html
华卫矛,https://www.dayi.org.cn/cmedical/301282.html
红树皮,https://www.dayi.org.cn/cmedical/301237.html
密花美登木,https://www.dayi.org.cn/cmedical/302312.html
柠檬桉叶,https://www.dayi.org.cn/cmedical/302511.html
七叶莲,https://www.dayi.org.cn/cmedical/302746.html
红小麻,https://www.dayi.org.cn/cmedical/301250.html
牛轭草,https://www.dayi.org.cn/cmedical/302535.html
麒麟尾,https://www.dayi.org.cn/cmedical/302777.html
菊花根,https://www.dayi.org.cn/cmedical/301506.html
犁头尖,https://www.dayi.org.cn/cmedical/301764.html
红杉,https://www.dayi.org.cn/cmedical/301234.html
栲栗,https://www.dayi.org.cn/cmedical/301536.html
鸟不企,https://www.dayi.org.cn/cmedical/302503.html
牛白藤根,https://www.dayi.org.cn/cmedical/302521.html
麻柳果,https://www.dayi.org.cn/cmedical/302015.html
七爪风,https://www.dayi.org.cn/cmedical/302751.html
牛金子,https://www.dayi.org.cn/cmedical/302552.html
锦线镖,https://www.dayi.org.cn/cmedical/301464.html
甘蓝,https://www.dayi.org.cn/cmedical/300973.html
帘子藤,https://www.dayi.org.cn/cmedical/301799.html
离根香,https://www.dayi.org.cn/cmedical/301762.html
骆驼肉,https://www.dayi.org.cn/cmedical/301996.html
多叶花椒,https://www.dayi.org.cn/cmedical/300752.html
牛背鹭,https://www.dayi.org.cn/cmedical/302528.html
橄榄核,https://www.dayi.org.cn/cmedical/301000.html
红薯细辛,https://www.dayi.org.cn/cmedical/301235.html
多穗石柯,https://www.dayi.org.cn/cmedical/300745.html
鹅观草,https://www.dayi.org.cn/cmedical/300773.html
牛奶莓,https://www.dayi.org.cn/cmedical/302568.html
绿矾,https://www.dayi.org.cn/cmedical/302004.html