苓桂术甘汤,https://www.dayi.org.cn/prescriptions/901954.html
小青龙汤,https://www.dayi.org.cn/prescriptions/901769.html
二陈汤,https://www.dayi.org.cn/prescriptions/901828.html
白虎汤,https://www.dayi.org.cn/prescriptions/901726.html
温经汤,https://www.dayi.org.cn/prescriptions/901944.html
当归四逆汤,https://www.dayi.org.cn/prescriptions/901716.html
越鞠丸,https://www.dayi.org.cn/prescriptions/1120015.html
沙参麦冬汤,https://www.dayi.org.cn/prescriptions/1118214.html
半夏泻心汤,https://www.dayi.org.cn/prescriptions/901874.html
当归芍药散,https://www.dayi.org.cn/prescriptions/1119134.html
八正散,https://www.dayi.org.cn/prescriptions/901754.html
平胃散,https://www.dayi.org.cn/prescriptions/901790.html
少腹逐瘀汤,https://www.dayi.org.cn/prescriptions/1122715.html
四君子汤,https://www.dayi.org.cn/prescriptions/901810.html
柴胡舒肝丸,https://www.dayi.org.cn/prescriptions/1122194.html
逍遥散,https://www.dayi.org.cn/prescriptions/901932.html
柴胡疏肝散,https://www.dayi.org.cn/prescriptions/901857.html
葛根汤,https://www.dayi.org.cn/prescriptions/900400.html
酸枣仁汤,https://www.dayi.org.cn/prescriptions/901951.html
半夏厚朴汤,https://www.dayi.org.cn/prescriptions/901861.html
茵陈蒿汤,https://www.dayi.org.cn/prescriptions/901938.html
真武汤,https://www.dayi.org.cn/prescriptions/901949.html
补阳还五汤,https://www.dayi.org.cn/prescriptions/901867.html
小建中汤,https://www.dayi.org.cn/prescriptions/901770.html
玉女煎,https://www.dayi.org.cn/prescriptions/901777.html
肾气丸,https://www.dayi.org.cn/prescriptions/901826.html
桂枝汤,https://www.dayi.org.cn/prescriptions/901847.html
天麻钩藤饮,https://www.dayi.org.cn/prescriptions/901541.html
麻黄汤,https://www.dayi.org.cn/prescriptions/901656.html
炙甘草汤,https://www.dayi.org.cn/prescriptions/901942.html
玉屏风散,https://www.dayi.org.cn/prescriptions/901764.html
越婢汤,https://www.dayi.org.cn/prescriptions/1119047.html
独活寄生汤,https://www.dayi.org.cn/prescriptions/901831.html
仙方活命饮,https://www.dayi.org.cn/prescriptions/901773.html
血府逐瘀汤,https://www.dayi.org.cn/prescriptions/901540.html
归脾丸,https://www.dayi.org.cn/prescriptions/1052073.html
天王补心丹,https://www.dayi.org.cn/prescriptions/901948.html
导赤散,https://www.dayi.org.cn/prescriptions/901839.html
百合固金汤,https://www.dayi.org.cn/prescriptions/901547.html
葛根芩连汤,https://www.dayi.org.cn/prescriptions/901863.html
桂枝加龙骨牡蛎汤,https://www.dayi.org.cn/prescriptions/900281.html
增液汤,https://www.dayi.org.cn/prescriptions/1119072.html
四磨汤,https://www.dayi.org.cn/prescriptions/901545.html
清金化痰汤,https://www.dayi.org.cn/prescriptions/1106497.html
二精丸,https://www.dayi.org.cn/prescriptions/1032586.html
桂枝附子汤,https://www.dayi.org.cn/prescriptions/900230.html
牵正散,https://www.dayi.org.cn/prescriptions/901929.html
柴胡温胆汤,https://www.dayi.org.cn/prescriptions/900739.html
桂枝甘草龙骨牡蛎汤,https://www.dayi.org.cn/prescriptions/900155.html
当归六黄汤,https://www.dayi.org.cn/prescriptions/901844.html
芍药甘草汤,https://www.dayi.org.cn/prescriptions/1129348.html
升阳除湿汤,https://www.dayi.org.cn/prescriptions/1129357.html
镇肝熄风汤,https://www.dayi.org.cn/prescriptions/901933.html
补中益气丸,https://www.dayi.org.cn/prescriptions/1031122.html
柴胡桂枝汤,https://www.dayi.org.cn/prescriptions/900993.html
吴茱萸汤,https://www.dayi.org.cn/prescriptions/901767.html
去杖汤,https://www.dayi.org.cn/prescriptions/1050059.html
甘草附子汤,https://www.dayi.org.cn/prescriptions/1050568.html
温胆汤,https://www.dayi.org.cn/prescriptions/901962.html
桃核承气汤,https://www.dayi.org.cn/prescriptions/901812.html
小柴胡汤,https://www.dayi.org.cn/prescriptions/901756.html
痛泻要方,https://www.dayi.org.cn/prescriptions/901787.html
小陷胸汤,https://www.dayi.org.cn/prescriptions/901935.html
复元活血汤,https://www.dayi.org.cn/prescriptions/901840.html
菖蒲郁金汤,https://www.dayi.org.cn/prescriptions/1122128.html
黄芪桂枝五物汤,https://www.dayi.org.cn/prescriptions/901542.html
川连茯苓汤,https://www.dayi.org.cn/prescriptions/900541.html
枇杷清肺饮,https://www.dayi.org.cn/prescriptions/1121205.html
大黄牡丹汤,https://www.dayi.org.cn/prescriptions/901875.html
奔豚汤,https://www.dayi.org.cn/prescriptions/1118725.html
补肺汤,https://www.dayi.org.cn/prescriptions/901379.html
半夏白术天麻汤,https://www.dayi.org.cn/prescriptions/901548.html
辛夷散《济生》,https://www.dayi.org.cn/prescriptions/1065500.html
海藻玉壶汤,https://www.dayi.org.cn/prescriptions/1097363.html
开心散,https://www.dayi.org.cn/prescriptions/1029663.html
定喘汤,https://www.dayi.org.cn/prescriptions/901549.html
金铃子散,https://www.dayi.org.cn/prescriptions/901800.html
止嗽散,https://www.dayi.org.cn/prescriptions/901937.html
白头翁汤,https://www.dayi.org.cn/prescriptions/901752.html
三子养亲汤,https://www.dayi.org.cn/prescriptions/901860.html
射干麻黄汤,https://www.dayi.org.cn/prescriptions/1118541.html
二至丸,https://www.dayi.org.cn/prescriptions/1032250.html
桂枝甘草汤,https://www.dayi.org.cn/prescriptions/1097287.html
参苏饮,https://www.dayi.org.cn/prescriptions/901856.html
大青龙汤,https://www.dayi.org.cn/prescriptions/901842.html
正柴胡饮,https://www.dayi.org.cn/prescriptions/1119921.html
六味地黄汤《景岳全书》,https://www.dayi.org.cn/prescriptions/1048353.html
小承气汤,https://www.dayi.org.cn/prescriptions/1122008.html
归芍地黄丸,https://www.dayi.org.cn/prescriptions/1121322.html
竹叶石膏汤,https://www.dayi.org.cn/prescriptions/901771.html
龙胆泻肝汤,https://www.dayi.org.cn/prescriptions/901953.html
三豆饮,https://www.dayi.org.cn/prescriptions/1129328.html
黛蛤散,https://www.dayi.org.cn/prescriptions/1118816.html
左金丸,https://www.dayi.org.cn/prescriptions/1118329.html
苏子降气汤,https://www.dayi.org.cn/prescriptions/901544.html
九味羌活汤,https://www.dayi.org.cn/prescriptions/901795.html
读书丸《医统》,https://www.dayi.org.cn/prescriptions/1100329.html
栝楼瞿麦丸,https://www.dayi.org.cn/prescriptions/1096938.html
生化汤,https://www.dayi.org.cn/prescriptions/901825.html
河车大造丸,https://www.dayi.org.cn/prescriptions/1083662.html
桑菊饮,https://www.dayi.org.cn/prescriptions/901833.html
丹参饮,https://www.dayi.org.cn/prescriptions/1119509.html
侯氏黑散,https://www.dayi.org.cn/prescriptions/1028332.html
温脾汤,https://www.dayi.org.cn/prescriptions/901781.html
香砂六君子汤,https://www.dayi.org.cn/prescriptions/1119014.html
厚朴麻黄汤,https://www.dayi.org.cn/prescriptions/1086522.html
芍药汤,https://www.dayi.org.cn/prescriptions/901958.html
八珍汤,https://www.dayi.org.cn/prescriptions/901862.html
四逆散,https://www.dayi.org.cn/prescriptions/901797.html
旋覆代赭汤,https://www.dayi.org.cn/prescriptions/901763.html
厚朴温中汤,https://www.dayi.org.cn/prescriptions/901815.html
解郁汤,https://www.dayi.org.cn/prescriptions/1121077.html
苍耳散《严氏济生方》,https://www.dayi.org.cn/prescriptions/1019864.html
柴苓汤,https://www.dayi.org.cn/prescriptions/900849.html
泻心汤,https://www.dayi.org.cn/prescriptions/1119027.html
复方丹参滴丸,https://www.dayi.org.cn/prescriptions/1121308.html
补中益气汤,https://www.dayi.org.cn/prescriptions/901852.html
明目地黄丸,https://www.dayi.org.cn/prescriptions/1127885.html
大补阴丸,https://www.dayi.org.cn/prescriptions/1038334.html
龟鹿二仙胶,https://www.dayi.org.cn/prescriptions/901873.html
黄连解毒汤,https://www.dayi.org.cn/prescriptions/901798.html
二仙汤,https://www.dayi.org.cn/prescriptions/1032107.html
开关散《医宗金鉴》,https://www.dayi.org.cn/prescriptions/1040870.html
七宝美髯丹,https://www.dayi.org.cn/prescriptions/901757.html
归脾汤,https://www.dayi.org.cn/prescriptions/901832.html
暖肝煎,https://www.dayi.org.cn/prescriptions/901789.html
养阴清肺汤,https://www.dayi.org.cn/prescriptions/901778.html
地黄饮子,https://www.dayi.org.cn/prescriptions/901846.html
清骨散,https://www.dayi.org.cn/prescriptions/901870.html
红花桃仁煎,https://www.dayi.org.cn/prescriptions/1075342.html
补肝汤,https://www.dayi.org.cn/prescriptions/901351.html
清胃散,https://www.dayi.org.cn/prescriptions/901963.html
附子汤,https://www.dayi.org.cn/prescriptions/1118792.html
一贯煎,https://www.dayi.org.cn/prescriptions/901775.html
羌活胜湿汤,https://www.dayi.org.cn/prescriptions/901967.html
荆防败毒散,https://www.dayi.org.cn/prescriptions/1118372.html
桂枝麻黄各半汤,https://www.dayi.org.cn/prescriptions/900036.html
涤痰汤,https://www.dayi.org.cn/prescriptions/1097079.html
麻黄附子细辛汤,https://www.dayi.org.cn/prescriptions/1112341.html
当归贝母苦参丸,https://www.dayi.org.cn/prescriptions/1073026.html
黄连上清丸,https://www.dayi.org.cn/prescriptions/1105917.html
藿香正气散,https://www.dayi.org.cn/prescriptions/901822.html
三仁汤,https://www.dayi.org.cn/prescriptions/901854.html
会厌逐瘀汤,https://www.dayi.org.cn/prescriptions/1075605.html
易黄汤,https://www.dayi.org.cn/prescriptions/901776.html
小蓟饮子,https://www.dayi.org.cn/prescriptions/901753.html
瓜蒌薤白白酒汤,https://www.dayi.org.cn/prescriptions/901837.html
益气聪明汤《东垣试效方》,https://www.dayi.org.cn/prescriptions/1097451.html
新加香薷饮,https://www.dayi.org.cn/prescriptions/1121988.html
萆薢渗湿汤,https://www.dayi.org.cn/prescriptions/1109975.html
补肺丸,https://www.dayi.org.cn/prescriptions/1129476.html
左归丸,https://www.dayi.org.cn/prescriptions/1118519.html
理痰汤,https://www.dayi.org.cn/prescriptions/1105515.html
救肝开郁汤《石室秘录》,https://www.dayi.org.cn/prescriptions/1109331.html
舒筋活血汤,https://www.dayi.org.cn/prescriptions/1120643.html
耳聋左慈丸,https://www.dayi.org.cn/prescriptions/1071407.html
天麻半夏汤《卫生宝鉴》,https://www.dayi.org.cn/prescriptions/1040801.html
五积散,https://www.dayi.org.cn/prescriptions/901765.html
除湿胃苓汤,https://www.dayi.org.cn/prescriptions/900588.html
龙蚝理痰汤,https://www.dayi.org.cn/prescriptions/1051918.html
聪明汤,https://www.dayi.org.cn/prescriptions/900592.html
失笑散,https://www.dayi.org.cn/prescriptions/901821.html
清热除湿汤,https://www.dayi.org.cn/prescriptions/1105776.html
理中丸,https://www.dayi.org.cn/prescriptions/1125710.html
四妙勇安汤,https://www.dayi.org.cn/prescriptions/901957.html
黄芪茯苓汤,https://www.dayi.org.cn/prescriptions/1111732.html
桂枝茯苓丸,https://www.dayi.org.cn/prescriptions/1096993.html
膈下逐瘀汤,https://www.dayi.org.cn/prescriptions/1119111.html
抵当丸,https://www.dayi.org.cn/prescriptions/1079915.html
桂枝人参汤,https://www.dayi.org.cn/prescriptions/1119759.html
二陈平胃散,https://www.dayi.org.cn/prescriptions/1019830.html
大承气汤,https://www.dayi.org.cn/prescriptions/901848.html
防己黄芪汤,https://www.dayi.org.cn/prescriptions/901838.html
完带汤,https://www.dayi.org.cn/prescriptions/901784.html
青蒿鳖甲汤,https://www.dayi.org.cn/prescriptions/901850.html
三化汤,https://www.dayi.org.cn/prescriptions/1035923.html
大柴胡汤,https://www.dayi.org.cn/prescriptions/901855.html
小续命汤,https://www.dayi.org.cn/prescriptions/1122020.html
桂枝茯苓汤,https://www.dayi.org.cn/prescriptions/900225.html
黄土汤,https://www.dayi.org.cn/prescriptions/901814.html
桑螵蛸散,https://www.dayi.org.cn/prescriptions/901960.html
柴胡茵陈五苓散,https://www.dayi.org.cn/prescriptions/1029371.html
桑白皮汤《古今医统大全》,https://www.dayi.org.cn/prescriptions/1099507.html
甘草小麦大枣汤《金匮要略》,https://www.dayi.org.cn/prescriptions/1050626.html
枳实导滞汤,https://www.dayi.org.cn/prescriptions/1086764.html
防风通圣丸,https://www.dayi.org.cn/prescriptions/1074733.html
牡蛎黄芪桂枝汤,https://www.dayi.org.cn/prescriptions/1121192.html
厚朴枳实汤,https://www.dayi.org.cn/prescriptions/1086478.html
白术附子汤,https://www.dayi.org.cn/prescriptions/901220.html
并提汤,https://www.dayi.org.cn/prescriptions/901365.html
八珍粉,https://www.dayi.org.cn/prescriptions/901968.html
桂枝加附子汤,https://www.dayi.org.cn/prescriptions/900274.html
宣肺汤,https://www.dayi.org.cn/prescriptions/1088669.html
补肾益精汤,https://www.dayi.org.cn/prescriptions/901274.html
茯苓泽泻汤,https://www.dayi.org.cn/prescriptions/1086708.html
犀角地黄汤,https://www.dayi.org.cn/prescriptions/901934.html
再造散,https://www.dayi.org.cn/prescriptions/901780.html
甘露消毒丹,https://www.dayi.org.cn/prescriptions/901849.html
牡蛎散,https://www.dayi.org.cn/prescriptions/901786.html
桂附地黄汤,https://www.dayi.org.cn/prescriptions/900123.html
苓甘五味姜辛汤,https://www.dayi.org.cn/prescriptions/901952.html
桑杏汤,https://www.dayi.org.cn/prescriptions/901835.html
二妙散,https://www.dayi.org.cn/prescriptions/901827.html
柴葛解肌汤,https://www.dayi.org.cn/prescriptions/901872.html
赤豆当归散,https://www.dayi.org.cn/prescriptions/1015169.html
七福饮,https://www.dayi.org.cn/prescriptions/1121217.html
茯苓丸,https://www.dayi.org.cn/prescriptions/901845.html
止痛如神汤《外科启玄》,https://www.dayi.org.cn/prescriptions/1044148.html
麻黄升麻汤,https://www.dayi.org.cn/prescriptions/1105536.html
清暑益气汤,https://www.dayi.org.cn/prescriptions/901961.html
朱砂安神丸,https://www.dayi.org.cn/prescriptions/901939.html
消风散,https://www.dayi.org.cn/prescriptions/901761.html
普济消毒饮,https://www.dayi.org.cn/prescriptions/901788.html
小活络丹,https://www.dayi.org.cn/prescriptions/901930.html
桂枝二越婢一汤,https://www.dayi.org.cn/prescriptions/900223.html
五味消毒饮,https://www.dayi.org.cn/prescriptions/901766.html
防己茯苓汤,https://www.dayi.org.cn/prescriptions/1118654.html
四味芍药汤,https://www.dayi.org.cn/prescriptions/1121833.html
陈皮竹茹汤,https://www.dayi.org.cn/prescriptions/900895.html
生精汤,https://www.dayi.org.cn/prescriptions/1120626.html
甘草泻心汤,https://www.dayi.org.cn/prescriptions/1119069.html
金沸草散,https://www.dayi.org.cn/prescriptions/1118278.html
酸枣汤,https://www.dayi.org.cn/prescriptions/1121881.html
桂枝加桂汤,https://www.dayi.org.cn/prescriptions/900035.html
小半夏汤,https://www.dayi.org.cn/prescriptions/1119025.html
甘麦大枣汤,https://www.dayi.org.cn/prescriptions/901823.html
茯苓桂枝白术甘草汤,https://www.dayi.org.cn/prescriptions/1086718.html
大黄黄连泻心汤,https://www.dayi.org.cn/prescriptions/1039041.html
麻杏石甘汤,https://www.dayi.org.cn/prescriptions/901792.html
来复汤,https://www.dayi.org.cn/prescriptions/1063550.html
知柏地黄汤,https://www.dayi.org.cn/prescriptions/1081604.html
阴旦汤《千金》,https://www.dayi.org.cn/prescriptions/1077189.html
麦门冬汤,https://www.dayi.org.cn/prescriptions/901804.html
健脾丸,https://www.dayi.org.cn/prescriptions/1118809.html
化肝煎《景岳全书》,https://www.dayi.org.cn/prescriptions/1044838.html
加减复脉汤,https://www.dayi.org.cn/prescriptions/1118499.html
育精汤,https://www.dayi.org.cn/prescriptions/1121524.html
泻白散,https://www.dayi.org.cn/prescriptions/901940.html
杏苏散,https://www.dayi.org.cn/prescriptions/901762.html
艾柏饮,https://www.dayi.org.cn/prescriptions/901401.html
当归地黄饮,https://www.dayi.org.cn/prescriptions/1072812.html
下瘀血汤,https://www.dayi.org.cn/prescriptions/1037340.html
龟鹿固本丸,https://www.dayi.org.cn/prescriptions/1065477.html
麻黄附子甘草汤,https://www.dayi.org.cn/prescriptions/901639.html
黄芪赤风汤,https://www.dayi.org.cn/prescriptions/1105511.html
附子理中汤,https://www.dayi.org.cn/prescriptions/1118687.html
蒿芩清胆汤,https://www.dayi.org.cn/prescriptions/901820.html
不老丸,https://www.dayi.org.cn/prescriptions/1031121.html
葛花解酲汤,https://www.dayi.org.cn/prescriptions/900391.html
清燥救肺汤,https://www.dayi.org.cn/prescriptions/901869.html
栝楼薤白半夏汤,https://www.dayi.org.cn/prescriptions/1097309.html
贝母瓜蒌散,https://www.dayi.org.cn/prescriptions/1013945.html
金水六君子煎,https://www.dayi.org.cn/prescriptions/1082899.html
金髓煎,https://www.dayi.org.cn/prescriptions/1082609.html
桂枝加黄芪汤,https://www.dayi.org.cn/prescriptions/1096813.html
阳和汤,https://www.dayi.org.cn/prescriptions/901943.html
升麻鳖甲汤,https://www.dayi.org.cn/prescriptions/1046652.html
天台乌药散,https://www.dayi.org.cn/prescriptions/901945.html
豉栀汤,https://www.dayi.org.cn/prescriptions/901283.html
百合地黄汤,https://www.dayi.org.cn/prescriptions/901354.html
当归补血汤,https://www.dayi.org.cn/prescriptions/901841.html
白虎加人参汤,https://www.dayi.org.cn/prescriptions/901534.html
厚朴三物汤,https://www.dayi.org.cn/prescriptions/1086570.html
八宝回春汤,https://www.dayi.org.cn/prescriptions/901636.html
身痛逐瘀汤,https://www.dayi.org.cn/prescriptions/1120614.html
大力丸,https://www.dayi.org.cn/prescriptions/1037363.html
白芨散,https://www.dayi.org.cn/prescriptions/1029974.html
萆薢分清饮,https://www.dayi.org.cn/prescriptions/1031001.html
栀子干姜汤《伤寒论》,https://www.dayi.org.cn/prescriptions/1086716.html
归肾丸,https://www.dayi.org.cn/prescriptions/1052019.html
栀子清肝汤《医学入门》,https://www.dayi.org.cn/prescriptions/1095564.html
栝楼薤白白酒汤,https://www.dayi.org.cn/prescriptions/1097367.html
柴胡桂姜汤,https://www.dayi.org.cn/prescriptions/900950.html
当归龙荟丸,https://www.dayi.org.cn/prescriptions/1072780.html
十枣汤,https://www.dayi.org.cn/prescriptions/901829.html
打老儿丸,https://www.dayi.org.cn/prescriptions/1049105.html
大陷胸汤,https://www.dayi.org.cn/prescriptions/901876.html
黄氏响声丸,https://www.dayi.org.cn/prescriptions/1120585.html
龙齿壮胆汤《辨证录》,https://www.dayi.org.cn/prescriptions/1051841.html
桂枝加芍药汤,https://www.dayi.org.cn/prescriptions/900295.html
加味四物汤《傅青主女科》,https://www.dayi.org.cn/prescriptions/1058063.html
诃黎勒散《金匮要略》,https://www.dayi.org.cn/prescriptions/1066934.html
复方大承气汤,https://www.dayi.org.cn/prescriptions/1118851.html
固真汤,https://www.dayi.org.cn/prescriptions/900427.html
固冲汤,https://www.dayi.org.cn/prescriptions/901817.html
十灰散,https://www.dayi.org.cn/prescriptions/901959.html
温阳通脉汤,https://www.dayi.org.cn/prescriptions/1120565.html
承气汤,https://www.dayi.org.cn/prescriptions/900943.html
毓麟珠,https://www.dayi.org.cn/prescriptions/1142361.html
麻黄桂枝各半汤,https://www.dayi.org.cn/prescriptions/1112824.html
泽漆汤《金匮》,https://www.dayi.org.cn/prescriptions/1084170.html
补脾胃泻阴火升阳汤,https://www.dayi.org.cn/prescriptions/901455.html
当归地黄汤《杂病源流犀烛》,https://www.dayi.org.cn/prescriptions/1072809.html
济生肾气丸,https://www.dayi.org.cn/prescriptions/1095480.html
王不留行散《金匮要略》,https://www.dayi.org.cn/prescriptions/1042238.html
化浊汤,https://www.dayi.org.cn/prescriptions/1044921.html
宣痹汤,https://www.dayi.org.cn/prescriptions/1119155.html
六味汤《喉科指掌》,https://www.dayi.org.cn/prescriptions/1048178.html
桂苓五味甘草汤,https://www.dayi.org.cn/prescriptions/1096988.html
厚朴生姜半夏甘草人参汤,https://www.dayi.org.cn/prescriptions/1086514.html
左归饮,https://www.dayi.org.cn/prescriptions/1119922.html
中满分消丸,https://www.dayi.org.cn/prescriptions/1125589.html
七子散,https://www.dayi.org.cn/prescriptions/1033518.html
茵陈四逆汤,https://www.dayi.org.cn/prescriptions/1119020.html
骨碎补丸,https://www.dayi.org.cn/prescriptions/1087372.html
补肾活血汤,https://www.dayi.org.cn/prescriptions/901412.html
补脑丸,https://www.dayi.org.cn/prescriptions/1129468.html
栀子柏皮汤,https://www.dayi.org.cn/prescriptions/1119853.html
二陈丸,https://www.dayi.org.cn/prescriptions/1032299.html
化铁丸,https://www.dayi.org.cn/prescriptions/1044926.html
风引汤《金匮要略》,https://www.dayi.org.cn/prescriptions/1047827.html
皮肤解毒汤,https://www.dayi.org.cn/prescriptions/1121204.html
槐花散,https://www.dayi.org.cn/prescriptions/901807.html
麻子仁丸,https://www.dayi.org.cn/prescriptions/901950.html
连理汤《证治要诀类方》,https://www.dayi.org.cn/prescriptions/1063819.html
桂枝去芍药加茯苓白术汤,https://www.dayi.org.cn/prescriptions/900296.html
苍耳子散,https://www.dayi.org.cn/prescriptions/1019885.html
栀子豉汤《伤寒论》,https://www.dayi.org.cn/prescriptions/1086519.html
清气化痰丸,https://www.dayi.org.cn/prescriptions/901964.html
理冲汤,https://www.dayi.org.cn/prescriptions/1105521.html
参赭镇气汤,https://www.dayi.org.cn/prescriptions/1085497.html
通幽汤《脾胃论》,https://www.dayi.org.cn/prescriptions/1096910.html
都气丸,https://www.dayi.org.cn/prescriptions/1097056.html
白芍甘草汤,https://www.dayi.org.cn/prescriptions/901480.html
拔毒生肌散,https://www.dayi.org.cn/prescriptions/1029954.html
大黄甘草汤《金匮要略》,https://www.dayi.org.cn/prescriptions/1038910.html
增液承气汤,https://www.dayi.org.cn/prescriptions/901745.html
参芪地黄汤,https://www.dayi.org.cn/prescriptions/1085464.html
葱豉桔梗汤,https://www.dayi.org.cn/prescriptions/900464.html
黄芩滑石汤,https://www.dayi.org.cn/prescriptions/1105838.html
新方桂枝汤,https://www.dayi.org.cn/prescriptions/1121984.html
三生饮《易简方》,https://www.dayi.org.cn/prescriptions/1036009.html
石膏汤,https://www.dayi.org.cn/prescriptions/1142360.html
六郁汤《丹溪心法》,https://www.dayi.org.cn/prescriptions/1048165.html
冰硼散,https://www.dayi.org.cn/prescriptions/1014863.html
保和汤,https://www.dayi.org.cn/prescriptions/901109.html
补阴益脾汤,https://www.dayi.org.cn/prescriptions/901055.html
不忘散,https://www.dayi.org.cn/prescriptions/1015244.html
清震汤,https://www.dayi.org.cn/prescriptions/1121670.html
栀子厚朴汤《伤寒论》,https://www.dayi.org.cn/prescriptions/1086717.html
外台茯苓饮《金匮要略》,https://www.dayi.org.cn/prescriptions/1053451.html
实脾散,https://www.dayi.org.cn/prescriptions/901824.html
牛黄上清丸,https://www.dayi.org.cn/prescriptions/1126687.html
黄芪当归汤,https://www.dayi.org.cn/prescriptions/1108005.html
开关散《青囊秘传》,https://www.dayi.org.cn/prescriptions/1040880.html
加味二妙散,https://www.dayi.org.cn/prescriptions/1028829.html
附子理中丸《太平惠民和剂局方》,https://www.dayi.org.cn/prescriptions/1069028.html
桂枝去芍药加附子汤,https://www.dayi.org.cn/prescriptions/900310.html
枳实栀子豉汤,https://www.dayi.org.cn/prescriptions/1086665.html
苇茎汤,https://www.dayi.org.cn/prescriptions/901941.html
金甲散,https://www.dayi.org.cn/prescriptions/1082153.html
大建中汤,https://www.dayi.org.cn/prescriptions/901843.html
香薷散,https://www.dayi.org.cn/prescriptions/901931.html
五神汤,https://www.dayi.org.cn/prescriptions/1042722.html
定痫丸,https://www.dayi.org.cn/prescriptions/901834.html
肝胃百合汤《夏度衡医案》,https://www.dayi.org.cn/prescriptions/1065375.html
疏凿饮子,https://www.dayi.org.cn/prescriptions/901813.html
百合滑石散,https://www.dayi.org.cn/prescriptions/1019680.html
半硫丸,https://www.dayi.org.cn/prescriptions/1030704.html
杜仲威灵仙散,https://www.dayi.org.cn/prescriptions/1028041.html
六神汤《御药院方》,https://www.dayi.org.cn/prescriptions/1048252.html
接骨散,https://www.dayi.org.cn/prescriptions/1028757.html
心肾两交汤《辨证录》,https://www.dayi.org.cn/prescriptions/1048537.html
柴胡汤,https://www.dayi.org.cn/prescriptions/900764.html
半夏茯苓汤,https://www.dayi.org.cn/prescriptions/901355.html
瓜蒂散,https://www.dayi.org.cn/prescriptions/901819.html
术附汤《金匮》,https://www.dayi.org.cn/prescriptions/1050132.html
畅卫豁痰汤,https://www.dayi.org.cn/prescriptions/900820.html
柴芍六君子汤,https://www.dayi.org.cn/prescriptions/900857.html
神效黄芪汤,https://www.dayi.org.cn/prescriptions/1120617.html
桂苓甘露饮,https://www.dayi.org.cn/prescriptions/900099.html
旋复花汤,https://www.dayi.org.cn/prescriptions/1121966.html
茯苓川芎汤,https://www.dayi.org.cn/prescriptions/1088283.html
回阳救急汤,https://www.dayi.org.cn/prescriptions/901801.html
防风羌活汤,https://www.dayi.org.cn/prescriptions/1074438.html
甘遂半夏汤,https://www.dayi.org.cn/prescriptions/1050609.html
化瘀汤,https://www.dayi.org.cn/prescriptions/1045021.html
颠倒散,https://www.dayi.org.cn/prescriptions/1020220.html
止带汤,https://www.dayi.org.cn/prescriptions/1043981.html
茯苓甘草汤,https://www.dayi.org.cn/prescriptions/1086507.html
越婢加半夏汤,https://www.dayi.org.cn/prescriptions/1121676.html
八味地黄丸,https://www.dayi.org.cn/prescriptions/901565.html
阳旦汤,https://www.dayi.org.cn/prescriptions/1077065.html
葛根加半夏汤,https://www.dayi.org.cn/prescriptions/900480.html
通窍汤,https://www.dayi.org.cn/prescriptions/1121943.html
黄芪鳖甲汤,https://www.dayi.org.cn/prescriptions/1112439.html
春泽汤《普济方》,https://www.dayi.org.cn/prescriptions/1091689.html
桂枝葛根汤,https://www.dayi.org.cn/prescriptions/1102271.html
败毒散,https://www.dayi.org.cn/prescriptions/901965.html
胎元饮《景岳全书》,https://www.dayi.org.cn/prescriptions/1087706.html
沉香交泰丸,https://www.dayi.org.cn/prescriptions/1066168.html
泰山磐石散,https://www.dayi.org.cn/prescriptions/901956.html
三物备急丸,https://www.dayi.org.cn/prescriptions/901859.html
黄土汤《金匮要略》,https://www.dayi.org.cn/prescriptions/1105505.html
赤丸《金匮要略》,https://www.dayi.org.cn/prescriptions/1062482.html
开胃进食汤,https://www.dayi.org.cn/prescriptions/1040984.html
黄芪四物汤,https://www.dayi.org.cn/prescriptions/1106437.html
赤石脂丸《金匮要略》,https://www.dayi.org.cn/prescriptions/1047727.html
五痿汤,https://www.dayi.org.cn/prescriptions/1120568.html
养心汤,https://www.dayi.org.cn/prescriptions/900156.html
清营汤,https://www.dayi.org.cn/prescriptions/901866.html
桂枝去桂加茯苓白术汤,https://www.dayi.org.cn/prescriptions/900338.html
葱豉汤,https://www.dayi.org.cn/prescriptions/900481.html
从龙汤,https://www.dayi.org.cn/prescriptions/900482.html
四苓散,https://www.dayi.org.cn/prescriptions/1118394.html
人参石膏汤,https://www.dayi.org.cn/prescriptions/1035182.html
香薷饮《内科摘要》,https://www.dayi.org.cn/prescriptions/1096407.html
茯苓杏仁甘草汤,https://www.dayi.org.cn/prescriptions/1086026.html
黄芪防风汤,https://www.dayi.org.cn/prescriptions/1110296.html
当归黑豆汤,https://www.dayi.org.cn/prescriptions/1073015.html
归芍地黄汤,https://www.dayi.org.cn/prescriptions/900163.html
健脾补肾汤,https://www.dayi.org.cn/prescriptions/1098196.html
加减肾气汤,https://www.dayi.org.cn/prescriptions/900001.html
四物消风饮《金鉴》,https://www.dayi.org.cn/prescriptions/1052920.html
乌蛇驱风汤,https://www.dayi.org.cn/prescriptions/1120566.html
玉液汤,https://www.dayi.org.cn/prescriptions/901760.html
香贝养荣汤,https://www.dayi.org.cn/prescriptions/1086263.html
三黄汤,https://www.dayi.org.cn/prescriptions/1036423.html
防已茯苓汤,https://www.dayi.org.cn/prescriptions/1122486.html
龟鹿补肾丸,https://www.dayi.org.cn/prescriptions/1121640.html
当归饮,https://www.dayi.org.cn/prescriptions/900701.html
附子泻心汤《伤寒论》,https://www.dayi.org.cn/prescriptions/1069003.html
定眩汤,https://www.dayi.org.cn/prescriptions/1122108.html
启脾丸,https://www.dayi.org.cn/prescriptions/1127739.html
胆道排石汤,https://www.dayi.org.cn/prescriptions/900415.html
枯矾散,https://www.dayi.org.cn/prescriptions/1029903.html
丁香柿蒂散,https://www.dayi.org.cn/prescriptions/1030257.html
当归茱萸汤,https://www.dayi.org.cn/prescriptions/1122072.html
茵陈术附汤《医学心悟》,https://www.dayi.org.cn/prescriptions/1094364.html
桂枝苓泽汤,https://www.dayi.org.cn/prescriptions/900034.html
苦酒汤,https://www.dayi.org.cn/prescriptions/1079125.html
桂枝加附子红花汤,https://www.dayi.org.cn/prescriptions/900286.html
加减补天大造丸,https://www.dayi.org.cn/prescriptions/1059970.html
大温脾丸《千金翼方》,https://www.dayi.org.cn/prescriptions/1038654.html
还阳汤,https://www.dayi.org.cn/prescriptions/1063299.html
大七气汤,https://www.dayi.org.cn/prescriptions/900219.html
三甲复脉汤,https://www.dayi.org.cn/prescriptions/1113382.html
黄芪芍药桂枝苦酒汤,https://www.dayi.org.cn/prescriptions/1105299.html
黄芪甘草汤,https://www.dayi.org.cn/prescriptions/1108817.html
定经汤,https://www.dayi.org.cn/prescriptions/1084466.html
还魂汤《备急千金要方》,https://www.dayi.org.cn/prescriptions/1063330.html
咳血方,https://www.dayi.org.cn/prescriptions/901799.html
开郁散《洞天奥旨》,https://www.dayi.org.cn/prescriptions/1031145.html
桂枝去芍药加麻黄细辛附子汤,https://www.dayi.org.cn/prescriptions/1097026.html
加减归脾汤,https://www.dayi.org.cn/prescriptions/1059030.html
加减木防己汤《温病条辨》,https://www.dayi.org.cn/prescriptions/1059611.html
参附龙牡汤,https://www.dayi.org.cn/prescriptions/1085341.html
大黄附子汤《金匮要略今释》,https://www.dayi.org.cn/prescriptions/1039040.html
椒目瓜蒌汤,https://www.dayi.org.cn/prescriptions/1120939.html
苍耳散《七十名中医临证特效方》,https://www.dayi.org.cn/prescriptions/1019872.html
清经散,https://www.dayi.org.cn/prescriptions/1118490.html
木香槟榔丸,https://www.dayi.org.cn/prescriptions/901793.html
加味调胃承气汤,https://www.dayi.org.cn/prescriptions/1059824.html
劳淋汤《医学衷中参西录》,https://www.dayi.org.cn/prescriptions/1062439.html
五仁丸,https://www.dayi.org.cn/prescriptions/901768.html
当归散《金匮要略》,https://www.dayi.org.cn/prescriptions/1072491.html
二陈平胃汤,https://www.dayi.org.cn/prescriptions/1032681.html
三黄石膏汤,https://www.dayi.org.cn/prescriptions/1113377.html
连理汤《症因脉治》,https://www.dayi.org.cn/prescriptions/1063820.html
加减六味地黄丸,https://www.dayi.org.cn/prescriptions/1120212.html
养筋汤,https://www.dayi.org.cn/prescriptions/1089904.html
栝楼牡蛎散,https://www.dayi.org.cn/prescriptions/1027863.html
大风丸,https://www.dayi.org.cn/prescriptions/1037370.html
麻黄人参芍药汤,https://www.dayi.org.cn/prescriptions/1105547.html
救肾活肝汤《石室秘录》,https://www.dayi.org.cn/prescriptions/1111637.html
附子黄芪汤《普济方》,https://www.dayi.org.cn/prescriptions/1069043.html
解语汤,https://www.dayi.org.cn/prescriptions/1121069.html
除湿丸《赵炳南临床经验集》,https://www.dayi.org.cn/prescriptions/1090125.html
除湿汤,https://www.dayi.org.cn/prescriptions/900598.html
桂枝去芍药汤,https://www.dayi.org.cn/prescriptions/900290.html
参茯白术散,https://www.dayi.org.cn/prescriptions/1085427.html
百合知母汤,https://www.dayi.org.cn/prescriptions/901173.html
宣郁通经汤,https://www.dayi.org.cn/prescriptions/1089508.html
参芪补肺汤,https://www.dayi.org.cn/prescriptions/1085472.html
四七汤《普济方》,https://www.dayi.org.cn/prescriptions/1052229.html
清瘟败毒饮,https://www.dayi.org.cn/prescriptions/901966.html
固齿散,https://www.dayi.org.cn/prescriptions/1029916.html
茯苓桂枝甘草大枣汤,https://www.dayi.org.cn/prescriptions/1086159.html
和胃丸,https://www.dayi.org.cn/prescriptions/1081269.html
秘传酸枣仁汤,https://www.dayi.org.cn/prescriptions/1121188.html
橘皮枳实生姜汤,https://www.dayi.org.cn/prescriptions/1122340.html
川芎汤,https://www.dayi.org.cn/prescriptions/900601.html
栀子生姜豉汤《伤寒论》,https://www.dayi.org.cn/prescriptions/1089068.html
开关散《幼科指掌》,https://www.dayi.org.cn/prescriptions/1040868.html
安魂汤,https://www.dayi.org.cn/prescriptions/901387.html
茯苓四逆汤,https://www.dayi.org.cn/prescriptions/1086578.html
二母散,https://www.dayi.org.cn/prescriptions/1026854.html
补天大造丸,https://www.dayi.org.cn/prescriptions/901858.html
桂枝加芍药生姜各一两人参三两新加汤,https://www.dayi.org.cn/prescriptions/900161.html
柏叶汤,https://www.dayi.org.cn/prescriptions/901339.html
加味逍遥散,https://www.dayi.org.cn/prescriptions/1118646.html
独活续断汤,https://www.dayi.org.cn/prescriptions/1087241.html
桃花汤,https://www.dayi.org.cn/prescriptions/901782.html
前列腺汤,https://www.dayi.org.cn/prescriptions/1090745.html
凉血地黄汤《脾胃论》,https://www.dayi.org.cn/prescriptions/1097379.html
玉真散,https://www.dayi.org.cn/prescriptions/901758.html
凉血五花汤,https://www.dayi.org.cn/prescriptions/1097621.html
桂枝生姜枳实汤,https://www.dayi.org.cn/prescriptions/900026.html
瓜石汤,https://www.dayi.org.cn/prescriptions/900479.html
草乌散《世医得效方》,https://www.dayi.org.cn/prescriptions/1020089.html
八珍养胎饮,https://www.dayi.org.cn/prescriptions/901919.html
八卦串,https://www.dayi.org.cn/prescriptions/901905.html
麻附细辛汤,https://www.dayi.org.cn/prescriptions/901885.html
甘草干姜茯苓白术汤,https://www.dayi.org.cn/prescriptions/901818.html
八宝汤,https://www.dayi.org.cn/prescriptions/901635.html
八味补骨脂丸,https://www.dayi.org.cn/prescriptions/901613.html
麻黄附子汤,https://www.dayi.org.cn/prescriptions/901551.html
安胆汤,https://www.dayi.org.cn/prescriptions/901529.html
白虎地黄汤,https://www.dayi.org.cn/prescriptions/901528.html
安妊进食汤,https://www.dayi.org.cn/prescriptions/901515.html
白归汤,https://www.dayi.org.cn/prescriptions/901499.html
白芍黄芩木通汤,https://www.dayi.org.cn/prescriptions/901481.html
薄荷汤,https://www.dayi.org.cn/prescriptions/901390.html
表实六合汤,https://www.dayi.org.cn/prescriptions/901383.html
百合汤,https://www.dayi.org.cn/prescriptions/901382.html
败瘀止痛汤,https://www.dayi.org.cn/prescriptions/901378.html
薄芥汤,https://www.dayi.org.cn/prescriptions/901358.html
补喉汤,https://www.dayi.org.cn/prescriptions/901340.html
赤石脂汤,https://www.dayi.org.cn/prescriptions/901321.html
补土燥湿汤,https://www.dayi.org.cn/prescriptions/901319.html
赤豆薏苡仁汤,https://www.dayi.org.cn/prescriptions/901285.html
补虚生荣汤,https://www.dayi.org.cn/prescriptions/901276.html
补虚黄芪汤,https://www.dayi.org.cn/prescriptions/901272.html
赤小豆当归散,https://www.dayi.org.cn/prescriptions/901271.html
白术四逆汤,https://www.dayi.org.cn/prescriptions/901263.html
除风益损汤,https://www.dayi.org.cn/prescriptions/901252.html
除烦汤,https://www.dayi.org.cn/prescriptions/901244.html
充髓汤,https://www.dayi.org.cn/prescriptions/901241.html
白术防风汤,https://www.dayi.org.cn/prescriptions/901227.html
白薇汤,https://www.dayi.org.cn/prescriptions/901224.html
保婴百补汤,https://www.dayi.org.cn/prescriptions/901213.html
白术黄芩汤,https://www.dayi.org.cn/prescriptions/901211.html
白术茯苓汤,https://www.dayi.org.cn/prescriptions/901189.html
白术六一汤,https://www.dayi.org.cn/prescriptions/901187.html
白术芍药汤,https://www.dayi.org.cn/prescriptions/901185.html
柏桂生麦汤,https://www.dayi.org.cn/prescriptions/901184.html
白术理中汤,https://www.dayi.org.cn/prescriptions/901180.html
闭关止渴汤,https://www.dayi.org.cn/prescriptions/901160.html
比和饮,https://www.dayi.org.cn/prescriptions/901128.html
保胎清火汤,https://www.dayi.org.cn/prescriptions/901123.html
保金汤,https://www.dayi.org.cn/prescriptions/901115.html
百补汤,https://www.dayi.org.cn/prescriptions/901095.html
白芷汤,https://www.dayi.org.cn/prescriptions/901087.html
苍术地榆汤,https://www.dayi.org.cn/prescriptions/901070.html
补中行湿汤,https://www.dayi.org.cn/prescriptions/901047.html
柴独苍术汤,https://www.dayi.org.cn/prescriptions/901045.html
柴胡参术汤,https://www.dayi.org.cn/prescriptions/901027.html
保元固气汤,https://www.dayi.org.cn/prescriptions/901007.html
柴胡丁香汤,https://www.dayi.org.cn/prescriptions/901003.html
柴胡独活汤,https://www.dayi.org.cn/prescriptions/900998.html
苍术汤,https://www.dayi.org.cn/prescriptions/900997.html
保婴艾叶汤,https://www.dayi.org.cn/prescriptions/900988.html
保痘汤,https://www.dayi.org.cn/prescriptions/900986.html
保产芎归汤,https://www.dayi.org.cn/prescriptions/900967.html
柴芩两解汤,https://www.dayi.org.cn/prescriptions/900952.html
倍陈汤,https://www.dayi.org.cn/prescriptions/900937.html
变水汤,https://www.dayi.org.cn/prescriptions/900922.html
承气泻胃厚朴汤,https://www.dayi.org.cn/prescriptions/900920.html
柴苓扶元汤,https://www.dayi.org.cn/prescriptions/900891.html
柴芩汤,https://www.dayi.org.cn/prescriptions/900872.html
柴芩四物汤,https://www.dayi.org.cn/prescriptions/900864.html
当归养荣汤,https://www.dayi.org.cn/prescriptions/900859.html
柴苓饮,https://www.dayi.org.cn/prescriptions/900853.html
陈朴四物汤,https://www.dayi.org.cn/prescriptions/900837.html
陈黄汤,https://www.dayi.org.cn/prescriptions/900809.html
柴胡化滞汤,https://www.dayi.org.cn/prescriptions/900776.html
柴胡生化汤,https://www.dayi.org.cn/prescriptions/900763.html
柴胡下热汤,https://www.dayi.org.cn/prescriptions/900762.html
柴胡羌活汤,https://www.dayi.org.cn/prescriptions/900743.html
柴胡桃仁汤,https://www.dayi.org.cn/prescriptions/900731.html
草果柴平汤,https://www.dayi.org.cn/prescriptions/900724.html
柴胡六合汤,https://www.dayi.org.cn/prescriptions/900719.html
补中固元汤,https://www.dayi.org.cn/prescriptions/900717.html
补元散热饮,https://www.dayi.org.cn/prescriptions/900715.html
荡寒汤,https://www.dayi.org.cn/prescriptions/900698.html
导滞通幽汤,https://www.dayi.org.cn/prescriptions/900693.html
导滞通经汤,https://www.dayi.org.cn/prescriptions/900683.html
地骨皮饮,https://www.dayi.org.cn/prescriptions/900674.html
地黄芍药汤,https://www.dayi.org.cn/prescriptions/900669.html
导火汤,https://www.dayi.org.cn/prescriptions/900664.html
地黄汁汤,https://www.dayi.org.cn/prescriptions/900657.html
导气汤,https://www.dayi.org.cn/prescriptions/900656.html
地榆饮,https://www.dayi.org.cn/prescriptions/900645.html
地榆汤,https://www.dayi.org.cn/prescriptions/900641.html
第一和剂汤,https://www.dayi.org.cn/prescriptions/900640.html
地榆芍药汤,https://www.dayi.org.cn/prescriptions/900639.html
补火引水汤,https://www.dayi.org.cn/prescriptions/900617.html
除湿蠲痛汤,https://www.dayi.org.cn/prescriptions/900603.html
川芎黄芪汤,https://www.dayi.org.cn/prescriptions/900596.html
聪耳益气汤,https://www.dayi.org.cn/prescriptions/900589.html
除湿清火汤,https://www.dayi.org.cn/prescriptions/900580.html
川连戊己汤,https://www.dayi.org.cn/prescriptions/900571.html
纯阴化阳汤,https://www.dayi.org.cn/prescriptions/900557.html
除眩四物汤,https://www.dayi.org.cn/prescriptions/900554.html
存阴汤,https://www.dayi.org.cn/prescriptions/900536.html
催生饮,https://www.dayi.org.cn/prescriptions/900518.html
除桂建中汤,https://www.dayi.org.cn/prescriptions/900514.html
除湿散风汤,https://www.dayi.org.cn/prescriptions/900509.html
除湿消毒饮,https://www.dayi.org.cn/prescriptions/900500.html
归附汤,https://www.dayi.org.cn/prescriptions/900452.html
大补阴阳汤,https://www.dayi.org.cn/prescriptions/900444.html
大补营卫汤,https://www.dayi.org.cn/prescriptions/900442.html
大补化毒汤,https://www.dayi.org.cn/prescriptions/900420.html
归荆汤,https://www.dayi.org.cn/prescriptions/900413.html
归经两安汤,https://www.dayi.org.cn/prescriptions/900401.html
补和汤,https://www.dayi.org.cn/prescriptions/900390.html
固气填精汤,https://www.dayi.org.cn/prescriptions/900386.html
大补阴汤,https://www.dayi.org.cn/prescriptions/900380.html
固气生血汤,https://www.dayi.org.cn/prescriptions/900362.html
补血生水汤,https://www.dayi.org.cn/prescriptions/900350.html
补血荡邪汤,https://www.dayi.org.cn/prescriptions/900341.html
大黄芒消二味汤,https://www.dayi.org.cn/prescriptions/900328.html
大黄车前子汤,https://www.dayi.org.cn/prescriptions/900325.html
桂枝四物汤,https://www.dayi.org.cn/prescriptions/900298.html
桂枝生化汤,https://www.dayi.org.cn/prescriptions/900293.html
大固阳汤,https://www.dayi.org.cn/prescriptions/900289.html
大安胎如胜饮,https://www.dayi.org.cn/prescriptions/900285.html
达气养营汤,https://www.dayi.org.cn/prescriptions/900276.html
大黄黄连汤,https://www.dayi.org.cn/prescriptions/900270.html
广大重明汤,https://www.dayi.org.cn/prescriptions/900267.html
广泽汤,https://www.dayi.org.cn/prescriptions/900260.html
大黄六合汤,https://www.dayi.org.cn/prescriptions/900258.html
归柴饮,https://www.dayi.org.cn/prescriptions/900256.html
归地滋阴汤,https://www.dayi.org.cn/prescriptions/900224.html
归气救产汤,https://www.dayi.org.cn/prescriptions/900208.html
归芍饮,https://www.dayi.org.cn/prescriptions/900185.html
归芍二黄汤,https://www.dayi.org.cn/prescriptions/900174.html
归芎汤,https://www.dayi.org.cn/prescriptions/900168.html
归芪汤,https://www.dayi.org.cn/prescriptions/900160.html
归芍连壳饮,https://www.dayi.org.cn/prescriptions/900157.html
丹毒饮,https://www.dayi.org.cn/prescriptions/900154.html
大豆甘草汤,https://www.dayi.org.cn/prescriptions/900151.html
大加减建中汤,https://www.dayi.org.cn/prescriptions/900148.html
代赭石汤,https://www.dayi.org.cn/prescriptions/900146.html
桂姜汤,https://www.dayi.org.cn/prescriptions/900131.html
桂附理中汤,https://www.dayi.org.cn/prescriptions/900125.html
桂枝参苓汤,https://www.dayi.org.cn/prescriptions/900108.html
桂苓甘草汤,https://www.dayi.org.cn/prescriptions/900102.html
桂荔汤,https://www.dayi.org.cn/prescriptions/900101.html
桂枝柴胡汤,https://www.dayi.org.cn/prescriptions/900096.html
桂枝当归桃仁汤,https://www.dayi.org.cn/prescriptions/900075.html
桂枝姜苓汤,https://www.dayi.org.cn/prescriptions/900051.html
桂枝姜砂汤,https://www.dayi.org.cn/prescriptions/900041.html
桂枝羌活汤,https://www.dayi.org.cn/prescriptions/900022.html
加减三黄汤,https://www.dayi.org.cn/prescriptions/900021.html
上二黄丸,https://www.dayi.org.cn/prescriptions/1127931.html
明目延龄丸,https://www.dayi.org.cn/prescriptions/1127888.html
七德丸,https://www.dayi.org.cn/prescriptions/1127720.html
完善丸,https://www.dayi.org.cn/prescriptions/1127216.html
托胎丸,https://www.dayi.org.cn/prescriptions/1127209.html
六甲丸,https://www.dayi.org.cn/prescriptions/1126651.html
木瓜槟榔丸,https://www.dayi.org.cn/prescriptions/1126650.html
苓香丸,https://www.dayi.org.cn/prescriptions/1126570.html
龙胆苦参丸,https://www.dayi.org.cn/prescriptions/1126248.html
龙胆安神丸,https://www.dayi.org.cn/prescriptions/1126246.html
六一丸,https://www.dayi.org.cn/prescriptions/1126211.html
林钟丸,https://www.dayi.org.cn/prescriptions/1126162.html
凉血解毒丸,https://www.dayi.org.cn/prescriptions/1126146.html
凉肌丸,https://www.dayi.org.cn/prescriptions/1126144.html
连芩茱萸丸,https://www.dayi.org.cn/prescriptions/1125957.html
连柏丸,https://www.dayi.org.cn/prescriptions/1125951.html
连朴丸,https://www.dayi.org.cn/prescriptions/1125902.html
连壳丸,https://www.dayi.org.cn/prescriptions/1125897.html
利胆丸,https://www.dayi.org.cn/prescriptions/1125586.html
坤厚资生丸,https://www.dayi.org.cn/prescriptions/1125497.html
苦参地黄丸,https://www.dayi.org.cn/prescriptions/1125480.html
开关利膈丸,https://www.dayi.org.cn/prescriptions/1125220.html
净固丸,https://www.dayi.org.cn/prescriptions/1125051.html
酒积麦芽丸,https://www.dayi.org.cn/prescriptions/1124741.html
加味益母丸,https://www.dayi.org.cn/prescriptions/1124516.html
金瓜丸,https://www.dayi.org.cn/prescriptions/1123487.html
金连丸,https://www.dayi.org.cn/prescriptions/1123463.html
加减姜黄丸,https://www.dayi.org.cn/prescriptions/1123214.html
进食平胃丸,https://www.dayi.org.cn/prescriptions/1122990.html
举胎四物汤,https://www.dayi.org.cn/prescriptions/1122569.html
返汗化水汤,https://www.dayi.org.cn/prescriptions/1122494.html
防己槟榔丸,https://www.dayi.org.cn/prescriptions/1122488.html
搐药麻黄散,https://www.dayi.org.cn/prescriptions/1122453.html
加味归术穹散,https://www.dayi.org.cn/prescriptions/1122403.html
抗原汤,https://www.dayi.org.cn/prescriptions/1122366.html
橘术四物汤,https://www.dayi.org.cn/prescriptions/1122342.html
六半汤,https://www.dayi.org.cn/prescriptions/1122320.html
刘寄奴饮,https://www.dayi.org.cn/prescriptions/1122316.html
苦龙汤,https://www.dayi.org.cn/prescriptions/1122240.html
柴芩活血散结汤,https://www.dayi.org.cn/prescriptions/1122197.html
解暑散,https://www.dayi.org.cn/prescriptions/1122162.html
地黄人参丸,https://www.dayi.org.cn/prescriptions/1122089.html
川芎茶调丸,https://www.dayi.org.cn/prescriptions/1122087.html
二地黄丸,https://www.dayi.org.cn/prescriptions/1122064.html
二地二冬汤,https://www.dayi.org.cn/prescriptions/1122063.html
参苓术附汤,https://www.dayi.org.cn/prescriptions/1122047.html
参苓麻草汤,https://www.dayi.org.cn/prescriptions/1122045.html
小鸟沉汤,https://www.dayi.org.cn/prescriptions/1122015.html
脱花煎,https://www.dayi.org.cn/prescriptions/1121975.html
愈风四物汤,https://www.dayi.org.cn/prescriptions/1121928.html
榆砂汤,https://www.dayi.org.cn/prescriptions/1121900.html
调经愈痛汤,https://www.dayi.org.cn/prescriptions/1121893.html
缩汗煎《仙拈集》,https://www.dayi.org.cn/prescriptions/1121882.html
障脐汤《辨证录》,https://www.dayi.org.cn/prescriptions/1121866.html
调脾饮,https://www.dayi.org.cn/prescriptions/1121842.html
调顺阴阳汤,https://www.dayi.org.cn/prescriptions/1121837.html
调荣养卫汤《伤寒六书》,https://www.dayi.org.cn/prescriptions/1121835.html
缩汗煎,https://www.dayi.org.cn/prescriptions/1121805.html
黄芩芍药汤《活法机要》,https://www.dayi.org.cn/prescriptions/1121769.html
黄芪解肌汤,https://www.dayi.org.cn/prescriptions/1121768.html
槐壳丸,https://www.dayi.org.cn/prescriptions/1121757.html
槐黄丸,https://www.dayi.org.cn/prescriptions/1121747.html
化云汤,https://www.dayi.org.cn/prescriptions/1121738.html
滑胎煎,https://www.dayi.org.cn/prescriptions/1121726.html
琥珀六合汤,https://www.dayi.org.cn/prescriptions/1121698.html
琥珀分清泄浊丸,https://www.dayi.org.cn/prescriptions/1121690.html
泽及汤,https://www.dayi.org.cn/prescriptions/1121677.html
甘草泽泻汤,https://www.dayi.org.cn/prescriptions/1121635.html
溉喉汤,https://www.dayi.org.cn/prescriptions/1121632.html
缓攻汤,https://www.dayi.org.cn/prescriptions/1121602.html
藁本汤,https://www.dayi.org.cn/prescriptions/1121577.html
干姜双黄汤,https://www.dayi.org.cn/prescriptions/1121571.html
滋阴润燥汤,https://www.dayi.org.cn/prescriptions/1121564.html
热六合汤,https://www.dayi.org.cn/prescriptions/1121550.html
黄芩清热汤,https://www.dayi.org.cn/prescriptions/1121545.html
黄芩羌活汤,https://www.dayi.org.cn/prescriptions/1121544.html
活血散风汤,https://www.dayi.org.cn/prescriptions/1121507.html
化漏汤,https://www.dayi.org.cn/prescriptions/1121492.html
寒六合汤,https://www.dayi.org.cn/prescriptions/1121474.html
宣郁化毒汤,https://www.dayi.org.cn/prescriptions/1121395.html
芎麻汤,https://www.dayi.org.cn/prescriptions/1121392.html
芎附饮,https://www.dayi.org.cn/prescriptions/1121389.html
散风除湿活血汤,https://www.dayi.org.cn/prescriptions/1121383.html
黄芩赤风汤,https://www.dayi.org.cn/prescriptions/1121375.html
黄连泻火汤,https://www.dayi.org.cn/prescriptions/1121372.html
加减三五七散,https://www.dayi.org.cn/prescriptions/1121360.html
治气六合汤,https://www.dayi.org.cn/prescriptions/1121353.html
蒿草饮,https://www.dayi.org.cn/prescriptions/1121325.html
谷疸丸《三因极一病证方论》,https://www.dayi.org.cn/prescriptions/1121310.html
清臭饮,https://www.dayi.org.cn/prescriptions/1121245.html
七味圣神汤,https://www.dayi.org.cn/prescriptions/1121222.html
蔓荆子汤,https://www.dayi.org.cn/prescriptions/1121180.html
蔓荆汤,https://www.dayi.org.cn/prescriptions/1121179.html
菊叶汤,https://www.dayi.org.cn/prescriptions/1121120.html
九物饮,https://www.dayi.org.cn/prescriptions/1121098.html
进退四物汤,https://www.dayi.org.cn/prescriptions/1121082.html
解邪汤,https://www.dayi.org.cn/prescriptions/1121061.html
解下除湿汤,https://www.dayi.org.cn/prescriptions/1121060.html
解湿汤,https://www.dayi.org.cn/prescriptions/1121050.html
解菌汤,https://www.dayi.org.cn/prescriptions/1121036.html
解肌地骨皮汤《圣济总录》,https://www.dayi.org.cn/prescriptions/1121020.html
解寒汤,https://www.dayi.org.cn/prescriptions/1121018.html
解毒疏痘汤《赤水玄珠全集》,https://www.dayi.org.cn/prescriptions/1120998.html
解毒十宣汤《疮疡经验全书》,https://www.dayi.org.cn/prescriptions/1120997.html
解带利湿汤《辨证录》,https://www.dayi.org.cn/prescriptions/1120965.html
椒芷汤《叶氏女科证治秘方》,https://www.dayi.org.cn/prescriptions/1120944.html
黑虎汤《疡医大全》,https://www.dayi.org.cn/prescriptions/1120895.html
合德丸《普济方》,https://www.dayi.org.cn/prescriptions/1120860.html
固中丸,https://www.dayi.org.cn/prescriptions/1120835.html
葛连丸,https://www.dayi.org.cn/prescriptions/1120812.html
葛黄丸,https://www.dayi.org.cn/prescriptions/1120811.html
干姜四物汤,https://www.dayi.org.cn/prescriptions/1120763.html
腹痛六合汤,https://www.dayi.org.cn/prescriptions/1120738.html
腹痛煎,https://www.dayi.org.cn/prescriptions/1120737.html
复方木贼汤,https://www.dayi.org.cn/prescriptions/1120726.html
附子当归丸,https://www.dayi.org.cn/prescriptions/1120720.html
妇女养血丸,https://www.dayi.org.cn/prescriptions/1120716.html
福庭丸,https://www.dayi.org.cn/prescriptions/1120712.html
浮萍茯苓丸,https://www.dayi.org.cn/prescriptions/1120704.html
舒肝活血汤,https://www.dayi.org.cn/prescriptions/1120635.html
山楂荷叶饮,https://www.dayi.org.cn/prescriptions/1120607.html
回疮金银花汤,https://www.dayi.org.cn/prescriptions/1120586.html
调经柴胡汤,https://www.dayi.org.cn/prescriptions/1120562.html
调导饮,https://www.dayi.org.cn/prescriptions/1120561.html
葶苈清肺饮,https://www.dayi.org.cn/prescriptions/1120520.html
殿胞煎,https://www.dayi.org.cn/prescriptions/1120509.html
当归养荣汤《原机启微》,https://www.dayi.org.cn/prescriptions/1120487.html
陈皮藿香汤,https://www.dayi.org.cn/prescriptions/1120454.html
磁石木香丸《太平圣惠方》,https://www.dayi.org.cn/prescriptions/1120441.html
磁石木香丸,https://www.dayi.org.cn/prescriptions/1120407.html
疏肝散瘀汤,https://www.dayi.org.cn/prescriptions/1120378.html
连附六一汤,https://www.dayi.org.cn/prescriptions/1120354.html
加减三黄丸,https://www.dayi.org.cn/prescriptions/1120179.html
加减木香丸,https://www.dayi.org.cn/prescriptions/1119980.html
桂枝合补血汤,https://www.dayi.org.cn/prescriptions/1119971.html
对金散,https://www.dayi.org.cn/prescriptions/1119141.html
复脉汤,https://www.dayi.org.cn/prescriptions/1118854.html
建胃丸,https://www.dayi.org.cn/prescriptions/1118729.html
活血舒和散,https://www.dayi.org.cn/prescriptions/1118434.html
四柱散,https://www.dayi.org.cn/prescriptions/1118396.html
白术黄芪汤《素问病机气宜保命集》,https://www.dayi.org.cn/prescriptions/1113323.html
黄连香薷饮《活人书》,https://www.dayi.org.cn/prescriptions/1112808.html
清震汤《卫生宝鉴》,https://www.dayi.org.cn/prescriptions/1112584.html
黄芩芍药汤《玉机微义》,https://www.dayi.org.cn/prescriptions/1112415.html
黄连白术饮,https://www.dayi.org.cn/prescriptions/1112009.html
黄芪柏子仁散,https://www.dayi.org.cn/prescriptions/1111905.html
剪红饮,https://www.dayi.org.cn/prescriptions/1111795.html
淮南王枕中丸,https://www.dayi.org.cn/prescriptions/1111647.html
黄连六一汤,https://www.dayi.org.cn/prescriptions/1111616.html
菊叶汤《宣明论方》,https://www.dayi.org.cn/prescriptions/1111512.html
麻黄蝉蜕汤,https://www.dayi.org.cn/prescriptions/1111301.html
麻黄根汤《圣济总录》,https://www.dayi.org.cn/prescriptions/1111187.html
黄连木通丸,https://www.dayi.org.cn/prescriptions/1111059.html
黄柏汤《圣济总录》卷一八一,https://www.dayi.org.cn/prescriptions/1110970.html
黄金散《普济方》,https://www.dayi.org.cn/prescriptions/1110887.html
黄白散《普济方》,https://www.dayi.org.cn/prescriptions/1110817.html
黄芩丸《医心方》,https://www.dayi.org.cn/prescriptions/1110603.html
寄奴汤,https://www.dayi.org.cn/prescriptions/1110530.html
理中附子汤,https://www.dayi.org.cn/prescriptions/1110442.html
黄芪四君汤,https://www.dayi.org.cn/prescriptions/1110404.html
断红饮,https://www.dayi.org.cn/prescriptions/1110265.html
黄柏升麻汤《伤寒总病论》,https://www.dayi.org.cn/prescriptions/1110207.html
理气调荣汤《简明医彀》,https://www.dayi.org.cn/prescriptions/1110052.html
麻黄厚朴汤,https://www.dayi.org.cn/prescriptions/1110007.html
蛇床子汤《外科正宗》,https://www.dayi.org.cn/prescriptions/1109871.html
救乳化毒汤《洞天奥旨》,https://www.dayi.org.cn/prescriptions/1109589.html
黄芩丸《圣济总录》,https://www.dayi.org.cn/prescriptions/1109405.html
理气平肝散《赤水玄珠全集》,https://www.dayi.org.cn/prescriptions/1109299.html
黄芪赤昆汤,https://www.dayi.org.cn/prescriptions/1109266.html
黄芽丸,https://www.dayi.org.cn/prescriptions/1109252.html
麻黄桂枝汤《云岐子保命集》,https://www.dayi.org.cn/prescriptions/1109143.html
萆薢耆附汤,https://www.dayi.org.cn/prescriptions/1109001.html
黄芪五味散,https://www.dayi.org.cn/prescriptions/1108885.html
黄芪八珍汤,https://www.dayi.org.cn/prescriptions/1108795.html
理经汤《女科指南集》,https://www.dayi.org.cn/prescriptions/1108616.html
黄连枳壳汤,https://www.dayi.org.cn/prescriptions/1108494.html
黄连茱萸汤,https://www.dayi.org.cn/prescriptions/1108484.html
理中加石膏汤《伤寒图歌活人指掌》,https://www.dayi.org.cn/prescriptions/1108478.html
救乱汤《石室秘录》,https://www.dayi.org.cn/prescriptions/1108472.html
麻黄茵陈醇酒汤,https://www.dayi.org.cn/prescriptions/1108419.html
理气治中汤《赤水玄珠》,https://www.dayi.org.cn/prescriptions/1108355.html
理气通经汤《中医症状鉴别诊断学》,https://www.dayi.org.cn/prescriptions/1108198.html
黄连白术汤,https://www.dayi.org.cn/prescriptions/1107793.html
黄连麦冬汤,https://www.dayi.org.cn/prescriptions/1107674.html
救痘煎《仙拈集》,https://www.dayi.org.cn/prescriptions/1107550.html
麻前饮,https://www.dayi.org.cn/prescriptions/1107376.html
黄钟丸,https://www.dayi.org.cn/prescriptions/1107323.html
清胃理脾汤,https://www.dayi.org.cn/prescriptions/1107289.html
黄连天花粉丸,https://www.dayi.org.cn/prescriptions/1107192.html
黄良丸,https://www.dayi.org.cn/prescriptions/1107134.html
续断饮《圣济总录》,https://www.dayi.org.cn/prescriptions/1107131.html
理中当归汤《医心方》,https://www.dayi.org.cn/prescriptions/1107043.html
黄芪桃红汤,https://www.dayi.org.cn/prescriptions/1107022.html
救割全生汤《石室秘录》,https://www.dayi.org.cn/prescriptions/1106993.html
救生汤《产科发蒙》,https://www.dayi.org.cn/prescriptions/1106925.html
萆薢丸《太平圣惠方》卷十九,https://www.dayi.org.cn/prescriptions/1106750.html
麻桂温经汤,https://www.dayi.org.cn/prescriptions/1106745.html
麻黄黄芩汤,https://www.dayi.org.cn/prescriptions/1106711.html
理脾汤《古今医鉴》,https://www.dayi.org.cn/prescriptions/1106607.html
辅正驱邪汤,https://www.dayi.org.cn/prescriptions/1106512.html
排气饮,https://www.dayi.org.cn/prescriptions/1106494.html
理气散寒汤《罗氏会约医镜》,https://www.dayi.org.cn/prescriptions/1106493.html
清流饮,https://www.dayi.org.cn/prescriptions/1106490.html
救误益气汤《女科秘要》,https://www.dayi.org.cn/prescriptions/1106469.html
黄芪补血汤,https://www.dayi.org.cn/prescriptions/1106468.html
黄芩白芍汤,https://www.dayi.org.cn/prescriptions/1106395.html
理中化滞汤《医学传灯》,https://www.dayi.org.cn/prescriptions/1106362.html
黄柏汤《医方类聚》,https://www.dayi.org.cn/prescriptions/1106352.html
黄叶汤,https://www.dayi.org.cn/prescriptions/1106351.html
断下汤,https://www.dayi.org.cn/prescriptions/1106315.html
黄连香薷汤,https://www.dayi.org.cn/prescriptions/1106219.html
理中加二味汤《外台秘要》,https://www.dayi.org.cn/prescriptions/1106000.html
清肌渗湿汤,https://www.dayi.org.cn/prescriptions/1105946.html
救脏汤《石室秘录》,https://www.dayi.org.cn/prescriptions/1105885.html
救喉汤《辨证录》,https://www.dayi.org.cn/prescriptions/1105868.html
救脑汤《辨证录》,https://www.dayi.org.cn/prescriptions/1105860.html
理气活血汤《张皆春眼科证治》,https://www.dayi.org.cn/prescriptions/1105778.html
救汗回生汤《辨证录》,https://www.dayi.org.cn/prescriptions/1105751.html
救腑回阳汤《辨证录》,https://www.dayi.org.cn/prescriptions/1105744.html
救逆止利汤《石室秘录》,https://www.dayi.org.cn/prescriptions/1105742.html
理鬓汤《辨证录》,https://www.dayi.org.cn/prescriptions/1105740.html
救产止痉汤《辨证录》,https://www.dayi.org.cn/prescriptions/1105725.html
理阴煎,https://www.dayi.org.cn/prescriptions/1105693.html
理中加丁香汤,https://www.dayi.org.cn/prescriptions/1105687.html
黄龙四物汤,https://www.dayi.org.cn/prescriptions/1105666.html
清热渗湿汤,https://www.dayi.org.cn/prescriptions/1105658.html
麻黄羌活汤,https://www.dayi.org.cn/prescriptions/1105641.html
黄芪建中加当归汤,https://www.dayi.org.cn/prescriptions/1105541.html
理中加茵陈汤《伤寒图歌活人指掌》,https://www.dayi.org.cn/prescriptions/1105531.html
黄芩黄连甘草汤,https://www.dayi.org.cn/prescriptions/1105465.html
梨浆饮《活幼口议》,https://www.dayi.org.cn/prescriptions/1105444.html
黄连芎归汤,https://www.dayi.org.cn/prescriptions/1105372.html
黄芩六合汤,https://www.dayi.org.cn/prescriptions/1105327.html
黄甘丸《圣济总录》,https://www.dayi.org.cn/prescriptions/1105285.html
桃红饮《类证治裁》,https://www.dayi.org.cn/prescriptions/1104924.html
高良姜汤《圣济总录》,https://www.dayi.org.cn/prescriptions/1104909.html
凉血宽肠汤《杏苑回春》,https://www.dayi.org.cn/prescriptions/1103724.html
桂苓术附汤,https://www.dayi.org.cn/prescriptions/1103457.html
秦艽汤《性病》,https://www.dayi.org.cn/prescriptions/1103435.html
莪术汤《竹林女科》,https://www.dayi.org.cn/prescriptions/1103390.html
桂枝加人参附子汤,https://www.dayi.org.cn/prescriptions/1103180.html
家秘戊己汤,https://www.dayi.org.cn/prescriptions/1103046.html
通肝生乳汤《傅青主女科》,https://www.dayi.org.cn/prescriptions/1102925.html
高良姜丸,https://www.dayi.org.cn/prescriptions/1102842.html
宽脾散,https://www.dayi.org.cn/prescriptions/1102748.html
消乳汤,https://www.dayi.org.cn/prescriptions/1102104.html
家秘桂枝汤,https://www.dayi.org.cn/prescriptions/1101879.html
调胃承气加橘皮汤,https://www.dayi.org.cn/prescriptions/1101414.html
桂术散,https://www.dayi.org.cn/prescriptions/1101392.html
宽中汤《万氏家抄方》,https://www.dayi.org.cn/prescriptions/1101076.html
桂枝芍药汤《痘疹心法》,https://www.dayi.org.cn/prescriptions/1101020.html
健中汤,https://www.dayi.org.cn/prescriptions/1100160.html
桂枝加干姜汤,https://www.dayi.org.cn/prescriptions/1100120.html
都梁丸《北京市中药成方选集》,https://www.dayi.org.cn/prescriptions/1100041.html
凉血地黄加人参汤,https://www.dayi.org.cn/prescriptions/1099762.html
桂枝皂角汤,https://www.dayi.org.cn/prescriptions/1099524.html
宽中快癍汤《医宗金鉴》,https://www.dayi.org.cn/prescriptions/1099368.html
调元固表汤,https://www.dayi.org.cn/prescriptions/1099291.html
宽肝汤《辨证录》,https://www.dayi.org.cn/prescriptions/1099119.html
海浮散,https://www.dayi.org.cn/prescriptions/1099092.html
桂枝白芍汤,https://www.dayi.org.cn/prescriptions/1099059.html
健土杀虫汤,https://www.dayi.org.cn/prescriptions/1099058.html
倍灵丸,https://www.dayi.org.cn/prescriptions/1099004.html
益气救脱汤《中医症状鉴别诊断学》,https://www.dayi.org.cn/prescriptions/1098915.html
健脾渗湿饮,https://www.dayi.org.cn/prescriptions/1098460.html
调和饮《万病回春》,https://www.dayi.org.cn/prescriptions/1098338.html
调中理气汤,https://www.dayi.org.cn/prescriptions/1098328.html
凉胎饮《景岳全书》,https://www.dayi.org.cn/prescriptions/1098316.html
家秘川连枳壳汤,https://www.dayi.org.cn/prescriptions/1098253.html
柴苓饮《景岳全书》,https://www.dayi.org.cn/prescriptions/1098213.html
家秘冲和汤,https://www.dayi.org.cn/prescriptions/1098205.html
夏枯草汤《名家方选》,https://www.dayi.org.cn/prescriptions/1098085.html
消毒百应丸《万病回春》,https://www.dayi.org.cn/prescriptions/1097837.html
调营定痛丸,https://www.dayi.org.cn/prescriptions/1097716.html
调中平胃丸,https://www.dayi.org.cn/prescriptions/1097670.html
调中益胃汤,https://www.dayi.org.cn/prescriptions/1097574.html
宽中散《医林纂要》,https://www.dayi.org.cn/prescriptions/1097522.html
倍苓丸,https://www.dayi.org.cn/prescriptions/1097371.html
凉血养营煎,https://www.dayi.org.cn/prescriptions/1097358.html
逐寒荡惊汤《福幼编》,https://www.dayi.org.cn/prescriptions/1097320.html
家秘理中汤,https://www.dayi.org.cn/prescriptions/1097163.html
桂苓丸,https://www.dayi.org.cn/prescriptions/1097041.html
起死轻骨膏《幼幼新书》,https://www.dayi.org.cn/prescriptions/1097027.html
通气防风汤《内外伤辨惑论》,https://www.dayi.org.cn/prescriptions/1096987.html
通脉汤《达生篇》,https://www.dayi.org.cn/prescriptions/1096969.html
调经饮《景岳全书》,https://www.dayi.org.cn/prescriptions/1096769.html
除湿羌活汤,https://www.dayi.org.cn/prescriptions/1096562.html
活络饮,https://www.dayi.org.cn/prescriptions/1096472.html
香芎汤《圣济总录》卷十七,https://www.dayi.org.cn/prescriptions/1095986.html
枳芩散,https://www.dayi.org.cn/prescriptions/1095457.html
香附汤,https://www.dayi.org.cn/prescriptions/1095010.html
祛风解毒汤,https://www.dayi.org.cn/prescriptions/1094675.html
姜桂苓砂汤,https://www.dayi.org.cn/prescriptions/1094391.html
姜草汤,https://www.dayi.org.cn/prescriptions/1094346.html
香甘散,https://www.dayi.org.cn/prescriptions/1094330.html
厚朴散《圣济总录》卷七十四,https://www.dayi.org.cn/prescriptions/1094224.html
栀子升麻汤,https://www.dayi.org.cn/prescriptions/1094022.html
香乳散,https://www.dayi.org.cn/prescriptions/1093904.html
荆穗四物汤《金鉴》,https://www.dayi.org.cn/prescriptions/1093837.html
活血定痛汤,https://www.dayi.org.cn/prescriptions/1093797.html
养血汤《麻科活人》,https://www.dayi.org.cn/prescriptions/1093598.html
姜桂散《圣济总录》,https://www.dayi.org.cn/prescriptions/1093570.html
姜黄散《圣济总录》卷五十五,https://www.dayi.org.cn/prescriptions/1093567.html
姜连木香饮,https://www.dayi.org.cn/prescriptions/1093462.html
草果建中汤,https://www.dayi.org.cn/prescriptions/1093436.html
活瘀理气汤,https://www.dayi.org.cn/prescriptions/1093398.html
荆防地黄汤,https://www.dayi.org.cn/prescriptions/1092821.html
胡连丸,https://www.dayi.org.cn/prescriptions/1092811.html
荆芥甘草防风汤《医方类聚》,https://www.dayi.org.cn/prescriptions/1092802.html
茯苓车前子饮,https://www.dayi.org.cn/prescriptions/1092723.html
枳香散,https://www.dayi.org.cn/prescriptions/1092559.html
举陷参芪煎《重订通俗伤寒论》,https://www.dayi.org.cn/prescriptions/1092494.html
除眩四物汤《鲁府禁方》,https://www.dayi.org.cn/prescriptions/1092413.html
枳壳橘皮汤,https://www.dayi.org.cn/prescriptions/1092312.html
济生丸,https://www.dayi.org.cn/prescriptions/1092115.html
柏术丸《吴氏医方汇编》,https://www.dayi.org.cn/prescriptions/1092051.html
独活秦艽汤《症因脉治》,https://www.dayi.org.cn/prescriptions/1091913.html
茯苓钩藤汤,https://www.dayi.org.cn/prescriptions/1091908.html
茯苓参甘厚朴汤,https://www.dayi.org.cn/prescriptions/1091824.html
茯苓茱萸丸,https://www.dayi.org.cn/prescriptions/1091686.html
独活防风汤《赤水玄珠》,https://www.dayi.org.cn/prescriptions/1091547.html
茯苓六合汤,https://www.dayi.org.cn/prescriptions/1091481.html
姜苓桂枝汤,https://www.dayi.org.cn/prescriptions/1091035.html
柏香丸《银海指南》,https://www.dayi.org.cn/prescriptions/1090934.html
香附散《眼科阐微》,https://www.dayi.org.cn/prescriptions/1090823.html
养荣汤《慈幼新书》,https://www.dayi.org.cn/prescriptions/1090723.html
活血丸,https://www.dayi.org.cn/prescriptions/1090684.html
急救寒厥汤,https://www.dayi.org.cn/prescriptions/1090415.html
济艰催挽汤,https://www.dayi.org.cn/prescriptions/1090304.html
胡椒汤《圣济总录》,https://www.dayi.org.cn/prescriptions/1090061.html
厚朴散《鸡峰普济方》,https://www.dayi.org.cn/prescriptions/1090056.html
骨槽风丸,https://www.dayi.org.cn/prescriptions/1089817.html
茵陈栀子汤《东医宝鉴》,https://www.dayi.org.cn/prescriptions/1089814.html
洗心散《古今医统大全》,https://www.dayi.org.cn/prescriptions/1089326.html
祛风清上散,https://www.dayi.org.cn/prescriptions/1089318.html
选奇汤,https://www.dayi.org.cn/prescriptions/1089310.html
活血解毒透肌汤,https://www.dayi.org.cn/prescriptions/1088912.html
济生汤,https://www.dayi.org.cn/prescriptions/1088899.html
姜附汤《辨证录》,https://www.dayi.org.cn/prescriptions/1088896.html
活血止痛散《古今医鉴》,https://www.dayi.org.cn/prescriptions/1088723.html
柏黄丸《赤水玄珠》,https://www.dayi.org.cn/prescriptions/1088542.html
活命汤,https://www.dayi.org.cn/prescriptions/1088244.html
姜附汤《普济方》,https://www.dayi.org.cn/prescriptions/1088009.html
香壳汤,https://www.dayi.org.cn/prescriptions/1087993.html
神香散《景岳全书》,https://www.dayi.org.cn/prescriptions/1087984.html
栀子升麻汤《类证活人书》卷十七,https://www.dayi.org.cn/prescriptions/1087963.html
荆黄汤《素问病机气宜保命集》,https://www.dayi.org.cn/prescriptions/1087936.html
香砂理中汤《医学传灯》,https://www.dayi.org.cn/prescriptions/1087895.html
独活细辛汤,https://www.dayi.org.cn/prescriptions/1087856.html
姜黄散《赤水玄珠》卷十二,https://www.dayi.org.cn/prescriptions/1087843.html
养中煎,https://www.dayi.org.cn/prescriptions/1087644.html
活血调气汤,https://www.dayi.org.cn/prescriptions/1087516.html
茯苓理中汤,https://www.dayi.org.cn/prescriptions/1087042.html
荆黄汤《医方大成》,https://www.dayi.org.cn/prescriptions/1086983.html
荆防四物汤《张皆春眼科证治》,https://www.dayi.org.cn/prescriptions/1086795.html