"https://image.dayi.org.cn/public/uploads/prescriptions/901954.jpg?x-oss-process=image/resize,w_150"
"https://image.dayi.org.cn/public/prescriptions/901726.jpg?x-oss-process=image/resize,w_150"
"https://image.dayi.org.cn/public/prescriptions/901769.jpg?x-oss-process=image/resize,w_150"
"https://image.dayi.org.cn/public/prescriptions/901828.jpg?x-oss-process=image/resize,w_150"
"https://image.dayi.org.cn/public/prescriptions/901874.jpg?x-oss-process=image/resize,w_150"
"https://image.dayi.org.cn/public/prescriptions/901944.jpg?x-oss-process=image/resize,w_150"
"https://image.dayi.org.cn/public/prescriptions/901949.jpg?x-oss-process=image/resize,w_150"
https://www.dayi.org.cn/_nuxt/img/public.80604db.jpg
"https://image.dayi.org.cn/public/prescriptions/1122715.jpg?x-oss-process=image/resize,w_150"
"https://image.dayi.org.cn/public/uploads/prescriptions/901716.jpg?x-oss-process=image/resize,w_150"
"https://image.dayi.org.cn/public/prescriptions/901861.jpg?x-oss-process=image/resize,w_150"
https://www.dayi.org.cn/_nuxt/img/public.80604db.jpg
"https://image.dayi.org.cn/public/uploads/prescriptions/1119134.jpg?x-oss-process=image/resize,w_150"
https://www.dayi.org.cn/_nuxt/img/public.80604db.jpg
"https://image.dayi.org.cn/public/uploads/prescriptions/901857.jpg?x-oss-process=image/resize,w_150"
"https://image.dayi.org.cn/public/uploads/prescriptions/901867.jpg?x-oss-process=image/resize,w_150"
"https://image.dayi.org.cn/public/uploads/prescriptions/901938.jpg?x-oss-process=image/resize,w_150"
"https://image.dayi.org.cn/public/uploads/prescriptions/901790.jpg?x-oss-process=image/resize,w_150"
"https://image.dayi.org.cn/public/prescriptions/900400.jpg?x-oss-process=image/resize,w_150"
https://www.dayi.org.cn/_nuxt/img/public.80604db.jpg
"https://image.dayi.org.cn/public/prescriptions/901847.jpg?x-oss-process=image/resize,w_150"
"https://image.dayi.org.cn/public/uploads/prescriptions/901810.jpg?x-oss-process=image/resize,w_150"
https://www.dayi.org.cn/_nuxt/img/public.80604db.jpg
"https://image.dayi.org.cn/public/prescriptions/901777.jpg?x-oss-process=image/resize,w_150"
https://www.dayi.org.cn/_nuxt/img/public.80604db.jpg
"https://image.dayi.org.cn/public/uploads/prescriptions/1120015.jpg?x-oss-process=image/resize,w_150"
"https://image.dayi.org.cn/public/prescriptions/901831.jpg?x-oss-process=image/resize,w_150"
https://www.dayi.org.cn/_nuxt/img/public.80604db.jpg
"https://image.dayi.org.cn/public/prescriptions/900281.jpg?x-oss-process=image/resize,w_150"
https://www.dayi.org.cn/_nuxt/img/public.80604db.jpg
"https://image.dayi.org.cn/public/uploads/prescriptions/901764.jpg?x-oss-process=image/resize,w_150"
"https://image.dayi.org.cn/public/prescriptions/901863.jpg?x-oss-process=image/resize,w_150"
"https://image.dayi.org.cn/public/uploads/prescriptions/901839.jpg?x-oss-process=image/resize,w_150"
"https://image.dayi.org.cn/public/prescriptions/900993.jpg?x-oss-process=image/resize,w_150"
https://www.dayi.org.cn/_nuxt/img/public.80604db.jpg
"https://image.dayi.org.cn/public/prescriptions/901656.jpg?x-oss-process=image/resize,w_150"
"https://image.dayi.org.cn/public/prescriptions/901948.jpg?x-oss-process=image/resize,w_150"
https://www.dayi.org.cn/_nuxt/img/public.80604db.jpg
"https://image.dayi.org.cn/public/prescriptions/901545.jpg?x-oss-process=image/resize,w_150"
"https://image.dayi.org.cn/public/prescriptions/901547.jpg?x-oss-process=image/resize,w_150"
"https://image.dayi.org.cn/public/prescriptions/901773.jpg?x-oss-process=image/resize,w_150"
"https://image.dayi.org.cn/public/prescriptions/901540.jpg?x-oss-process=image/resize,w_150"
https://www.dayi.org.cn/_nuxt/img/public.80604db.jpg
"https://image.dayi.org.cn/public/prescriptions/1119047.jpg?x-oss-process=image/resize,w_150"
"https://image.dayi.org.cn/public/prescriptions/900739.jpg?x-oss-process=image/resize,w_150"
"https://image.dayi.org.cn/public/prescriptions/900230.jpg?x-oss-process=image/resize,w_150"
"https://image.dayi.org.cn/public/prescriptions/1109331.jpg?x-oss-process=image/resize,w_150"
"https://image.dayi.org.cn/public/prescriptions/901962.jpg?x-oss-process=image/resize,w_150"
https://www.dayi.org.cn/_nuxt/img/public.80604db.jpg
"https://image.dayi.org.cn/public/prescriptions/1106497.jpg?x-oss-process=image/resize,w_150"
"https://image.dayi.org.cn/public/prescriptions/1129348.jpg?x-oss-process=image/resize,w_150"
https://www.dayi.org.cn/_nuxt/img/public.80604db.jpg
https://www.dayi.org.cn/_nuxt/img/public.80604db.jpg
https://www.dayi.org.cn/_nuxt/img/public.80604db.jpg
https://www.dayi.org.cn/_nuxt/img/public.80604db.jpg
"https://image.dayi.org.cn/public/prescriptions/901840.jpg?x-oss-process=image/resize,w_150"
"https://image.dayi.org.cn/public/prescriptions/901929.jpg?x-oss-process=image/resize,w_150"
"https://image.dayi.org.cn/public/prescriptions/901379.jpg?x-oss-process=image/resize,w_150"
"https://image.dayi.org.cn/public/uploads/prescriptions/901844.jpg?x-oss-process=image/resize,w_150"
https://www.dayi.org.cn/_nuxt/img/public.80604db.jpg
https://www.dayi.org.cn/_nuxt/img/public.80604db.jpg
"https://image.dayi.org.cn/public/uploads/prescriptions/901812.jpg?x-oss-process=image/resize,w_150"
"https://image.dayi.org.cn/public/prescriptions/900155.jpg?x-oss-process=image/resize,w_150"
"https://image.dayi.org.cn/public/prescriptions/901860.jpg?x-oss-process=image/resize,w_150"
"https://image.dayi.org.cn/public/uploads/prescriptions/1119072.jpg?x-oss-process=image/resize,w_150"
https://www.dayi.org.cn/_nuxt/img/public.80604db.jpg
"https://image.dayi.org.cn/public/prescriptions/1050059.jpg?x-oss-process=image/resize,w_150"
"https://image.dayi.org.cn/public/prescriptions/1121308.jpg?x-oss-process=image/resize,w_150"
"https://image.dayi.org.cn/public/prescriptions/901958.jpg?x-oss-process=image/resize,w_150"
"https://image.dayi.org.cn/public/prescriptions/1121205.jpg?x-oss-process=image/resize,w_150"
"https://image.dayi.org.cn/public/uploads/prescriptions/1050568.jpg?x-oss-process=image/resize,w_150"
"https://image.dayi.org.cn/public/prescriptions/1032250.jpg?x-oss-process=image/resize,w_150"
"https://image.dayi.org.cn/public/prescriptions/901842.jpg?x-oss-process=image/resize,w_150"
https://www.dayi.org.cn/_nuxt/img/public.80604db.jpg
"https://image.dayi.org.cn/public/uploads/prescriptions/901825.jpg?x-oss-process=image/resize,w_150"
"https://image.dayi.org.cn/public/prescriptions/901789.jpg?x-oss-process=image/resize,w_150"
https://www.dayi.org.cn/_nuxt/img/public.80604db.jpg
"https://image.dayi.org.cn/public/prescriptions/901767.jpg?x-oss-process=image/resize,w_150"
"https://image.dayi.org.cn/public/prescriptions/901756.jpg?x-oss-process=image/resize,w_150"
"https://image.dayi.org.cn/public/prescriptions/901542.jpg?x-oss-process=image/resize,w_150"
"https://image.dayi.org.cn/public/prescriptions/901544.jpg?x-oss-process=image/resize,w_150"
"https://image.dayi.org.cn/public/uploads/prescriptions/901787.jpg?x-oss-process=image/resize,w_150"
https://www.dayi.org.cn/_nuxt/img/public.80604db.jpg
"https://image.dayi.org.cn/public/prescriptions/1029663.jpg?x-oss-process=image/resize,w_150"
https://www.dayi.org.cn/_nuxt/img/public.80604db.jpg
"https://image.dayi.org.cn/public/uploads/prescriptions/1118329.jpg?x-oss-process=image/resize,w_150"
https://www.dayi.org.cn/_nuxt/img/public.80604db.jpg
https://www.dayi.org.cn/_nuxt/img/public.80604db.jpg
https://www.dayi.org.cn/_nuxt/img/public.80604db.jpg
"https://image.dayi.org.cn/public/uploads/prescriptions/901852.jpg?x-oss-process=image/resize,w_150"
https://www.dayi.org.cn/_nuxt/img/public.80604db.jpg
"https://image.dayi.org.cn/public/uploads/prescriptions/901752.jpg?x-oss-process=image/resize,w_150"
https://www.dayi.org.cn/_nuxt/img/public.80604db.jpg
https://www.dayi.org.cn/_nuxt/img/public.80604db.jpg
"https://image.dayi.org.cn/public/prescriptions/901797.jpg?x-oss-process=image/resize,w_150"
"https://image.dayi.org.cn/public/uploads/prescriptions/901953.jpg?x-oss-process=image/resize,w_150"
https://www.dayi.org.cn/_nuxt/img/public.80604db.jpg
"https://image.dayi.org.cn/public/prescriptions/901935.jpg?x-oss-process=image/resize,w_150"
https://www.dayi.org.cn/_nuxt/img/public.80604db.jpg
https://www.dayi.org.cn/_nuxt/img/public.80604db.jpg
"https://image.dayi.org.cn/public/uploads/prescriptions/1112341.jpg?x-oss-process=image/resize,w_150"
"https://image.dayi.org.cn/public/uploads/prescriptions/901795.jpg?x-oss-process=image/resize,w_150"
https://www.dayi.org.cn/_nuxt/img/public.80604db.jpg
https://www.dayi.org.cn/_nuxt/img/public.80604db.jpg
"https://image.dayi.org.cn/public/prescriptions/1121322.jpg?x-oss-process=image/resize,w_150"
"https://image.dayi.org.cn/public/prescriptions/1071407.jpg?x-oss-process=image/resize,w_150"
"https://image.dayi.org.cn/public/uploads/prescriptions/901781.jpg?x-oss-process=image/resize,w_150"
https://www.dayi.org.cn/_nuxt/img/public.80604db.jpg
"https://image.dayi.org.cn/public/uploads/prescriptions/1122008.jpg?x-oss-process=image/resize,w_150"
"https://image.dayi.org.cn/public/prescriptions/1075342.jpg?x-oss-process=image/resize,w_150"
https://www.dayi.org.cn/_nuxt/img/public.80604db.jpg
"https://image.dayi.org.cn/public/prescriptions/901821.jpg?x-oss-process=image/resize,w_150"
"https://image.dayi.org.cn/public/prescriptions/900849.jpg?x-oss-process=image/resize,w_150"
"https://image.dayi.org.cn/public/prescriptions/1118541.jpg?x-oss-process=image/resize,w_150"
"https://image.dayi.org.cn/public/prescriptions/901548.jpg?x-oss-process=image/resize,w_150"
"https://image.dayi.org.cn/public/prescriptions/1121077.jpg?x-oss-process=image/resize,w_150"
"https://image.dayi.org.cn/public/prescriptions/1100329.jpg?x-oss-process=image/resize,w_150"
"https://image.dayi.org.cn/public/prescriptions/901763.jpg?x-oss-process=image/resize,w_150"
https://www.dayi.org.cn/_nuxt/img/public.80604db.jpg
https://www.dayi.org.cn/_nuxt/img/public.80604db.jpg
https://www.dayi.org.cn/_nuxt/img/public.80604db.jpg
https://www.dayi.org.cn/_nuxt/img/public.80604db.jpg
https://www.dayi.org.cn/_nuxt/img/public.80604db.jpg
"https://image.dayi.org.cn/public/prescriptions/1119014.jpg?x-oss-process=image/resize,w_150"
"https://image.dayi.org.cn/public/uploads/prescriptions/1097287.jpg?x-oss-process=image/resize,w_150"
https://www.dayi.org.cn/_nuxt/img/public.80604db.jpg
"https://image.dayi.org.cn/public/prescriptions/901771.jpg?x-oss-process=image/resize,w_150"
"https://image.dayi.org.cn/public/prescriptions/901855.jpg?x-oss-process=image/resize,w_150"
"https://image.dayi.org.cn/public/prescriptions/1029371.jpg?x-oss-process=image/resize,w_150"
"https://image.dayi.org.cn/public/prescriptions/901862.jpg?x-oss-process=image/resize,w_150"
https://www.dayi.org.cn/_nuxt/img/public.80604db.jpg
"https://image.dayi.org.cn/public/uploads/prescriptions/1119509.jpg?x-oss-process=image/resize,w_150"
https://www.dayi.org.cn/_nuxt/img/public.80604db.jpg
"https://image.dayi.org.cn/public/prescriptions/1119921.jpg?x-oss-process=image/resize,w_150"
https://www.dayi.org.cn/_nuxt/img/public.80604db.jpg
"https://image.dayi.org.cn/public/uploads/prescriptions/901838.jpg?x-oss-process=image/resize,w_150"
https://www.dayi.org.cn/_nuxt/img/public.80604db.jpg
https://www.dayi.org.cn/_nuxt/img/public.80604db.jpg
https://www.dayi.org.cn/_nuxt/img/public.80604db.jpg
"https://image.dayi.org.cn/public/prescriptions/1127885.jpg?x-oss-process=image/resize,w_150"
https://www.dayi.org.cn/_nuxt/img/public.80604db.jpg
"https://image.dayi.org.cn/public/prescriptions/1129476.jpg?x-oss-process=image/resize,w_150"
"https://image.dayi.org.cn/public/uploads/prescriptions/901798.jpg?x-oss-process=image/resize,w_150"
"https://image.dayi.org.cn/public/prescriptions/901952.jpg?x-oss-process=image/resize,w_150"
https://www.dayi.org.cn/_nuxt/img/public.80604db.jpg
"https://image.dayi.org.cn/public/prescriptions/1019864.jpg?x-oss-process=image/resize,w_150"
https://www.dayi.org.cn/_nuxt/img/public.80604db.jpg
"https://image.dayi.org.cn/public/prescriptions/1040801.jpg?x-oss-process=image/resize,w_150"
https://www.dayi.org.cn/_nuxt/img/public.80604db.jpg
"https://image.dayi.org.cn/public/prescriptions/901963.jpg?x-oss-process=image/resize,w_150"
"https://image.dayi.org.cn/public/uploads/prescriptions/1111637.jpg?x-oss-process=image/resize,w_150"
"https://image.dayi.org.cn/public/prescriptions/900036.jpg?x-oss-process=image/resize,w_150"
https://www.dayi.org.cn/_nuxt/img/public.80604db.jpg
https://www.dayi.org.cn/_nuxt/img/public.80604db.jpg
"https://image.dayi.org.cn/public/uploads/prescriptions/901957.jpg?x-oss-process=image/resize,w_150"
https://www.dayi.org.cn/_nuxt/img/public.80604db.jpg
"https://image.dayi.org.cn/public/uploads/prescriptions/1015169.jpg?x-oss-process=image/resize,w_150"
https://www.dayi.org.cn/_nuxt/img/public.80604db.jpg
"https://image.dayi.org.cn/public/uploads/prescriptions/901967.jpg?x-oss-process=image/resize,w_150"
https://www.dayi.org.cn/_nuxt/img/public.80604db.jpg
"https://image.dayi.org.cn/public/prescriptions/901870.jpg?x-oss-process=image/resize,w_150"
https://www.dayi.org.cn/_nuxt/img/public.80604db.jpg
https://www.dayi.org.cn/_nuxt/img/public.80604db.jpg
"https://image.dayi.org.cn/public/prescriptions/901775.jpg?x-oss-process=image/resize,w_150"
"https://image.dayi.org.cn/public/prescriptions/1015244.jpg?x-oss-process=image/resize,w_150"
https://www.dayi.org.cn/_nuxt/img/public.80604db.jpg
"https://image.dayi.org.cn/public/prescriptions/1119025.jpg?x-oss-process=image/resize,w_150"
https://www.dayi.org.cn/_nuxt/img/public.80604db.jpg
https://www.dayi.org.cn/_nuxt/img/public.80604db.jpg
"https://image.dayi.org.cn/public/prescriptions/1073026.jpg?x-oss-process=image/resize,w_150"
https://www.dayi.org.cn/_nuxt/img/public.80604db.jpg
"https://image.dayi.org.cn/public/prescriptions/1082609.jpg?x-oss-process=image/resize,w_150"
"https://image.dayi.org.cn/public/uploads/prescriptions/1119027.jpg?x-oss-process=image/resize,w_150"
"https://image.dayi.org.cn/public/uploads/prescriptions/1119759.jpg?x-oss-process=image/resize,w_150"
"https://image.dayi.org.cn/public/prescriptions/1097451.jpg?x-oss-process=image/resize,w_150"
"https://image.dayi.org.cn/public/uploads/prescriptions/901639.jpg?x-oss-process=image/resize,w_150"
"https://image.dayi.org.cn/public/uploads/prescriptions/1118792.jpg?x-oss-process=image/resize,w_150"
"https://image.dayi.org.cn/public/uploads/prescriptions/901786.jpg?x-oss-process=image/resize,w_150"
"https://image.dayi.org.cn/public/prescriptions/900950.jpg?x-oss-process=image/resize,w_150"
https://www.dayi.org.cn/_nuxt/img/public.80604db.jpg
https://www.dayi.org.cn/_nuxt/img/public.80604db.jpg
"https://image.dayi.org.cn/public/prescriptions/1086764.jpg?x-oss-process=image/resize,w_150"
"https://image.dayi.org.cn/public/uploads/prescriptions/1121192.jpg?x-oss-process=image/resize,w_150"
https://www.dayi.org.cn/_nuxt/img/public.80604db.jpg
"https://image.dayi.org.cn/public/prescriptions/1121881.jpg?x-oss-process=image/resize,w_150"
https://www.dayi.org.cn/_nuxt/img/public.80604db.jpg
https://www.dayi.org.cn/_nuxt/img/public.80604db.jpg
"https://image.dayi.org.cn/public/uploads/prescriptions/901841.jpg?x-oss-process=image/resize,w_150"
https://www.dayi.org.cn/_nuxt/img/public.80604db.jpg
"https://image.dayi.org.cn/public/prescriptions/900035.jpg?x-oss-process=image/resize,w_150"
"https://image.dayi.org.cn/public/prescriptions/1097079.jpg?x-oss-process=image/resize,w_150"
https://www.dayi.org.cn/_nuxt/img/public.80604db.jpg
"https://image.dayi.org.cn/public/uploads/prescriptions/1039041.jpg?x-oss-process=image/resize,w_150"
https://www.dayi.org.cn/_nuxt/img/public.80604db.jpg
"https://image.dayi.org.cn/public/uploads/prescriptions/1108472.jpg?x-oss-process=image/resize,w_150"
"https://image.dayi.org.cn/public/uploads/prescriptions/1120643.jpg?x-oss-process=image/resize,w_150"
"https://image.dayi.org.cn/public/prescriptions/901220.jpg?x-oss-process=image/resize,w_150"
https://www.dayi.org.cn/_nuxt/img/public.80604db.jpg
"https://image.dayi.org.cn/public/prescriptions/1048165.jpg?x-oss-process=image/resize,w_150"
https://www.dayi.org.cn/_nuxt/img/public.80604db.jpg
"https://image.dayi.org.cn/public/prescriptions/1086570.jpg?x-oss-process=image/resize,w_150"
https://www.dayi.org.cn/_nuxt/img/public.80604db.jpg
https://www.dayi.org.cn/_nuxt/img/public.80604db.jpg
"https://image.dayi.org.cn/public/prescriptions/900225.jpg?x-oss-process=image/resize,w_150"
"https://image.dayi.org.cn/public/uploads/prescriptions/1072812.jpg?x-oss-process=image/resize,w_150"
"https://image.dayi.org.cn/public/prescriptions/901351.jpg?x-oss-process=image/resize,w_150"
https://www.dayi.org.cn/_nuxt/img/public.80604db.jpg
"https://image.dayi.org.cn/public/prescriptions/1075605.jpg?x-oss-process=image/resize,w_150"
https://www.dayi.org.cn/_nuxt/img/public.80604db.jpg
https://www.dayi.org.cn/_nuxt/img/public.80604db.jpg
https://www.dayi.org.cn/_nuxt/img/public.80604db.jpg
https://www.dayi.org.cn/_nuxt/img/public.80604db.jpg
https://www.dayi.org.cn/_nuxt/img/public.80604db.jpg
https://www.dayi.org.cn/_nuxt/img/public.80604db.jpg
https://www.dayi.org.cn/_nuxt/img/public.80604db.jpg
https://www.dayi.org.cn/_nuxt/img/public.80604db.jpg
https://www.dayi.org.cn/_nuxt/img/public.80604db.jpg
https://www.dayi.org.cn/_nuxt/img/public.80604db.jpg
"https://image.dayi.org.cn/public/prescriptions/1109975.jpg?x-oss-process=image/resize,w_150"
"https://image.dayi.org.cn/public/prescriptions/901804.jpg?x-oss-process=image/resize,w_150"
https://www.dayi.org.cn/_nuxt/img/public.80604db.jpg
https://www.dayi.org.cn/_nuxt/img/public.80604db.jpg
https://www.dayi.org.cn/_nuxt/img/public.80604db.jpg
https://www.dayi.org.cn/_nuxt/img/public.80604db.jpg
https://www.dayi.org.cn/_nuxt/img/public.80604db.jpg
https://www.dayi.org.cn/_nuxt/img/public.80604db.jpg
"https://image.dayi.org.cn/public/prescriptions/900123.jpg?x-oss-process=image/resize,w_150"
"https://image.dayi.org.cn/public/prescriptions/901829.jpg?x-oss-process=image/resize,w_150"
"https://image.dayi.org.cn/public/prescriptions/901950.jpg?x-oss-process=image/resize,w_150"
https://www.dayi.org.cn/_nuxt/img/public.80604db.jpg
"https://image.dayi.org.cn/public/prescriptions/901776.jpg?x-oss-process=image/resize,w_150"
"https://image.dayi.org.cn/public/prescriptions/1118372.jpg?x-oss-process=image/resize,w_150"
https://www.dayi.org.cn/_nuxt/img/public.80604db.jpg
"https://image.dayi.org.cn/public/prescriptions/1099507.jpg?x-oss-process=image/resize,w_150"
"https://image.dayi.org.cn/public/prescriptions/900274.jpg?x-oss-process=image/resize,w_150"
"https://image.dayi.org.cn/public/prescriptions/900945.jpg?x-oss-process=image/resize,w_150"
https://www.dayi.org.cn/_nuxt/img/public.80604db.jpg
"https://image.dayi.org.cn/public/prescriptions/901792.jpg?x-oss-process=image/resize,w_150"
"https://image.dayi.org.cn/public/prescriptions/1086708.jpg?x-oss-process=image/resize,w_150"
"https://image.dayi.org.cn/public/prescriptions/901956.jpg?x-oss-process=image/resize,w_150"
"https://image.dayi.org.cn/public/prescriptions/1112824.jpg?x-oss-process=image/resize,w_150"
"https://image.dayi.org.cn/public/prescriptions/1142361.jpg?x-oss-process=image/resize,w_150"
"https://image.dayi.org.cn/public/prescriptions/901412.jpg?x-oss-process=image/resize,w_150"
"https://image.dayi.org.cn/public/prescriptions/1086717.jpg?x-oss-process=image/resize,w_150"
"https://image.dayi.org.cn/public/uploads/prescriptions/1125710.jpg?x-oss-process=image/resize,w_150"
https://www.dayi.org.cn/_nuxt/img/public.80604db.jpg
"https://image.dayi.org.cn/public/prescriptions/1118809.jpg?x-oss-process=image/resize,w_150"
https://www.dayi.org.cn/_nuxt/img/public.80604db.jpg
https://www.dayi.org.cn/_nuxt/img/public.80604db.jpg
https://www.dayi.org.cn/_nuxt/img/public.80604db.jpg
"https://image.dayi.org.cn/public/prescriptions/900895.jpg?x-oss-process=image/resize,w_150"
https://www.dayi.org.cn/_nuxt/img/public.80604db.jpg
https://www.dayi.org.cn/_nuxt/img/public.80604db.jpg
https://www.dayi.org.cn/_nuxt/img/public.80604db.jpg
https://www.dayi.org.cn/_nuxt/img/public.80604db.jpg
"https://image.dayi.org.cn/public/uploads/prescriptions/1118394.jpg?x-oss-process=image/resize,w_150"
"https://image.dayi.org.cn/public/prescriptions/901355.jpg?x-oss-process=image/resize,w_150"
https://www.dayi.org.cn/_nuxt/img/public.80604db.jpg
https://www.dayi.org.cn/_nuxt/img/public.80604db.jpg
https://www.dayi.org.cn/_nuxt/img/public.80604db.jpg
"https://image.dayi.org.cn/public/uploads/prescriptions/1086159.jpg?x-oss-process=image/resize,w_150"
https://www.dayi.org.cn/_nuxt/img/public.80604db.jpg
"https://image.dayi.org.cn/public/prescriptions/901848.jpg?x-oss-process=image/resize,w_150"
"https://image.dayi.org.cn/public/prescriptions/1119069.jpg?x-oss-process=image/resize,w_150"
"https://image.dayi.org.cn/public/prescriptions/901827.jpg?x-oss-process=image/resize,w_150"
"https://image.dayi.org.cn/public/uploads/prescriptions/1086718.jpg?x-oss-process=image/resize,w_150"
https://www.dayi.org.cn/_nuxt/img/public.80604db.jpg
"https://image.dayi.org.cn/public/uploads/prescriptions/901940.jpg?x-oss-process=image/resize,w_150"
"https://image.dayi.org.cn/public/prescriptions/1082477.jpg?x-oss-process=image/resize,w_150"
"https://image.dayi.org.cn/public/prescriptions/1086514.jpg?x-oss-process=image/resize,w_150"
https://www.dayi.org.cn/_nuxt/img/public.80604db.jpg
"https://image.dayi.org.cn/public/prescriptions/900296.jpg?x-oss-process=image/resize,w_150"
https://www.dayi.org.cn/_nuxt/img/public.80604db.jpg
https://www.dayi.org.cn/_nuxt/img/public.80604db.jpg
https://www.dayi.org.cn/_nuxt/img/public.80604db.jpg
https://www.dayi.org.cn/_nuxt/img/public.80604db.jpg
https://www.dayi.org.cn/_nuxt/img/public.80604db.jpg
"https://image.dayi.org.cn/public/prescriptions/1118278.jpg?x-oss-process=image/resize,w_150"
"https://image.dayi.org.cn/public/prescriptions/901850.jpg?x-oss-process=image/resize,w_150"
https://www.dayi.org.cn/_nuxt/img/public.80604db.jpg
"https://image.dayi.org.cn/public/uploads/prescriptions/1069028.jpg?x-oss-process=image/resize,w_150"
"https://image.dayi.org.cn/public/prescriptions/1053451.jpg?x-oss-process=image/resize,w_150"
https://www.dayi.org.cn/_nuxt/img/public.80604db.jpg
https://www.dayi.org.cn/_nuxt/img/public.80604db.jpg
https://www.dayi.org.cn/_nuxt/img/public.80604db.jpg
"https://image.dayi.org.cn/public/uploads/prescriptions/1095480.jpg?x-oss-process=image/resize,w_150"
"https://image.dayi.org.cn/public/uploads/prescriptions/1088669.jpg?x-oss-process=image/resize,w_150"
https://www.dayi.org.cn/_nuxt/img/public.80604db.jpg
https://www.dayi.org.cn/_nuxt/img/public.80604db.jpg
"https://image.dayi.org.cn/public/prescriptions/900338.jpg?x-oss-process=image/resize,w_150"
"https://image.dayi.org.cn/public/uploads/prescriptions/901876.jpg?x-oss-process=image/resize,w_150"
https://www.dayi.org.cn/_nuxt/img/public.80604db.jpg
"https://image.dayi.org.cn/public/uploads/prescriptions/1084122.jpg?x-oss-process=image/resize,w_150"
"https://image.dayi.org.cn/public/prescriptions/1086519.jpg?x-oss-process=image/resize,w_150"
"https://image.dayi.org.cn/public/uploads/prescriptions/1118687.jpg?x-oss-process=image/resize,w_150"
"https://image.dayi.org.cn/public/uploads/prescriptions/1039040.jpg?x-oss-process=image/resize,w_150"
"https://image.dayi.org.cn/public/prescriptions/1086478.jpg?x-oss-process=image/resize,w_150"
https://www.dayi.org.cn/_nuxt/img/public.80604db.jpg
"https://image.dayi.org.cn/public/prescriptions/901945.jpg?x-oss-process=image/resize,w_150"
"https://image.dayi.org.cn/public/uploads/prescriptions/901480.jpg?x-oss-process=image/resize,w_150"
"https://image.dayi.org.cn/public/prescriptions/901872.jpg?x-oss-process=image/resize,w_150"
https://www.dayi.org.cn/_nuxt/img/public.80604db.jpg
https://www.dayi.org.cn/_nuxt/img/public.80604db.jpg
"https://image.dayi.org.cn/public/prescriptions/901283.jpg?x-oss-process=image/resize,w_150"
https://www.dayi.org.cn/_nuxt/img/public.80604db.jpg
https://www.dayi.org.cn/_nuxt/img/public.80604db.jpg
"https://image.dayi.org.cn/public/uploads/prescriptions/901354.jpg?x-oss-process=image/resize,w_150"
https://www.dayi.org.cn/_nuxt/img/public.80604db.jpg
"https://image.dayi.org.cn/public/prescriptions/1086507.jpg?x-oss-process=image/resize,w_150"
"https://image.dayi.org.cn/public/prescriptions/1032299.jpg?x-oss-process=image/resize,w_150"
https://www.dayi.org.cn/_nuxt/img/public.80604db.jpg
"https://image.dayi.org.cn/public/uploads/prescriptions/1086716.jpg?x-oss-process=image/resize,w_150"
https://www.dayi.org.cn/_nuxt/img/public.80604db.jpg
"https://image.dayi.org.cn/public/prescriptions/1077189.jpg?x-oss-process=image/resize,w_150"
"https://image.dayi.org.cn/public/prescriptions/1020220.jpg?x-oss-process=image/resize,w_150"
https://www.dayi.org.cn/_nuxt/img/public.80604db.jpg
https://www.dayi.org.cn/_nuxt/img/public.80604db.jpg
https://www.dayi.org.cn/_nuxt/img/public.80604db.jpg
https://www.dayi.org.cn/_nuxt/img/public.80604db.jpg
"https://image.dayi.org.cn/public/prescriptions/1111732.jpg?x-oss-process=image/resize,w_150"
"https://image.dayi.org.cn/public/prescriptions/1121943.jpg?x-oss-process=image/resize,w_150"
https://www.dayi.org.cn/_nuxt/img/public.80604db.jpg
https://www.dayi.org.cn/_nuxt/img/public.80604db.jpg
"https://image.dayi.org.cn/public/prescriptions/901745.jpg?x-oss-process=image/resize,w_150"
https://www.dayi.org.cn/_nuxt/img/public.80604db.jpg
"https://image.dayi.org.cn/public/prescriptions/900290.jpg?x-oss-process=image/resize,w_150"
https://www.dayi.org.cn/_nuxt/img/public.80604db.jpg
https://www.dayi.org.cn/_nuxt/img/public.80604db.jpg
"https://image.dayi.org.cn/public/prescriptions/900427.jpg?x-oss-process=image/resize,w_150"
"https://image.dayi.org.cn/public/prescriptions/1077065.jpg?x-oss-process=image/resize,w_150"
https://www.dayi.org.cn/_nuxt/img/public.80604db.jpg
https://www.dayi.org.cn/_nuxt/img/public.80604db.jpg
"https://image.dayi.org.cn/public/prescriptions/1091705.jpg?x-oss-process=image/resize,w_150"
https://www.dayi.org.cn/_nuxt/img/public.80604db.jpg
https://www.dayi.org.cn/_nuxt/img/public.80604db.jpg
"https://image.dayi.org.cn/public/uploads/prescriptions/1105511.jpg?x-oss-process=image/resize,w_150"
"https://image.dayi.org.cn/public/prescriptions/1030257.jpg?x-oss-process=image/resize,w_150"
"https://image.dayi.org.cn/public/uploads/prescriptions/1046467.jpg?x-oss-process=image/resize,w_150"
"https://image.dayi.org.cn/public/prescriptions/1121217.jpg?x-oss-process=image/resize,w_150"
"https://image.dayi.org.cn/public/prescriptions/900223.jpg?x-oss-process=image/resize,w_150"
"https://image.dayi.org.cn/public/uploads/prescriptions/1045021.jpg?x-oss-process=image/resize,w_150"
"https://image.dayi.org.cn/public/prescriptions/1096988.jpg?x-oss-process=image/resize,w_150"
https://www.dayi.org.cn/_nuxt/img/public.80604db.jpg
https://www.dayi.org.cn/_nuxt/img/public.80604db.jpg
"https://image.dayi.org.cn/public/prescriptions/1142360.jpg?x-oss-process=image/resize,w_150"
https://www.dayi.org.cn/_nuxt/img/public.80604db.jpg
https://www.dayi.org.cn/_nuxt/img/public.80604db.jpg
"https://image.dayi.org.cn/public/prescriptions/1037340.jpg?x-oss-process=image/resize,w_150"
https://www.dayi.org.cn/_nuxt/img/public.80604db.jpg
"https://image.dayi.org.cn/public/prescriptions/1013945.jpg?x-oss-process=image/resize,w_150"
https://www.dayi.org.cn/_nuxt/img/public.80604db.jpg
"https://image.dayi.org.cn/public/prescriptions/1085125.jpg?x-oss-process=image/resize,w_150"
"https://image.dayi.org.cn/public/uploads/prescriptions/1118654.jpg?x-oss-process=image/resize,w_150"
https://www.dayi.org.cn/_nuxt/img/public.80604db.jpg
"https://image.dayi.org.cn/public/prescriptions/1086665.jpg?x-oss-process=image/resize,w_150"
"https://image.dayi.org.cn/public/prescriptions/1047727.jpg?x-oss-process=image/resize,w_150"
https://www.dayi.org.cn/_nuxt/img/public.80604db.jpg
https://www.dayi.org.cn/_nuxt/img/public.80604db.jpg
"https://image.dayi.org.cn/public/prescriptions/1019680.jpg?x-oss-process=image/resize,w_150"
"https://image.dayi.org.cn/public/uploads/prescriptions/1110296.jpg?x-oss-process=image/resize,w_150"
https://www.dayi.org.cn/_nuxt/img/public.80604db.jpg
"https://image.dayi.org.cn/public/prescriptions/1014758.jpg?x-oss-process=image/resize,w_150"
"https://image.dayi.org.cn/public/uploads/prescriptions/1072491.jpg?x-oss-process=image/resize,w_150"
"https://image.dayi.org.cn/public/prescriptions/901758.jpg?x-oss-process=image/resize,w_150"
"https://image.dayi.org.cn/public/prescriptions/901365.jpg?x-oss-process=image/resize,w_150"
"https://image.dayi.org.cn/public/prescriptions/1030704.jpg?x-oss-process=image/resize,w_150"
"https://image.dayi.org.cn/public/prescriptions/1032125.jpg?x-oss-process=image/resize,w_150"
https://www.dayi.org.cn/_nuxt/img/public.80604db.jpg
"https://image.dayi.org.cn/public/prescriptions/1088283.jpg?x-oss-process=image/resize,w_150"
"https://image.dayi.org.cn/public/prescriptions/901843.jpg?x-oss-process=image/resize,w_150"
"https://image.dayi.org.cn/public/prescriptions/1098271.jpg?x-oss-process=image/resize,w_150"
https://www.dayi.org.cn/_nuxt/img/public.80604db.jpg
https://www.dayi.org.cn/_nuxt/img/public.80604db.jpg
https://www.dayi.org.cn/_nuxt/img/public.80604db.jpg
https://www.dayi.org.cn/_nuxt/img/public.80604db.jpg
"https://image.dayi.org.cn/public/prescriptions/1086026.jpg?x-oss-process=image/resize,w_150"
"https://image.dayi.org.cn/public/prescriptions/901534.jpg?x-oss-process=image/resize,w_150"
"https://image.dayi.org.cn/public/prescriptions/901859.jpg?x-oss-process=image/resize,w_150"
"https://image.dayi.org.cn/public/prescriptions/900650.jpg?x-oss-process=image/resize,w_150"
https://www.dayi.org.cn/_nuxt/img/public.80604db.jpg
"https://image.dayi.org.cn/public/prescriptions/1059585.jpg?x-oss-process=image/resize,w_150"
https://www.dayi.org.cn/_nuxt/img/public.80604db.jpg
https://www.dayi.org.cn/_nuxt/img/public.80604db.jpg
"https://image.dayi.org.cn/public/prescriptions/1046652.jpg?x-oss-process=image/resize,w_150"
"https://image.dayi.org.cn/public/uploads/prescriptions/1086578.jpg?x-oss-process=image/resize,w_150"
"https://image.dayi.org.cn/public/prescriptions/900480.jpg?x-oss-process=image/resize,w_150"
https://www.dayi.org.cn/_nuxt/img/public.80604db.jpg
https://www.dayi.org.cn/_nuxt/img/public.80604db.jpg
"https://image.dayi.org.cn/public/prescriptions/901939.jpg?x-oss-process=image/resize,w_150"
"https://image.dayi.org.cn/public/prescriptions/1059323.jpg?x-oss-process=image/resize,w_150"
"https://image.dayi.org.cn/public/uploads/prescriptions/1121670.jpg?x-oss-process=image/resize,w_150"
"https://image.dayi.org.cn/public/uploads/prescriptions/1048252.jpg?x-oss-process=image/resize,w_150"
https://www.dayi.org.cn/_nuxt/img/public.80604db.jpg
https://www.dayi.org.cn/_nuxt/img/public.80604db.jpg
"https://image.dayi.org.cn/public/prescriptions/901665.jpg?x-oss-process=image/resize,w_150"
"https://image.dayi.org.cn/public/prescriptions/1058885.jpg?x-oss-process=image/resize,w_150"
"https://image.dayi.org.cn/public/prescriptions/900295.jpg?x-oss-process=image/resize,w_150"
"https://image.dayi.org.cn/public/prescriptions/901965.jpg?x-oss-process=image/resize,w_150"
"https://image.dayi.org.cn/public/prescriptions/1050609.jpg?x-oss-process=image/resize,w_150"
"https://image.dayi.org.cn/public/prescriptions/900943.jpg?x-oss-process=image/resize,w_150"
"https://image.dayi.org.cn/public/prescriptions/1119922.jpg?x-oss-process=image/resize,w_150"
https://www.dayi.org.cn/_nuxt/img/public.80604db.jpg
"https://image.dayi.org.cn/public/prescriptions/1097026.jpg?x-oss-process=image/resize,w_150"
https://www.dayi.org.cn/_nuxt/img/public.80604db.jpg
https://www.dayi.org.cn/_nuxt/img/public.80604db.jpg
https://www.dayi.org.cn/_nuxt/img/public.80604db.jpg
https://www.dayi.org.cn/_nuxt/img/public.80604db.jpg
https://www.dayi.org.cn/_nuxt/img/public.80604db.jpg
"https://image.dayi.org.cn/public/uploads/prescriptions/1096910.jpg?x-oss-process=image/resize,w_150"
"https://image.dayi.org.cn/public/prescriptions/1122340.jpg?x-oss-process=image/resize,w_150"
"https://image.dayi.org.cn/public/uploads/prescriptions/1095564.jpg?x-oss-process=image/resize,w_150"
"https://image.dayi.org.cn/public/uploads/prescriptions/1065375.jpg?x-oss-process=image/resize,w_150"
"https://image.dayi.org.cn/public/prescriptions/1118801.jpg?x-oss-process=image/resize,w_150"
https://www.dayi.org.cn/_nuxt/img/public.80604db.jpg
https://www.dayi.org.cn/_nuxt/img/public.80604db.jpg
"https://image.dayi.org.cn/public/prescriptions/900764.jpg?x-oss-process=image/resize,w_150"
"https://image.dayi.org.cn/public/prescriptions/1118646.jpg?x-oss-process=image/resize,w_150"
https://www.dayi.org.cn/_nuxt/img/public.80604db.jpg
https://www.dayi.org.cn/_nuxt/img/public.80604db.jpg
https://www.dayi.org.cn/_nuxt/img/public.80604db.jpg
"https://image.dayi.org.cn/public/prescriptions/1121600.jpg?x-oss-process=image/resize,w_150"
"https://image.dayi.org.cn/public/prescriptions/1122486.jpg?x-oss-process=image/resize,w_150"
"https://image.dayi.org.cn/public/uploads/prescriptions/901455.jpg?x-oss-process=image/resize,w_150"
https://www.dayi.org.cn/_nuxt/img/public.80604db.jpg
https://www.dayi.org.cn/_nuxt/img/public.80604db.jpg
https://www.dayi.org.cn/_nuxt/img/public.80604db.jpg
https://www.dayi.org.cn/_nuxt/img/public.80604db.jpg
"https://image.dayi.org.cn/public/prescriptions/1066168.jpg?x-oss-process=image/resize,w_150"
https://www.dayi.org.cn/_nuxt/img/public.80604db.jpg
"https://image.dayi.org.cn/public/prescriptions/1129460.jpg?x-oss-process=image/resize,w_150"
"https://image.dayi.org.cn/public/uploads/prescriptions/1120617.jpg?x-oss-process=image/resize,w_150"
https://www.dayi.org.cn/_nuxt/img/public.80604db.jpg
"https://image.dayi.org.cn/public/uploads/prescriptions/1087706.jpg?x-oss-process=image/resize,w_150"
https://www.dayi.org.cn/_nuxt/img/public.80604db.jpg
https://www.dayi.org.cn/_nuxt/img/public.80604db.jpg
"https://image.dayi.org.cn/public/uploads/prescriptions/1118490.jpg?x-oss-process=image/resize,w_150"
"https://image.dayi.org.cn/public/prescriptions/1052229.jpg?x-oss-process=image/resize,w_150"
https://www.dayi.org.cn/_nuxt/img/public.80604db.jpg
https://www.dayi.org.cn/_nuxt/img/public.80604db.jpg
https://www.dayi.org.cn/_nuxt/img/public.80604db.jpg
https://www.dayi.org.cn/_nuxt/img/public.80604db.jpg
"https://image.dayi.org.cn/public/prescriptions/1063329.jpg?x-oss-process=image/resize,w_150"
"https://image.dayi.org.cn/public/prescriptions/1069043.jpg?x-oss-process=image/resize,w_150"
"https://image.dayi.org.cn/public/prescriptions/900598.jpg?x-oss-process=image/resize,w_150"
https://www.dayi.org.cn/_nuxt/img/public.80604db.jpg
https://www.dayi.org.cn/_nuxt/img/public.80604db.jpg
"https://image.dayi.org.cn/public/uploads/prescriptions/901224.jpg?x-oss-process=image/resize,w_150"
https://www.dayi.org.cn/_nuxt/img/public.80604db.jpg
"https://image.dayi.org.cn/public/prescriptions/1085464.jpg?x-oss-process=image/resize,w_150"
"https://image.dayi.org.cn/public/prescriptions/1050374.jpg?x-oss-process=image/resize,w_150"
"https://image.dayi.org.cn/public/prescriptions/1104363.jpg?x-oss-process=image/resize,w_150"
"https://image.dayi.org.cn/public/prescriptions/1121069.jpg?x-oss-process=image/resize,w_150"
https://www.dayi.org.cn/_nuxt/img/public.80604db.jpg
"https://image.dayi.org.cn/public/uploads/prescriptions/1063820.jpg?x-oss-process=image/resize,w_150"
"https://image.dayi.org.cn/public/prescriptions/900481.jpg?x-oss-process=image/resize,w_150"
https://www.dayi.org.cn/_nuxt/img/public.80604db.jpg
"https://image.dayi.org.cn/public/prescriptions/1067666.jpg?x-oss-process=image/resize,w_150"
https://www.dayi.org.cn/_nuxt/img/public.80604db.jpg
https://www.dayi.org.cn/_nuxt/img/public.80604db.jpg
"https://image.dayi.org.cn/public/prescriptions/1091689.jpg?x-oss-process=image/resize,w_150"
"https://image.dayi.org.cn/public/prescriptions/1102271.jpg?x-oss-process=image/resize,w_150"
https://www.dayi.org.cn/_nuxt/img/public.80604db.jpg
https://www.dayi.org.cn/_nuxt/img/public.80604db.jpg
"https://image.dayi.org.cn/public/uploads/prescriptions/1070833.jpg?x-oss-process=image/resize,w_150"
https://www.dayi.org.cn/_nuxt/img/public.80604db.jpg
https://www.dayi.org.cn/_nuxt/img/public.80604db.jpg
"https://image.dayi.org.cn/public/uploads/prescriptions/1028041.jpg?x-oss-process=image/resize,w_150"
https://www.dayi.org.cn/_nuxt/img/public.80604db.jpg
"https://image.dayi.org.cn/public/prescriptions/1027863.jpg?x-oss-process=image/resize,w_150"
"https://image.dayi.org.cn/public/uploads/prescriptions/1052920.jpg?x-oss-process=image/resize,w_150"
https://www.dayi.org.cn/_nuxt/img/public.80604db.jpg
"https://image.dayi.org.cn/public/prescriptions/1065528.jpg?x-oss-process=image/resize,w_150"
"https://image.dayi.org.cn/public/prescriptions/1120568.jpg?x-oss-process=image/resize,w_150"
https://www.dayi.org.cn/_nuxt/img/public.80604db.jpg
https://www.dayi.org.cn/_nuxt/img/public.80604db.jpg
https://www.dayi.org.cn/_nuxt/img/public.80604db.jpg
https://www.dayi.org.cn/_nuxt/img/public.80604db.jpg
https://www.dayi.org.cn/_nuxt/img/public.80604db.jpg
"https://image.dayi.org.cn/public/prescriptions/1046529.jpg?x-oss-process=image/resize,w_150"
"https://image.dayi.org.cn/public/prescriptions/1121306.jpg?x-oss-process=image/resize,w_150"
"https://image.dayi.org.cn/public/prescriptions/1113377.jpg?x-oss-process=image/resize,w_150"
https://www.dayi.org.cn/_nuxt/img/public.80604db.jpg
https://www.dayi.org.cn/_nuxt/img/public.80604db.jpg
https://www.dayi.org.cn/_nuxt/img/public.80604db.jpg
"https://image.dayi.org.cn/public/prescriptions/900163.jpg?x-oss-process=image/resize,w_150"
https://www.dayi.org.cn/_nuxt/img/public.80604db.jpg
"https://image.dayi.org.cn/public/uploads/prescriptions/901382.jpg?x-oss-process=image/resize,w_150"
"https://image.dayi.org.cn/public/prescriptions/1074438.jpg?x-oss-process=image/resize,w_150"
https://www.dayi.org.cn/_nuxt/img/public.80604db.jpg
"https://image.dayi.org.cn/public/prescriptions/1035182.jpg?x-oss-process=image/resize,w_150"
https://www.dayi.org.cn/_nuxt/img/public.80604db.jpg
https://www.dayi.org.cn/_nuxt/img/public.80604db.jpg
https://www.dayi.org.cn/_nuxt/img/public.80604db.jpg
https://www.dayi.org.cn/_nuxt/img/public.80604db.jpg
https://www.dayi.org.cn/_nuxt/img/public.80604db.jpg
https://www.dayi.org.cn/_nuxt/img/public.80604db.jpg
https://www.dayi.org.cn/_nuxt/img/public.80604db.jpg
https://www.dayi.org.cn/_nuxt/img/public.80604db.jpg
https://www.dayi.org.cn/_nuxt/img/public.80604db.jpg
https://www.dayi.org.cn/_nuxt/img/public.80604db.jpg
"https://image.dayi.org.cn/public/uploads/prescriptions/901931.jpg?x-oss-process=image/resize,w_150"
"https://image.dayi.org.cn/public/uploads/prescriptions/901919.jpg?x-oss-process=image/resize,w_150"
"https://image.dayi.org.cn/public/uploads/prescriptions/901905.jpg?x-oss-process=image/resize,w_150"
"https://image.dayi.org.cn/public/uploads/prescriptions/901885.jpg?x-oss-process=image/resize,w_150"
"https://image.dayi.org.cn/public/uploads/prescriptions/901818.jpg?x-oss-process=image/resize,w_150"
"https://image.dayi.org.cn/public/uploads/prescriptions/901635.jpg?x-oss-process=image/resize,w_150"
"https://image.dayi.org.cn/public/uploads/prescriptions/901613.jpg?x-oss-process=image/resize,w_150"
"https://image.dayi.org.cn/public/uploads/prescriptions/901551.jpg?x-oss-process=image/resize,w_150"
"https://image.dayi.org.cn/public/uploads/prescriptions/901529.jpg?x-oss-process=image/resize,w_150"
"https://image.dayi.org.cn/public/uploads/prescriptions/901528.jpg?x-oss-process=image/resize,w_150"
"https://image.dayi.org.cn/public/uploads/prescriptions/901515.jpg?x-oss-process=image/resize,w_150"
"https://image.dayi.org.cn/public/uploads/prescriptions/901499.jpg?x-oss-process=image/resize,w_150"
"https://image.dayi.org.cn/public/uploads/prescriptions/901481.jpg?x-oss-process=image/resize,w_150"
"https://image.dayi.org.cn/public/uploads/prescriptions/901390.jpg?x-oss-process=image/resize,w_150"
"https://image.dayi.org.cn/public/uploads/prescriptions/901383.jpg?x-oss-process=image/resize,w_150"
"https://image.dayi.org.cn/public/uploads/prescriptions/901378.jpg?x-oss-process=image/resize,w_150"
"https://image.dayi.org.cn/public/uploads/prescriptions/901358.jpg?x-oss-process=image/resize,w_150"
"https://image.dayi.org.cn/public/uploads/prescriptions/901340.jpg?x-oss-process=image/resize,w_150"
"https://image.dayi.org.cn/public/uploads/prescriptions/901321.jpg?x-oss-process=image/resize,w_150"
"https://image.dayi.org.cn/public/uploads/prescriptions/901319.jpg?x-oss-process=image/resize,w_150"
"https://image.dayi.org.cn/public/uploads/prescriptions/901285.jpg?x-oss-process=image/resize,w_150"
"https://image.dayi.org.cn/public/uploads/prescriptions/901276.jpg?x-oss-process=image/resize,w_150"
"https://image.dayi.org.cn/public/uploads/prescriptions/901272.jpg?x-oss-process=image/resize,w_150"
"https://image.dayi.org.cn/public/uploads/prescriptions/901271.jpg?x-oss-process=image/resize,w_150"
"https://image.dayi.org.cn/public/uploads/prescriptions/901263.jpg?x-oss-process=image/resize,w_150"
"https://image.dayi.org.cn/public/uploads/prescriptions/901252.jpg?x-oss-process=image/resize,w_150"
"https://image.dayi.org.cn/public/uploads/prescriptions/901244.jpg?x-oss-process=image/resize,w_150"
"https://image.dayi.org.cn/public/uploads/prescriptions/901241.jpg?x-oss-process=image/resize,w_150"
"https://image.dayi.org.cn/public/uploads/prescriptions/901227.jpg?x-oss-process=image/resize,w_150"
"https://image.dayi.org.cn/public/uploads/prescriptions/901213.jpg?x-oss-process=image/resize,w_150"
"https://image.dayi.org.cn/public/uploads/prescriptions/901211.jpg?x-oss-process=image/resize,w_150"
"https://image.dayi.org.cn/public/uploads/prescriptions/901189.jpg?x-oss-process=image/resize,w_150"
"https://image.dayi.org.cn/public/uploads/prescriptions/901187.jpg?x-oss-process=image/resize,w_150"
"https://image.dayi.org.cn/public/uploads/prescriptions/901185.jpg?x-oss-process=image/resize,w_150"
"https://image.dayi.org.cn/public/uploads/prescriptions/901184.jpg?x-oss-process=image/resize,w_150"
"https://image.dayi.org.cn/public/uploads/prescriptions/901180.jpg?x-oss-process=image/resize,w_150"
"https://image.dayi.org.cn/public/uploads/prescriptions/901160.jpg?x-oss-process=image/resize,w_150"
"https://image.dayi.org.cn/public/uploads/prescriptions/901128.jpg?x-oss-process=image/resize,w_150"
"https://image.dayi.org.cn/public/uploads/prescriptions/901123.jpg?x-oss-process=image/resize,w_150"
"https://image.dayi.org.cn/public/uploads/prescriptions/901115.jpg?x-oss-process=image/resize,w_150"
"https://image.dayi.org.cn/public/uploads/prescriptions/901095.jpg?x-oss-process=image/resize,w_150"
"https://image.dayi.org.cn/public/uploads/prescriptions/901087.jpg?x-oss-process=image/resize,w_150"
"https://image.dayi.org.cn/public/uploads/prescriptions/901070.jpg?x-oss-process=image/resize,w_150"
"https://image.dayi.org.cn/public/uploads/prescriptions/901055.jpg?x-oss-process=image/resize,w_150"
"https://image.dayi.org.cn/public/uploads/prescriptions/901047.jpg?x-oss-process=image/resize,w_150"
"https://image.dayi.org.cn/public/uploads/prescriptions/901045.jpg?x-oss-process=image/resize,w_150"
"https://image.dayi.org.cn/public/uploads/prescriptions/901027.jpg?x-oss-process=image/resize,w_150"
"https://image.dayi.org.cn/public/uploads/prescriptions/901007.jpg?x-oss-process=image/resize,w_150"
"https://image.dayi.org.cn/public/uploads/prescriptions/901003.jpg?x-oss-process=image/resize,w_150"
"https://image.dayi.org.cn/public/uploads/prescriptions/900998.jpg?x-oss-process=image/resize,w_150"
"https://image.dayi.org.cn/public/uploads/prescriptions/900997.jpg?x-oss-process=image/resize,w_150"
"https://image.dayi.org.cn/public/uploads/prescriptions/900988.jpg?x-oss-process=image/resize,w_150"
"https://image.dayi.org.cn/public/uploads/prescriptions/900986.jpg?x-oss-process=image/resize,w_150"
"https://image.dayi.org.cn/public/uploads/prescriptions/900967.jpg?x-oss-process=image/resize,w_150"
"https://image.dayi.org.cn/public/uploads/prescriptions/900952.jpg?x-oss-process=image/resize,w_150"
"https://image.dayi.org.cn/public/uploads/prescriptions/900937.jpg?x-oss-process=image/resize,w_150"
"https://image.dayi.org.cn/public/uploads/prescriptions/900922.jpg?x-oss-process=image/resize,w_150"
"https://image.dayi.org.cn/public/uploads/prescriptions/900920.jpg?x-oss-process=image/resize,w_150"
"https://image.dayi.org.cn/public/uploads/prescriptions/900891.jpg?x-oss-process=image/resize,w_150"
"https://image.dayi.org.cn/public/uploads/prescriptions/900872.jpg?x-oss-process=image/resize,w_150"
"https://image.dayi.org.cn/public/uploads/prescriptions/900864.jpg?x-oss-process=image/resize,w_150"
"https://image.dayi.org.cn/public/uploads/prescriptions/900859.jpg?x-oss-process=image/resize,w_150"
"https://image.dayi.org.cn/public/uploads/prescriptions/900853.jpg?x-oss-process=image/resize,w_150"
"https://image.dayi.org.cn/public/uploads/prescriptions/900837.jpg?x-oss-process=image/resize,w_150"
"https://image.dayi.org.cn/public/uploads/prescriptions/900809.jpg?x-oss-process=image/resize,w_150"
"https://image.dayi.org.cn/public/uploads/prescriptions/900776.jpg?x-oss-process=image/resize,w_150"
"https://image.dayi.org.cn/public/uploads/prescriptions/900763.jpg?x-oss-process=image/resize,w_150"
"https://image.dayi.org.cn/public/uploads/prescriptions/900762.jpg?x-oss-process=image/resize,w_150"
"https://image.dayi.org.cn/public/uploads/prescriptions/900743.jpg?x-oss-process=image/resize,w_150"
"https://image.dayi.org.cn/public/uploads/prescriptions/900731.jpg?x-oss-process=image/resize,w_150"
"https://image.dayi.org.cn/public/uploads/prescriptions/900724.jpg?x-oss-process=image/resize,w_150"
"https://image.dayi.org.cn/public/uploads/prescriptions/900719.jpg?x-oss-process=image/resize,w_150"
"https://image.dayi.org.cn/public/uploads/prescriptions/900717.jpg?x-oss-process=image/resize,w_150"
"https://image.dayi.org.cn/public/uploads/prescriptions/900715.jpg?x-oss-process=image/resize,w_150"
"https://image.dayi.org.cn/public/uploads/prescriptions/900698.jpg?x-oss-process=image/resize,w_150"
"https://image.dayi.org.cn/public/uploads/prescriptions/900693.jpg?x-oss-process=image/resize,w_150"
"https://image.dayi.org.cn/public/uploads/prescriptions/900683.jpg?x-oss-process=image/resize,w_150"
"https://image.dayi.org.cn/public/uploads/prescriptions/900674.jpg?x-oss-process=image/resize,w_150"
"https://image.dayi.org.cn/public/uploads/prescriptions/900669.jpg?x-oss-process=image/resize,w_150"
"https://image.dayi.org.cn/public/uploads/prescriptions/900664.jpg?x-oss-process=image/resize,w_150"
"https://image.dayi.org.cn/public/uploads/prescriptions/900657.jpg?x-oss-process=image/resize,w_150"
"https://image.dayi.org.cn/public/uploads/prescriptions/900656.jpg?x-oss-process=image/resize,w_150"
"https://image.dayi.org.cn/public/uploads/prescriptions/900645.jpg?x-oss-process=image/resize,w_150"
"https://image.dayi.org.cn/public/uploads/prescriptions/900641.jpg?x-oss-process=image/resize,w_150"
"https://image.dayi.org.cn/public/uploads/prescriptions/900640.jpg?x-oss-process=image/resize,w_150"
"https://image.dayi.org.cn/public/uploads/prescriptions/900639.jpg?x-oss-process=image/resize,w_150"
"https://image.dayi.org.cn/public/uploads/prescriptions/900617.jpg?x-oss-process=image/resize,w_150"
"https://image.dayi.org.cn/public/uploads/prescriptions/900603.jpg?x-oss-process=image/resize,w_150"
"https://image.dayi.org.cn/public/uploads/prescriptions/900596.jpg?x-oss-process=image/resize,w_150"
"https://image.dayi.org.cn/public/uploads/prescriptions/900589.jpg?x-oss-process=image/resize,w_150"
"https://image.dayi.org.cn/public/uploads/prescriptions/900580.jpg?x-oss-process=image/resize,w_150"
"https://image.dayi.org.cn/public/uploads/prescriptions/900571.jpg?x-oss-process=image/resize,w_150"
"https://image.dayi.org.cn/public/uploads/prescriptions/900557.jpg?x-oss-process=image/resize,w_150"
"https://image.dayi.org.cn/public/uploads/prescriptions/900554.jpg?x-oss-process=image/resize,w_150"
"https://image.dayi.org.cn/public/uploads/prescriptions/900536.jpg?x-oss-process=image/resize,w_150"
"https://image.dayi.org.cn/public/uploads/prescriptions/900518.jpg?x-oss-process=image/resize,w_150"
"https://image.dayi.org.cn/public/uploads/prescriptions/900514.jpg?x-oss-process=image/resize,w_150"
"https://image.dayi.org.cn/public/uploads/prescriptions/900509.jpg?x-oss-process=image/resize,w_150"
"https://image.dayi.org.cn/public/uploads/prescriptions/900500.jpg?x-oss-process=image/resize,w_150"
"https://image.dayi.org.cn/public/uploads/prescriptions/900452.jpg?x-oss-process=image/resize,w_150"
"https://image.dayi.org.cn/public/uploads/prescriptions/900444.jpg?x-oss-process=image/resize,w_150"
"https://image.dayi.org.cn/public/uploads/prescriptions/900442.jpg?x-oss-process=image/resize,w_150"
"https://image.dayi.org.cn/public/uploads/prescriptions/900420.jpg?x-oss-process=image/resize,w_150"
"https://image.dayi.org.cn/public/uploads/prescriptions/900413.jpg?x-oss-process=image/resize,w_150"
"https://image.dayi.org.cn/public/uploads/prescriptions/900401.jpg?x-oss-process=image/resize,w_150"
"https://image.dayi.org.cn/public/uploads/prescriptions/900390.jpg?x-oss-process=image/resize,w_150"
"https://image.dayi.org.cn/public/uploads/prescriptions/900386.jpg?x-oss-process=image/resize,w_150"
"https://image.dayi.org.cn/public/uploads/prescriptions/900380.jpg?x-oss-process=image/resize,w_150"
"https://image.dayi.org.cn/public/uploads/prescriptions/900362.jpg?x-oss-process=image/resize,w_150"
"https://image.dayi.org.cn/public/uploads/prescriptions/900350.jpg?x-oss-process=image/resize,w_150"
"https://image.dayi.org.cn/public/uploads/prescriptions/900341.jpg?x-oss-process=image/resize,w_150"
"https://image.dayi.org.cn/public/uploads/prescriptions/900328.jpg?x-oss-process=image/resize,w_150"
"https://image.dayi.org.cn/public/uploads/prescriptions/900325.jpg?x-oss-process=image/resize,w_150"
"https://image.dayi.org.cn/public/uploads/prescriptions/900298.jpg?x-oss-process=image/resize,w_150"
"https://image.dayi.org.cn/public/uploads/prescriptions/900293.jpg?x-oss-process=image/resize,w_150"
"https://image.dayi.org.cn/public/uploads/prescriptions/900289.jpg?x-oss-process=image/resize,w_150"
"https://image.dayi.org.cn/public/uploads/prescriptions/900285.jpg?x-oss-process=image/resize,w_150"
"https://image.dayi.org.cn/public/uploads/prescriptions/900276.jpg?x-oss-process=image/resize,w_150"
"https://image.dayi.org.cn/public/uploads/prescriptions/900270.jpg?x-oss-process=image/resize,w_150"
"https://image.dayi.org.cn/public/uploads/prescriptions/900267.jpg?x-oss-process=image/resize,w_150"
"https://image.dayi.org.cn/public/uploads/prescriptions/900260.jpg?x-oss-process=image/resize,w_150"
"https://image.dayi.org.cn/public/uploads/prescriptions/900258.jpg?x-oss-process=image/resize,w_150"
"https://image.dayi.org.cn/public/uploads/prescriptions/900256.jpg?x-oss-process=image/resize,w_150"
"https://image.dayi.org.cn/public/uploads/prescriptions/900224.jpg?x-oss-process=image/resize,w_150"
"https://image.dayi.org.cn/public/uploads/prescriptions/900208.jpg?x-oss-process=image/resize,w_150"
"https://image.dayi.org.cn/public/uploads/prescriptions/900185.jpg?x-oss-process=image/resize,w_150"
"https://image.dayi.org.cn/public/uploads/prescriptions/900174.jpg?x-oss-process=image/resize,w_150"
"https://image.dayi.org.cn/public/uploads/prescriptions/900168.jpg?x-oss-process=image/resize,w_150"
"https://image.dayi.org.cn/public/uploads/prescriptions/900160.jpg?x-oss-process=image/resize,w_150"
"https://image.dayi.org.cn/public/uploads/prescriptions/900157.jpg?x-oss-process=image/resize,w_150"
"https://image.dayi.org.cn/public/uploads/prescriptions/900154.jpg?x-oss-process=image/resize,w_150"
"https://image.dayi.org.cn/public/uploads/prescriptions/900151.jpg?x-oss-process=image/resize,w_150"
"https://image.dayi.org.cn/public/uploads/prescriptions/900148.jpg?x-oss-process=image/resize,w_150"
"https://image.dayi.org.cn/public/uploads/prescriptions/900146.jpg?x-oss-process=image/resize,w_150"
"https://image.dayi.org.cn/public/uploads/prescriptions/900131.jpg?x-oss-process=image/resize,w_150"
"https://image.dayi.org.cn/public/uploads/prescriptions/900125.jpg?x-oss-process=image/resize,w_150"
"https://image.dayi.org.cn/public/uploads/prescriptions/900108.jpg?x-oss-process=image/resize,w_150"
"https://image.dayi.org.cn/public/uploads/prescriptions/900102.jpg?x-oss-process=image/resize,w_150"
"https://image.dayi.org.cn/public/uploads/prescriptions/900101.jpg?x-oss-process=image/resize,w_150"
"https://image.dayi.org.cn/public/uploads/prescriptions/900096.jpg?x-oss-process=image/resize,w_150"
"https://image.dayi.org.cn/public/uploads/prescriptions/900075.jpg?x-oss-process=image/resize,w_150"
"https://image.dayi.org.cn/public/uploads/prescriptions/900051.jpg?x-oss-process=image/resize,w_150"
"https://image.dayi.org.cn/public/uploads/prescriptions/900041.jpg?x-oss-process=image/resize,w_150"
"https://image.dayi.org.cn/public/uploads/prescriptions/900034.jpg?x-oss-process=image/resize,w_150"
"https://image.dayi.org.cn/public/uploads/prescriptions/900022.jpg?x-oss-process=image/resize,w_150"
"https://image.dayi.org.cn/public/uploads/prescriptions/900021.jpg?x-oss-process=image/resize,w_150"
"https://image.dayi.org.cn/public/uploads/prescriptions/1127931.jpg?x-oss-process=image/resize,w_150"
"https://image.dayi.org.cn/public/uploads/prescriptions/1127888.jpg?x-oss-process=image/resize,w_150"
"https://image.dayi.org.cn/public/uploads/prescriptions/1127720.jpg?x-oss-process=image/resize,w_150"
"https://image.dayi.org.cn/public/uploads/prescriptions/1127216.jpg?x-oss-process=image/resize,w_150"
"https://image.dayi.org.cn/public/uploads/prescriptions/1127209.jpg?x-oss-process=image/resize,w_150"
"https://image.dayi.org.cn/public/uploads/prescriptions/1126651.jpg?x-oss-process=image/resize,w_150"
"https://image.dayi.org.cn/public/uploads/prescriptions/1126650.jpg?x-oss-process=image/resize,w_150"
"https://image.dayi.org.cn/public/uploads/prescriptions/1126570.jpg?x-oss-process=image/resize,w_150"
"https://image.dayi.org.cn/public/uploads/prescriptions/1126248.jpg?x-oss-process=image/resize,w_150"
"https://image.dayi.org.cn/public/uploads/prescriptions/1126246.jpg?x-oss-process=image/resize,w_150"
"https://image.dayi.org.cn/public/uploads/prescriptions/1126211.jpg?x-oss-process=image/resize,w_150"
"https://image.dayi.org.cn/public/uploads/prescriptions/1126162.jpg?x-oss-process=image/resize,w_150"
"https://image.dayi.org.cn/public/uploads/prescriptions/1126146.jpg?x-oss-process=image/resize,w_150"
"https://image.dayi.org.cn/public/uploads/prescriptions/1126144.jpg?x-oss-process=image/resize,w_150"
"https://image.dayi.org.cn/public/uploads/prescriptions/1125957.jpg?x-oss-process=image/resize,w_150"
"https://image.dayi.org.cn/public/uploads/prescriptions/1125951.jpg?x-oss-process=image/resize,w_150"
"https://image.dayi.org.cn/public/uploads/prescriptions/1125902.jpg?x-oss-process=image/resize,w_150"
"https://image.dayi.org.cn/public/uploads/prescriptions/1125897.jpg?x-oss-process=image/resize,w_150"
"https://image.dayi.org.cn/public/uploads/prescriptions/1125586.jpg?x-oss-process=image/resize,w_150"
"https://image.dayi.org.cn/public/uploads/prescriptions/1125497.jpg?x-oss-process=image/resize,w_150"
"https://image.dayi.org.cn/public/uploads/prescriptions/1125480.jpg?x-oss-process=image/resize,w_150"
"https://image.dayi.org.cn/public/uploads/prescriptions/1125220.jpg?x-oss-process=image/resize,w_150"
"https://image.dayi.org.cn/public/uploads/prescriptions/1125051.jpg?x-oss-process=image/resize,w_150"
"https://image.dayi.org.cn/public/uploads/prescriptions/1124741.jpg?x-oss-process=image/resize,w_150"
"https://image.dayi.org.cn/public/uploads/prescriptions/1124516.jpg?x-oss-process=image/resize,w_150"
"https://image.dayi.org.cn/public/uploads/prescriptions/1123487.jpg?x-oss-process=image/resize,w_150"
"https://image.dayi.org.cn/public/uploads/prescriptions/1123463.jpg?x-oss-process=image/resize,w_150"
"https://image.dayi.org.cn/public/uploads/prescriptions/1123214.jpg?x-oss-process=image/resize,w_150"
"https://image.dayi.org.cn/public/uploads/prescriptions/1122990.jpg?x-oss-process=image/resize,w_150"
"https://image.dayi.org.cn/public/uploads/prescriptions/1122569.jpg?x-oss-process=image/resize,w_150"
"https://image.dayi.org.cn/public/uploads/prescriptions/1122494.jpg?x-oss-process=image/resize,w_150"
"https://image.dayi.org.cn/public/uploads/prescriptions/1122488.jpg?x-oss-process=image/resize,w_150"
"https://image.dayi.org.cn/public/uploads/prescriptions/1122453.jpg?x-oss-process=image/resize,w_150"
"https://image.dayi.org.cn/public/uploads/prescriptions/1122403.jpg?x-oss-process=image/resize,w_150"
"https://image.dayi.org.cn/public/uploads/prescriptions/1122366.jpg?x-oss-process=image/resize,w_150"
"https://image.dayi.org.cn/public/uploads/prescriptions/1122342.jpg?x-oss-process=image/resize,w_150"
"https://image.dayi.org.cn/public/uploads/prescriptions/1122320.jpg?x-oss-process=image/resize,w_150"
"https://image.dayi.org.cn/public/uploads/prescriptions/1122316.jpg?x-oss-process=image/resize,w_150"
"https://image.dayi.org.cn/public/uploads/prescriptions/1122240.jpg?x-oss-process=image/resize,w_150"
"https://image.dayi.org.cn/public/uploads/prescriptions/1122197.jpg?x-oss-process=image/resize,w_150"
"https://image.dayi.org.cn/public/uploads/prescriptions/1122162.jpg?x-oss-process=image/resize,w_150"
"https://image.dayi.org.cn/public/uploads/prescriptions/1122089.jpg?x-oss-process=image/resize,w_150"
"https://image.dayi.org.cn/public/uploads/prescriptions/1122087.jpg?x-oss-process=image/resize,w_150"
"https://image.dayi.org.cn/public/uploads/prescriptions/1122072.jpg?x-oss-process=image/resize,w_150"
"https://image.dayi.org.cn/public/uploads/prescriptions/1122064.jpg?x-oss-process=image/resize,w_150"
"https://image.dayi.org.cn/public/uploads/prescriptions/1122063.jpg?x-oss-process=image/resize,w_150"
"https://image.dayi.org.cn/public/uploads/prescriptions/1122047.jpg?x-oss-process=image/resize,w_150"
"https://image.dayi.org.cn/public/uploads/prescriptions/1122045.jpg?x-oss-process=image/resize,w_150"
"https://image.dayi.org.cn/public/uploads/prescriptions/1122015.jpg?x-oss-process=image/resize,w_150"
"https://image.dayi.org.cn/public/uploads/prescriptions/1121975.jpg?x-oss-process=image/resize,w_150"
"https://image.dayi.org.cn/public/uploads/prescriptions/1121928.jpg?x-oss-process=image/resize,w_150"
"https://image.dayi.org.cn/public/uploads/prescriptions/1121900.jpg?x-oss-process=image/resize,w_150"
"https://image.dayi.org.cn/public/uploads/prescriptions/1121893.jpg?x-oss-process=image/resize,w_150"
"https://image.dayi.org.cn/public/uploads/prescriptions/1121882.jpg?x-oss-process=image/resize,w_150"
"https://image.dayi.org.cn/public/uploads/prescriptions/1121866.jpg?x-oss-process=image/resize,w_150"
"https://image.dayi.org.cn/public/uploads/prescriptions/1121842.jpg?x-oss-process=image/resize,w_150"
"https://image.dayi.org.cn/public/uploads/prescriptions/1121837.jpg?x-oss-process=image/resize,w_150"
"https://image.dayi.org.cn/public/uploads/prescriptions/1121835.jpg?x-oss-process=image/resize,w_150"
"https://image.dayi.org.cn/public/uploads/prescriptions/1121805.jpg?x-oss-process=image/resize,w_150"
"https://image.dayi.org.cn/public/uploads/prescriptions/1121769.jpg?x-oss-process=image/resize,w_150"
"https://image.dayi.org.cn/public/uploads/prescriptions/1121768.jpg?x-oss-process=image/resize,w_150"
"https://image.dayi.org.cn/public/uploads/prescriptions/1121757.jpg?x-oss-process=image/resize,w_150"
"https://image.dayi.org.cn/public/uploads/prescriptions/1121747.jpg?x-oss-process=image/resize,w_150"
"https://image.dayi.org.cn/public/uploads/prescriptions/1121738.jpg?x-oss-process=image/resize,w_150"
"https://image.dayi.org.cn/public/uploads/prescriptions/1121726.jpg?x-oss-process=image/resize,w_150"
"https://image.dayi.org.cn/public/uploads/prescriptions/1121698.jpg?x-oss-process=image/resize,w_150"
"https://image.dayi.org.cn/public/uploads/prescriptions/1121690.jpg?x-oss-process=image/resize,w_150"
"https://image.dayi.org.cn/public/uploads/prescriptions/1121677.jpg?x-oss-process=image/resize,w_150"
"https://image.dayi.org.cn/public/uploads/prescriptions/1121635.jpg?x-oss-process=image/resize,w_150"
"https://image.dayi.org.cn/public/uploads/prescriptions/1121632.jpg?x-oss-process=image/resize,w_150"
"https://image.dayi.org.cn/public/uploads/prescriptions/1121602.jpg?x-oss-process=image/resize,w_150"
"https://image.dayi.org.cn/public/uploads/prescriptions/1121577.jpg?x-oss-process=image/resize,w_150"
"https://image.dayi.org.cn/public/uploads/prescriptions/1121571.jpg?x-oss-process=image/resize,w_150"
"https://image.dayi.org.cn/public/uploads/prescriptions/1121564.jpg?x-oss-process=image/resize,w_150"
"https://image.dayi.org.cn/public/uploads/prescriptions/1121550.jpg?x-oss-process=image/resize,w_150"
"https://image.dayi.org.cn/public/uploads/prescriptions/1121545.jpg?x-oss-process=image/resize,w_150"
"https://image.dayi.org.cn/public/uploads/prescriptions/1121544.jpg?x-oss-process=image/resize,w_150"
"https://image.dayi.org.cn/public/uploads/prescriptions/1121507.jpg?x-oss-process=image/resize,w_150"
"https://image.dayi.org.cn/public/uploads/prescriptions/1121492.jpg?x-oss-process=image/resize,w_150"
"https://image.dayi.org.cn/public/uploads/prescriptions/1121474.jpg?x-oss-process=image/resize,w_150"
"https://image.dayi.org.cn/public/uploads/prescriptions/1121395.jpg?x-oss-process=image/resize,w_150"
"https://image.dayi.org.cn/public/uploads/prescriptions/1121392.jpg?x-oss-process=image/resize,w_150"
"https://image.dayi.org.cn/public/uploads/prescriptions/1121389.jpg?x-oss-process=image/resize,w_150"
"https://image.dayi.org.cn/public/uploads/prescriptions/1121383.jpg?x-oss-process=image/resize,w_150"
"https://image.dayi.org.cn/public/uploads/prescriptions/1121375.jpg?x-oss-process=image/resize,w_150"
"https://image.dayi.org.cn/public/uploads/prescriptions/1121372.jpg?x-oss-process=image/resize,w_150"
"https://image.dayi.org.cn/public/uploads/prescriptions/1121360.jpg?x-oss-process=image/resize,w_150"
"https://image.dayi.org.cn/public/uploads/prescriptions/1121353.jpg?x-oss-process=image/resize,w_150"
"https://image.dayi.org.cn/public/uploads/prescriptions/1121325.jpg?x-oss-process=image/resize,w_150"
"https://image.dayi.org.cn/public/uploads/prescriptions/1121310.jpg?x-oss-process=image/resize,w_150"
"https://image.dayi.org.cn/public/uploads/prescriptions/1121245.jpg?x-oss-process=image/resize,w_150"
"https://image.dayi.org.cn/public/uploads/prescriptions/1121222.jpg?x-oss-process=image/resize,w_150"
"https://image.dayi.org.cn/public/uploads/prescriptions/1121180.jpg?x-oss-process=image/resize,w_150"
"https://image.dayi.org.cn/public/uploads/prescriptions/1121179.jpg?x-oss-process=image/resize,w_150"
"https://image.dayi.org.cn/public/uploads/prescriptions/1121120.jpg?x-oss-process=image/resize,w_150"
"https://image.dayi.org.cn/public/uploads/prescriptions/1121098.jpg?x-oss-process=image/resize,w_150"
"https://image.dayi.org.cn/public/uploads/prescriptions/1121082.jpg?x-oss-process=image/resize,w_150"
"https://image.dayi.org.cn/public/uploads/prescriptions/1121061.jpg?x-oss-process=image/resize,w_150"
"https://image.dayi.org.cn/public/uploads/prescriptions/1121060.jpg?x-oss-process=image/resize,w_150"
"https://image.dayi.org.cn/public/uploads/prescriptions/1121050.jpg?x-oss-process=image/resize,w_150"
"https://image.dayi.org.cn/public/uploads/prescriptions/1121036.jpg?x-oss-process=image/resize,w_150"
"https://image.dayi.org.cn/public/uploads/prescriptions/1121020.jpg?x-oss-process=image/resize,w_150"
"https://image.dayi.org.cn/public/uploads/prescriptions/1121018.jpg?x-oss-process=image/resize,w_150"
"https://image.dayi.org.cn/public/uploads/prescriptions/1120998.jpg?x-oss-process=image/resize,w_150"
"https://image.dayi.org.cn/public/uploads/prescriptions/1120997.jpg?x-oss-process=image/resize,w_150"
"https://image.dayi.org.cn/public/uploads/prescriptions/1120965.jpg?x-oss-process=image/resize,w_150"
"https://image.dayi.org.cn/public/uploads/prescriptions/1120944.jpg?x-oss-process=image/resize,w_150"
"https://image.dayi.org.cn/public/uploads/prescriptions/1120895.jpg?x-oss-process=image/resize,w_150"
"https://image.dayi.org.cn/public/uploads/prescriptions/1120860.jpg?x-oss-process=image/resize,w_150"
"https://image.dayi.org.cn/public/uploads/prescriptions/1120835.jpg?x-oss-process=image/resize,w_150"
"https://image.dayi.org.cn/public/uploads/prescriptions/1120812.jpg?x-oss-process=image/resize,w_150"
"https://image.dayi.org.cn/public/uploads/prescriptions/1120811.jpg?x-oss-process=image/resize,w_150"
"https://image.dayi.org.cn/public/uploads/prescriptions/1120763.jpg?x-oss-process=image/resize,w_150"
"https://image.dayi.org.cn/public/uploads/prescriptions/1120738.jpg?x-oss-process=image/resize,w_150"
"https://image.dayi.org.cn/public/uploads/prescriptions/1120737.jpg?x-oss-process=image/resize,w_150"
"https://image.dayi.org.cn/public/uploads/prescriptions/1120726.jpg?x-oss-process=image/resize,w_150"
"https://image.dayi.org.cn/public/uploads/prescriptions/1120720.jpg?x-oss-process=image/resize,w_150"
"https://image.dayi.org.cn/public/uploads/prescriptions/1120716.jpg?x-oss-process=image/resize,w_150"
"https://image.dayi.org.cn/public/uploads/prescriptions/1120712.jpg?x-oss-process=image/resize,w_150"
"https://image.dayi.org.cn/public/uploads/prescriptions/1120704.jpg?x-oss-process=image/resize,w_150"
"https://image.dayi.org.cn/public/uploads/prescriptions/1120635.jpg?x-oss-process=image/resize,w_150"
"https://image.dayi.org.cn/public/uploads/prescriptions/1120607.jpg?x-oss-process=image/resize,w_150"
"https://image.dayi.org.cn/public/uploads/prescriptions/1120586.jpg?x-oss-process=image/resize,w_150"
"https://image.dayi.org.cn/public/uploads/prescriptions/1120562.jpg?x-oss-process=image/resize,w_150"
"https://image.dayi.org.cn/public/uploads/prescriptions/1120561.jpg?x-oss-process=image/resize,w_150"
"https://image.dayi.org.cn/public/uploads/prescriptions/1120520.jpg?x-oss-process=image/resize,w_150"
"https://image.dayi.org.cn/public/uploads/prescriptions/1120509.jpg?x-oss-process=image/resize,w_150"
"https://image.dayi.org.cn/public/uploads/prescriptions/1120487.jpg?x-oss-process=image/resize,w_150"
"https://image.dayi.org.cn/public/uploads/prescriptions/1120454.jpg?x-oss-process=image/resize,w_150"
"https://image.dayi.org.cn/public/uploads/prescriptions/1120441.jpg?x-oss-process=image/resize,w_150"
"https://image.dayi.org.cn/public/uploads/prescriptions/1120407.jpg?x-oss-process=image/resize,w_150"
"https://image.dayi.org.cn/public/uploads/prescriptions/1120378.jpg?x-oss-process=image/resize,w_150"
"https://image.dayi.org.cn/public/uploads/prescriptions/1120354.jpg?x-oss-process=image/resize,w_150"
"https://image.dayi.org.cn/public/uploads/prescriptions/1120179.jpg?x-oss-process=image/resize,w_150"
"https://image.dayi.org.cn/public/uploads/prescriptions/1119980.jpg?x-oss-process=image/resize,w_150"
"https://image.dayi.org.cn/public/uploads/prescriptions/1119971.jpg?x-oss-process=image/resize,w_150"
"https://image.dayi.org.cn/public/uploads/prescriptions/1119141.jpg?x-oss-process=image/resize,w_150"
"https://image.dayi.org.cn/public/uploads/prescriptions/1118854.jpg?x-oss-process=image/resize,w_150"
"https://image.dayi.org.cn/public/uploads/prescriptions/1118729.jpg?x-oss-process=image/resize,w_150"
"https://image.dayi.org.cn/public/uploads/prescriptions/1118434.jpg?x-oss-process=image/resize,w_150"
"https://image.dayi.org.cn/public/uploads/prescriptions/1118396.jpg?x-oss-process=image/resize,w_150"
"https://image.dayi.org.cn/public/uploads/prescriptions/1113323.jpg?x-oss-process=image/resize,w_150"
"https://image.dayi.org.cn/public/uploads/prescriptions/1112808.jpg?x-oss-process=image/resize,w_150"
"https://image.dayi.org.cn/public/uploads/prescriptions/1112584.jpg?x-oss-process=image/resize,w_150"
"https://image.dayi.org.cn/public/uploads/prescriptions/1112415.jpg?x-oss-process=image/resize,w_150"
"https://image.dayi.org.cn/public/uploads/prescriptions/1112009.jpg?x-oss-process=image/resize,w_150"
"https://image.dayi.org.cn/public/uploads/prescriptions/1111905.jpg?x-oss-process=image/resize,w_150"
"https://image.dayi.org.cn/public/uploads/prescriptions/1111795.jpg?x-oss-process=image/resize,w_150"
"https://image.dayi.org.cn/public/uploads/prescriptions/1111647.jpg?x-oss-process=image/resize,w_150"
"https://image.dayi.org.cn/public/uploads/prescriptions/1111616.jpg?x-oss-process=image/resize,w_150"
"https://image.dayi.org.cn/public/uploads/prescriptions/1111512.jpg?x-oss-process=image/resize,w_150"
"https://image.dayi.org.cn/public/uploads/prescriptions/1111301.jpg?x-oss-process=image/resize,w_150"
"https://image.dayi.org.cn/public/uploads/prescriptions/1111187.jpg?x-oss-process=image/resize,w_150"
"https://image.dayi.org.cn/public/uploads/prescriptions/1111059.jpg?x-oss-process=image/resize,w_150"
"https://image.dayi.org.cn/public/uploads/prescriptions/1110970.jpg?x-oss-process=image/resize,w_150"
"https://image.dayi.org.cn/public/uploads/prescriptions/1110887.jpg?x-oss-process=image/resize,w_150"
"https://image.dayi.org.cn/public/uploads/prescriptions/1110817.jpg?x-oss-process=image/resize,w_150"
"https://image.dayi.org.cn/public/uploads/prescriptions/1110603.jpg?x-oss-process=image/resize,w_150"
"https://image.dayi.org.cn/public/uploads/prescriptions/1110530.jpg?x-oss-process=image/resize,w_150"
"https://image.dayi.org.cn/public/uploads/prescriptions/1110442.jpg?x-oss-process=image/resize,w_150"
"https://image.dayi.org.cn/public/uploads/prescriptions/1110404.jpg?x-oss-process=image/resize,w_150"
"https://image.dayi.org.cn/public/uploads/prescriptions/1110265.jpg?x-oss-process=image/resize,w_150"
"https://image.dayi.org.cn/public/uploads/prescriptions/1110207.jpg?x-oss-process=image/resize,w_150"
"https://image.dayi.org.cn/public/uploads/prescriptions/1110052.jpg?x-oss-process=image/resize,w_150"
"https://image.dayi.org.cn/public/uploads/prescriptions/1110007.jpg?x-oss-process=image/resize,w_150"
"https://image.dayi.org.cn/public/uploads/prescriptions/1109871.jpg?x-oss-process=image/resize,w_150"
"https://image.dayi.org.cn/public/uploads/prescriptions/1109589.jpg?x-oss-process=image/resize,w_150"
"https://image.dayi.org.cn/public/uploads/prescriptions/1109405.jpg?x-oss-process=image/resize,w_150"
"https://image.dayi.org.cn/public/uploads/prescriptions/1109299.jpg?x-oss-process=image/resize,w_150"
"https://image.dayi.org.cn/public/uploads/prescriptions/1109266.jpg?x-oss-process=image/resize,w_150"
"https://image.dayi.org.cn/public/uploads/prescriptions/1109252.jpg?x-oss-process=image/resize,w_150"
"https://image.dayi.org.cn/public/uploads/prescriptions/1109143.jpg?x-oss-process=image/resize,w_150"
"https://image.dayi.org.cn/public/uploads/prescriptions/1109001.jpg?x-oss-process=image/resize,w_150"
"https://image.dayi.org.cn/public/uploads/prescriptions/1108885.jpg?x-oss-process=image/resize,w_150"
"https://image.dayi.org.cn/public/uploads/prescriptions/1108817.jpg?x-oss-process=image/resize,w_150"
"https://image.dayi.org.cn/public/uploads/prescriptions/1108795.jpg?x-oss-process=image/resize,w_150"
"https://image.dayi.org.cn/public/uploads/prescriptions/1108616.jpg?x-oss-process=image/resize,w_150"
"https://image.dayi.org.cn/public/uploads/prescriptions/1108494.jpg?x-oss-process=image/resize,w_150"
"https://image.dayi.org.cn/public/uploads/prescriptions/1108484.jpg?x-oss-process=image/resize,w_150"
"https://image.dayi.org.cn/public/uploads/prescriptions/1108478.jpg?x-oss-process=image/resize,w_150"
"https://image.dayi.org.cn/public/uploads/prescriptions/1108419.jpg?x-oss-process=image/resize,w_150"
"https://image.dayi.org.cn/public/uploads/prescriptions/1108355.jpg?x-oss-process=image/resize,w_150"
"https://image.dayi.org.cn/public/uploads/prescriptions/1108198.jpg?x-oss-process=image/resize,w_150"
"https://image.dayi.org.cn/public/uploads/prescriptions/1108005.jpg?x-oss-process=image/resize,w_150"
"https://image.dayi.org.cn/public/uploads/prescriptions/1107793.jpg?x-oss-process=image/resize,w_150"
"https://image.dayi.org.cn/public/uploads/prescriptions/1107674.jpg?x-oss-process=image/resize,w_150"
"https://image.dayi.org.cn/public/uploads/prescriptions/1107550.jpg?x-oss-process=image/resize,w_150"
"https://image.dayi.org.cn/public/uploads/prescriptions/1107376.jpg?x-oss-process=image/resize,w_150"
"https://image.dayi.org.cn/public/uploads/prescriptions/1107323.jpg?x-oss-process=image/resize,w_150"
"https://image.dayi.org.cn/public/uploads/prescriptions/1107289.jpg?x-oss-process=image/resize,w_150"
"https://image.dayi.org.cn/public/uploads/prescriptions/1107192.jpg?x-oss-process=image/resize,w_150"
"https://image.dayi.org.cn/public/uploads/prescriptions/1107134.jpg?x-oss-process=image/resize,w_150"
"https://image.dayi.org.cn/public/uploads/prescriptions/1107131.jpg?x-oss-process=image/resize,w_150"
"https://image.dayi.org.cn/public/uploads/prescriptions/1107043.jpg?x-oss-process=image/resize,w_150"
"https://image.dayi.org.cn/public/uploads/prescriptions/1107022.jpg?x-oss-process=image/resize,w_150"
"https://image.dayi.org.cn/public/uploads/prescriptions/1106993.jpg?x-oss-process=image/resize,w_150"
"https://image.dayi.org.cn/public/uploads/prescriptions/1106925.jpg?x-oss-process=image/resize,w_150"
"https://image.dayi.org.cn/public/uploads/prescriptions/1106750.jpg?x-oss-process=image/resize,w_150"
"https://image.dayi.org.cn/public/uploads/prescriptions/1106745.jpg?x-oss-process=image/resize,w_150"
"https://image.dayi.org.cn/public/uploads/prescriptions/1106711.jpg?x-oss-process=image/resize,w_150"
"https://image.dayi.org.cn/public/uploads/prescriptions/1106607.jpg?x-oss-process=image/resize,w_150"
"https://image.dayi.org.cn/public/uploads/prescriptions/1106512.jpg?x-oss-process=image/resize,w_150"
"https://image.dayi.org.cn/public/uploads/prescriptions/1106494.jpg?x-oss-process=image/resize,w_150"
"https://image.dayi.org.cn/public/uploads/prescriptions/1106493.jpg?x-oss-process=image/resize,w_150"
"https://image.dayi.org.cn/public/uploads/prescriptions/1106490.jpg?x-oss-process=image/resize,w_150"
"https://image.dayi.org.cn/public/uploads/prescriptions/1106469.jpg?x-oss-process=image/resize,w_150"
"https://image.dayi.org.cn/public/uploads/prescriptions/1106468.jpg?x-oss-process=image/resize,w_150"
"https://image.dayi.org.cn/public/uploads/prescriptions/1106437.jpg?x-oss-process=image/resize,w_150"
"https://image.dayi.org.cn/public/uploads/prescriptions/1106395.jpg?x-oss-process=image/resize,w_150"
"https://image.dayi.org.cn/public/uploads/prescriptions/1106362.jpg?x-oss-process=image/resize,w_150"
"https://image.dayi.org.cn/public/uploads/prescriptions/1106352.jpg?x-oss-process=image/resize,w_150"
"https://image.dayi.org.cn/public/uploads/prescriptions/1106351.jpg?x-oss-process=image/resize,w_150"
"https://image.dayi.org.cn/public/uploads/prescriptions/1106315.jpg?x-oss-process=image/resize,w_150"
"https://image.dayi.org.cn/public/uploads/prescriptions/1106219.jpg?x-oss-process=image/resize,w_150"
"https://image.dayi.org.cn/public/uploads/prescriptions/1106000.jpg?x-oss-process=image/resize,w_150"
"https://image.dayi.org.cn/public/uploads/prescriptions/1105946.jpg?x-oss-process=image/resize,w_150"
"https://image.dayi.org.cn/public/uploads/prescriptions/1105885.jpg?x-oss-process=image/resize,w_150"
"https://image.dayi.org.cn/public/uploads/prescriptions/1105868.jpg?x-oss-process=image/resize,w_150"
"https://image.dayi.org.cn/public/uploads/prescriptions/1105860.jpg?x-oss-process=image/resize,w_150"
"https://image.dayi.org.cn/public/uploads/prescriptions/1105778.jpg?x-oss-process=image/resize,w_150"
"https://image.dayi.org.cn/public/uploads/prescriptions/1105751.jpg?x-oss-process=image/resize,w_150"
"https://image.dayi.org.cn/public/uploads/prescriptions/1105744.jpg?x-oss-process=image/resize,w_150"
"https://image.dayi.org.cn/public/uploads/prescriptions/1105742.jpg?x-oss-process=image/resize,w_150"
"https://image.dayi.org.cn/public/uploads/prescriptions/1105740.jpg?x-oss-process=image/resize,w_150"
"https://image.dayi.org.cn/public/uploads/prescriptions/1105725.jpg?x-oss-process=image/resize,w_150"
"https://image.dayi.org.cn/public/uploads/prescriptions/1105693.jpg?x-oss-process=image/resize,w_150"
"https://image.dayi.org.cn/public/uploads/prescriptions/1105687.jpg?x-oss-process=image/resize,w_150"
"https://image.dayi.org.cn/public/uploads/prescriptions/1105666.jpg?x-oss-process=image/resize,w_150"
"https://image.dayi.org.cn/public/uploads/prescriptions/1105658.jpg?x-oss-process=image/resize,w_150"
"https://image.dayi.org.cn/public/uploads/prescriptions/1105641.jpg?x-oss-process=image/resize,w_150"
"https://image.dayi.org.cn/public/uploads/prescriptions/1105541.jpg?x-oss-process=image/resize,w_150"
"https://image.dayi.org.cn/public/uploads/prescriptions/1105531.jpg?x-oss-process=image/resize,w_150"
"https://image.dayi.org.cn/public/uploads/prescriptions/1105465.jpg?x-oss-process=image/resize,w_150"
"https://image.dayi.org.cn/public/uploads/prescriptions/1105444.jpg?x-oss-process=image/resize,w_150"
"https://image.dayi.org.cn/public/uploads/prescriptions/1105372.jpg?x-oss-process=image/resize,w_150"
"https://image.dayi.org.cn/public/uploads/prescriptions/1105327.jpg?x-oss-process=image/resize,w_150"
"https://image.dayi.org.cn/public/uploads/prescriptions/1105299.jpg?x-oss-process=image/resize,w_150"
"https://image.dayi.org.cn/public/uploads/prescriptions/1105285.jpg?x-oss-process=image/resize,w_150"
"https://image.dayi.org.cn/public/uploads/prescriptions/1104924.jpg?x-oss-process=image/resize,w_150"
"https://image.dayi.org.cn/public/uploads/prescriptions/1104909.jpg?x-oss-process=image/resize,w_150"
"https://image.dayi.org.cn/public/uploads/prescriptions/1103724.jpg?x-oss-process=image/resize,w_150"
"https://image.dayi.org.cn/public/uploads/prescriptions/1103457.jpg?x-oss-process=image/resize,w_150"
"https://image.dayi.org.cn/public/uploads/prescriptions/1103435.jpg?x-oss-process=image/resize,w_150"
"https://image.dayi.org.cn/public/uploads/prescriptions/1103390.jpg?x-oss-process=image/resize,w_150"
"https://image.dayi.org.cn/public/uploads/prescriptions/1103180.jpg?x-oss-process=image/resize,w_150"
"https://image.dayi.org.cn/public/uploads/prescriptions/1103046.jpg?x-oss-process=image/resize,w_150"
"https://image.dayi.org.cn/public/uploads/prescriptions/1102925.jpg?x-oss-process=image/resize,w_150"
"https://image.dayi.org.cn/public/uploads/prescriptions/1102842.jpg?x-oss-process=image/resize,w_150"
"https://image.dayi.org.cn/public/uploads/prescriptions/1102748.jpg?x-oss-process=image/resize,w_150"
"https://image.dayi.org.cn/public/uploads/prescriptions/1102104.jpg?x-oss-process=image/resize,w_150"
"https://image.dayi.org.cn/public/uploads/prescriptions/1101879.jpg?x-oss-process=image/resize,w_150"
"https://image.dayi.org.cn/public/uploads/prescriptions/1101414.jpg?x-oss-process=image/resize,w_150"
"https://image.dayi.org.cn/public/uploads/prescriptions/1101392.jpg?x-oss-process=image/resize,w_150"
"https://image.dayi.org.cn/public/uploads/prescriptions/1101076.jpg?x-oss-process=image/resize,w_150"
"https://image.dayi.org.cn/public/uploads/prescriptions/1101020.jpg?x-oss-process=image/resize,w_150"
"https://image.dayi.org.cn/public/uploads/prescriptions/1100160.jpg?x-oss-process=image/resize,w_150"
"https://image.dayi.org.cn/public/uploads/prescriptions/1100120.jpg?x-oss-process=image/resize,w_150"
"https://image.dayi.org.cn/public/uploads/prescriptions/1100041.jpg?x-oss-process=image/resize,w_150"
"https://image.dayi.org.cn/public/uploads/prescriptions/1099762.jpg?x-oss-process=image/resize,w_150"
"https://image.dayi.org.cn/public/uploads/prescriptions/1099524.jpg?x-oss-process=image/resize,w_150"
"https://image.dayi.org.cn/public/uploads/prescriptions/1099368.jpg?x-oss-process=image/resize,w_150"
"https://image.dayi.org.cn/public/uploads/prescriptions/1099291.jpg?x-oss-process=image/resize,w_150"
"https://image.dayi.org.cn/public/uploads/prescriptions/1099119.jpg?x-oss-process=image/resize,w_150"
"https://image.dayi.org.cn/public/uploads/prescriptions/1099092.jpg?x-oss-process=image/resize,w_150"
"https://image.dayi.org.cn/public/uploads/prescriptions/1099059.jpg?x-oss-process=image/resize,w_150"
"https://image.dayi.org.cn/public/uploads/prescriptions/1099058.jpg?x-oss-process=image/resize,w_150"
"https://image.dayi.org.cn/public/uploads/prescriptions/1099004.jpg?x-oss-process=image/resize,w_150"
"https://image.dayi.org.cn/public/uploads/prescriptions/1098915.jpg?x-oss-process=image/resize,w_150"
"https://image.dayi.org.cn/public/uploads/prescriptions/1098460.jpg?x-oss-process=image/resize,w_150"
"https://image.dayi.org.cn/public/uploads/prescriptions/1098338.jpg?x-oss-process=image/resize,w_150"
"https://image.dayi.org.cn/public/uploads/prescriptions/1098328.jpg?x-oss-process=image/resize,w_150"
"https://image.dayi.org.cn/public/uploads/prescriptions/1098316.jpg?x-oss-process=image/resize,w_150"
"https://image.dayi.org.cn/public/uploads/prescriptions/1098253.jpg?x-oss-process=image/resize,w_150"
"https://image.dayi.org.cn/public/uploads/prescriptions/1098213.jpg?x-oss-process=image/resize,w_150"
"https://image.dayi.org.cn/public/uploads/prescriptions/1098205.jpg?x-oss-process=image/resize,w_150"
"https://image.dayi.org.cn/public/uploads/prescriptions/1098085.jpg?x-oss-process=image/resize,w_150"
"https://image.dayi.org.cn/public/uploads/prescriptions/1097837.jpg?x-oss-process=image/resize,w_150"
"https://image.dayi.org.cn/public/uploads/prescriptions/1097716.jpg?x-oss-process=image/resize,w_150"
"https://image.dayi.org.cn/public/uploads/prescriptions/1097670.jpg?x-oss-process=image/resize,w_150"
"https://image.dayi.org.cn/public/uploads/prescriptions/1097574.jpg?x-oss-process=image/resize,w_150"
"https://image.dayi.org.cn/public/uploads/prescriptions/1097522.jpg?x-oss-process=image/resize,w_150"
"https://image.dayi.org.cn/public/uploads/prescriptions/1097371.jpg?x-oss-process=image/resize,w_150"
"https://image.dayi.org.cn/public/uploads/prescriptions/1097358.jpg?x-oss-process=image/resize,w_150"
"https://image.dayi.org.cn/public/uploads/prescriptions/1097320.jpg?x-oss-process=image/resize,w_150"
"https://image.dayi.org.cn/public/uploads/prescriptions/1097163.jpg?x-oss-process=image/resize,w_150"
"https://image.dayi.org.cn/public/uploads/prescriptions/1097041.jpg?x-oss-process=image/resize,w_150"
"https://image.dayi.org.cn/public/uploads/prescriptions/1097027.jpg?x-oss-process=image/resize,w_150"
"https://image.dayi.org.cn/public/uploads/prescriptions/1096987.jpg?x-oss-process=image/resize,w_150"
"https://image.dayi.org.cn/public/uploads/prescriptions/1096969.jpg?x-oss-process=image/resize,w_150"
"https://image.dayi.org.cn/public/uploads/prescriptions/1096769.jpg?x-oss-process=image/resize,w_150"
"https://image.dayi.org.cn/public/uploads/prescriptions/1096562.jpg?x-oss-process=image/resize,w_150"
"https://image.dayi.org.cn/public/uploads/prescriptions/1096472.jpg?x-oss-process=image/resize,w_150"
"https://image.dayi.org.cn/public/uploads/prescriptions/1095986.jpg?x-oss-process=image/resize,w_150"
"https://image.dayi.org.cn/public/uploads/prescriptions/1095457.jpg?x-oss-process=image/resize,w_150"
"https://image.dayi.org.cn/public/uploads/prescriptions/1095010.jpg?x-oss-process=image/resize,w_150"
"https://image.dayi.org.cn/public/uploads/prescriptions/1094675.jpg?x-oss-process=image/resize,w_150"
"https://image.dayi.org.cn/public/uploads/prescriptions/1094391.jpg?x-oss-process=image/resize,w_150"
"https://image.dayi.org.cn/public/uploads/prescriptions/1094364.jpg?x-oss-process=image/resize,w_150"
"https://image.dayi.org.cn/public/uploads/prescriptions/1094346.jpg?x-oss-process=image/resize,w_150"
"https://image.dayi.org.cn/public/uploads/prescriptions/1094330.jpg?x-oss-process=image/resize,w_150"
"https://image.dayi.org.cn/public/uploads/prescriptions/1094224.jpg?x-oss-process=image/resize,w_150"
"https://image.dayi.org.cn/public/uploads/prescriptions/1094022.jpg?x-oss-process=image/resize,w_150"
"https://image.dayi.org.cn/public/uploads/prescriptions/1093904.jpg?x-oss-process=image/resize,w_150"
"https://image.dayi.org.cn/public/uploads/prescriptions/1093837.jpg?x-oss-process=image/resize,w_150"
"https://image.dayi.org.cn/public/uploads/prescriptions/1093797.jpg?x-oss-process=image/resize,w_150"
"https://image.dayi.org.cn/public/uploads/prescriptions/1093598.jpg?x-oss-process=image/resize,w_150"
"https://image.dayi.org.cn/public/uploads/prescriptions/1093570.jpg?x-oss-process=image/resize,w_150"
"https://image.dayi.org.cn/public/uploads/prescriptions/1093567.jpg?x-oss-process=image/resize,w_150"
"https://image.dayi.org.cn/public/uploads/prescriptions/1093462.jpg?x-oss-process=image/resize,w_150"
"https://image.dayi.org.cn/public/uploads/prescriptions/1093436.jpg?x-oss-process=image/resize,w_150"
"https://image.dayi.org.cn/public/uploads/prescriptions/1093398.jpg?x-oss-process=image/resize,w_150"
"https://image.dayi.org.cn/public/uploads/prescriptions/1092821.jpg?x-oss-process=image/resize,w_150"
"https://image.dayi.org.cn/public/uploads/prescriptions/1092811.jpg?x-oss-process=image/resize,w_150"
"https://image.dayi.org.cn/public/uploads/prescriptions/1092802.jpg?x-oss-process=image/resize,w_150"
"https://image.dayi.org.cn/public/uploads/prescriptions/1092723.jpg?x-oss-process=image/resize,w_150"
"https://image.dayi.org.cn/public/uploads/prescriptions/1092559.jpg?x-oss-process=image/resize,w_150"
"https://image.dayi.org.cn/public/uploads/prescriptions/1092494.jpg?x-oss-process=image/resize,w_150"
"https://image.dayi.org.cn/public/uploads/prescriptions/1092413.jpg?x-oss-process=image/resize,w_150"
"https://image.dayi.org.cn/public/uploads/prescriptions/1092312.jpg?x-oss-process=image/resize,w_150"
"https://image.dayi.org.cn/public/uploads/prescriptions/1092115.jpg?x-oss-process=image/resize,w_150"
"https://image.dayi.org.cn/public/uploads/prescriptions/1092051.jpg?x-oss-process=image/resize,w_150"
"https://image.dayi.org.cn/public/uploads/prescriptions/1091913.jpg?x-oss-process=image/resize,w_150"
"https://image.dayi.org.cn/public/uploads/prescriptions/1091908.jpg?x-oss-process=image/resize,w_150"
"https://image.dayi.org.cn/public/uploads/prescriptions/1091824.jpg?x-oss-process=image/resize,w_150"
"https://image.dayi.org.cn/public/uploads/prescriptions/1091686.jpg?x-oss-process=image/resize,w_150"
"https://image.dayi.org.cn/public/uploads/prescriptions/1091547.jpg?x-oss-process=image/resize,w_150"
"https://image.dayi.org.cn/public/uploads/prescriptions/1091481.jpg?x-oss-process=image/resize,w_150"
"https://image.dayi.org.cn/public/uploads/prescriptions/1091035.jpg?x-oss-process=image/resize,w_150"
"https://image.dayi.org.cn/public/uploads/prescriptions/1090934.jpg?x-oss-process=image/resize,w_150"
"https://image.dayi.org.cn/public/uploads/prescriptions/1090823.jpg?x-oss-process=image/resize,w_150"
"https://image.dayi.org.cn/public/uploads/prescriptions/1090723.jpg?x-oss-process=image/resize,w_150"
"https://image.dayi.org.cn/public/uploads/prescriptions/1090684.jpg?x-oss-process=image/resize,w_150"
"https://image.dayi.org.cn/public/uploads/prescriptions/1090415.jpg?x-oss-process=image/resize,w_150"
"https://image.dayi.org.cn/public/uploads/prescriptions/1090304.jpg?x-oss-process=image/resize,w_150"
"https://image.dayi.org.cn/public/uploads/prescriptions/1090061.jpg?x-oss-process=image/resize,w_150"
"https://image.dayi.org.cn/public/uploads/prescriptions/1090056.jpg?x-oss-process=image/resize,w_150"
"https://image.dayi.org.cn/public/uploads/prescriptions/1089817.jpg?x-oss-process=image/resize,w_150"
"https://image.dayi.org.cn/public/uploads/prescriptions/1089814.jpg?x-oss-process=image/resize,w_150"
"https://image.dayi.org.cn/public/uploads/prescriptions/1089326.jpg?x-oss-process=image/resize,w_150"
"https://image.dayi.org.cn/public/uploads/prescriptions/1089318.jpg?x-oss-process=image/resize,w_150"
"https://image.dayi.org.cn/public/uploads/prescriptions/1089310.jpg?x-oss-process=image/resize,w_150"
"https://image.dayi.org.cn/public/uploads/prescriptions/1088912.jpg?x-oss-process=image/resize,w_150"
"https://image.dayi.org.cn/public/uploads/prescriptions/1088899.jpg?x-oss-process=image/resize,w_150"
"https://image.dayi.org.cn/public/uploads/prescriptions/1088896.jpg?x-oss-process=image/resize,w_150"
"https://image.dayi.org.cn/public/uploads/prescriptions/1088723.jpg?x-oss-process=image/resize,w_150"
"https://image.dayi.org.cn/public/uploads/prescriptions/1088542.jpg?x-oss-process=image/resize,w_150"
"https://image.dayi.org.cn/public/uploads/prescriptions/1088244.jpg?x-oss-process=image/resize,w_150"
"https://image.dayi.org.cn/public/uploads/prescriptions/1088009.jpg?x-oss-process=image/resize,w_150"
"https://image.dayi.org.cn/public/uploads/prescriptions/1087993.jpg?x-oss-process=image/resize,w_150"
"https://image.dayi.org.cn/public/uploads/prescriptions/1087984.jpg?x-oss-process=image/resize,w_150"
"https://image.dayi.org.cn/public/uploads/prescriptions/1087963.jpg?x-oss-process=image/resize,w_150"
"https://image.dayi.org.cn/public/uploads/prescriptions/1087936.jpg?x-oss-process=image/resize,w_150"
"https://image.dayi.org.cn/public/uploads/prescriptions/1087895.jpg?x-oss-process=image/resize,w_150"
"https://image.dayi.org.cn/public/uploads/prescriptions/1087856.jpg?x-oss-process=image/resize,w_150"