"https://image.dayi.org.cn/img/20220330/niMBtN7KEc.png?x-oss-process=image/resize,w_150"
"https://image.dayi.org.cn/img/20220331/T2MrGDcFnc.jpg?x-oss-process=image/resize,w_150"
"https://image.dayi.org.cn/img/20220409/PhFQ2GWkcX.jpg?x-oss-process=image/resize,w_150"
"https://image.dayi.org.cn/img/20220406/5J5zwHM8xQ.jpg?x-oss-process=image/resize,w_150"
"https://image.dayi.org.cn/img/20220331/RPnyA8GQsn.JPG?x-oss-process=image/resize,w_150"
"https://image.dayi.org.cn/img/20220331/it2BHcEaKy.png?x-oss-process=image/resize,w_150"
"https://image.dayi.org.cn/img/20220331/SxZmjrneAA.JPG?x-oss-process=image/resize,w_150"
"https://image.dayi.org.cn/img/20220402/kSBGp6eKRH.png?x-oss-process=image/resize,w_150"
"https://image.dayi.org.cn/img/20220408/YDD7c6aeS5.jpg?x-oss-process=image/resize,w_150"
"https://image.dayi.org.cn/img/20220331/zrnmCAEBai.jpg?x-oss-process=image/resize,w_150"
"https://image.dayi.org.cn/img/20220406/BDpQFxyJKC.jpg?x-oss-process=image/resize,w_150"
"https://image.dayi.org.cn/img/20220401/6N6nQsTHGy.png?x-oss-process=image/resize,w_150"
"https://image.dayi.org.cn/img/20220413/48BexfwBhc.jpg?x-oss-process=image/resize,w_150"
"https://image.dayi.org.cn/img/20220413/T7Z7k2r6xQ.jpg?x-oss-process=image/resize,w_150"
"https://image.dayi.org.cn/img/20220325/SDTnkrCWjk.jpg?x-oss-process=image/resize,w_150"
"https://image.dayi.org.cn/img/20220409/4Yy8xXK3bb.jpg?x-oss-process=image/resize,w_150"
"https://image.dayi.org.cn/img/20220325/GKEGsWHnQS.jpg?x-oss-process=image/resize,w_150"
"https://image.dayi.org.cn/img/20220406/wNzEskAjDP.png?x-oss-process=image/resize,w_150"
"https://image.dayi.org.cn/img/20220406/KhyCdsKZ4F.jpg?x-oss-process=image/resize,w_150"
"https://image.dayi.org.cn/img/20220409/z6fdRbnpDZ.jpg?x-oss-process=image/resize,w_150"
"https://image.dayi.org.cn/img/20220331/bB8NWpnJBk.jpg?x-oss-process=image/resize,w_150"
"https://image.dayi.org.cn/img/20220331/zjMJf62zQy.png?x-oss-process=image/resize,w_150"
"https://image.dayi.org.cn/img/20220330/bfwXJ28TYX.jpg?x-oss-process=image/resize,w_150"
"https://image.dayi.org.cn/img/20220325/83FrW4Prpm.jpg?x-oss-process=image/resize,w_150"
"https://image.dayi.org.cn/img/20220330/DdAcbeQ4Hb.JPG?x-oss-process=image/resize,w_150"
"https://image.dayi.org.cn/img/20220412/PAFJjdTCcT.png?x-oss-process=image/resize,w_150"
"https://image.dayi.org.cn/img/20220325/akYETesdHA.png?x-oss-process=image/resize,w_150"
"https://image.dayi.org.cn/img/20220415/iDT46iJR4Q.jpg?x-oss-process=image/resize,w_150"
"https://image.dayi.org.cn/img/20220325/fG8ZAJ3EKM.png?x-oss-process=image/resize,w_150"
"https://image.dayi.org.cn/img/20220401/KyJwFDZMxt.png?x-oss-process=image/resize,w_150"
"https://image.dayi.org.cn/img/20220331/YxNbCZzyeh.png?x-oss-process=image/resize,w_150"
"https://image.dayi.org.cn/img/20220412/BXrztFm2Bh.png?x-oss-process=image/resize,w_150"
"https://image.dayi.org.cn/img/20220411/kznsJRQcXp.png?x-oss-process=image/resize,w_150"
"https://image.dayi.org.cn/img/20220331/rSdYjFfw86.jpg?x-oss-process=image/resize,w_150"
"https://image.dayi.org.cn/img/20220415/aJayAZWw28.png?x-oss-process=image/resize,w_150"
"https://image.dayi.org.cn/img/20220402/JDhNjz25Ha.png?x-oss-process=image/resize,w_150"
"https://image.dayi.org.cn/img/20220415/6apYwseMkC.jpg?x-oss-process=image/resize,w_150"
"https://image.dayi.org.cn/img/20220413/4aJ87YF8jm.jpg?x-oss-process=image/resize,w_150"
"https://image.dayi.org.cn/img/20220409/3AZZcXCJhy.jpg?x-oss-process=image/resize,w_150"
"https://image.dayi.org.cn/img/20220401/4jhxDw57bZ.png?x-oss-process=image/resize,w_150"
"https://image.dayi.org.cn/img/20220325/J3KE8MatJe.png?x-oss-process=image/resize,w_150"
"https://image.dayi.org.cn/img/20220416/TkJdpY8ksY.jpg?x-oss-process=image/resize,w_150"
"https://image.dayi.org.cn/img/20220411/FKdGX5CRrD.jpg?x-oss-process=image/resize,w_150"
"https://image.dayi.org.cn/img/20220412/mK786eFfQt.png?x-oss-process=image/resize,w_150"
"https://image.dayi.org.cn/img/20220417/7FPHw42yaK.jpg?x-oss-process=image/resize,w_150"
"https://image.dayi.org.cn/img/20220413/YCadStDDZy.jpg?x-oss-process=image/resize,w_150"
"https://image.dayi.org.cn/img/20220325/ZZMhEzyTrC.jpg?x-oss-process=image/resize,w_150"
"https://image.dayi.org.cn/img/20220830/ARFEzAtGyB.png?x-oss-process=image/resize,w_150"
"https://image.dayi.org.cn/img/20220331/RxswQ4R7x8.jpg?x-oss-process=image/resize,w_150"
"https://image.dayi.org.cn/img/20220408/4nFKjCaGhj.jpg?x-oss-process=image/resize,w_150"
"https://image.dayi.org.cn/img/20220408/PhmiRjmZRN.jpg?x-oss-process=image/resize,w_150"
"https://image.dayi.org.cn/img/20220409/QJDiiwSxY6.jpg?x-oss-process=image/resize,w_150"
"https://image.dayi.org.cn/img/20220413/F2imzzbm7z.jpg?x-oss-process=image/resize,w_150"
"https://image.dayi.org.cn/img/20220408/kySQbrjkye.jpg?x-oss-process=image/resize,w_150"
"https://image.dayi.org.cn/img/20220424/ZefKjkwZ6x.jpeg?x-oss-process=image/resize,w_150"
"https://image.dayi.org.cn/img/20220411/2HGGmy8fbt.png?x-oss-process=image/resize,w_150"
"https://image.dayi.org.cn/img/20220324/JTK5f3tHXQ.jpg?x-oss-process=image/resize,w_150"
"https://image.dayi.org.cn/img/20220402/j6x8JRk3CH.jpg?x-oss-process=image/resize,w_150"
"https://image.dayi.org.cn/img/20220402/ar3aPGbmre.png?x-oss-process=image/resize,w_150"
"https://image.dayi.org.cn/img/20220325/DkzTxftweN.jpg?x-oss-process=image/resize,w_150"
"https://image.dayi.org.cn/img/20220424/xjyCAt4aff.jpg?x-oss-process=image/resize,w_150"
"https://image.dayi.org.cn/img/20220325/MWeBcAE7nr.jpg?x-oss-process=image/resize,w_150"
"https://image.dayi.org.cn/img/20220422/fstesfYbak.jpg?x-oss-process=image/resize,w_150"
"https://image.dayi.org.cn/img/20220410/iPrzxKRnwR.jpg?x-oss-process=image/resize,w_150"
"https://image.dayi.org.cn/img/20220413/QcynRrDAcr.png?x-oss-process=image/resize,w_150"
"https://image.dayi.org.cn/img/20220402/W5iiHGdwbX.png?x-oss-process=image/resize,w_150"
"https://image.dayi.org.cn/img/20220401/dCAfDfjn8E.jpg?x-oss-process=image/resize,w_150"
"https://image.dayi.org.cn/img/20220406/JiyNTYaApc.png?x-oss-process=image/resize,w_150"
"https://image.dayi.org.cn/img/20220409/eBsEyFaPGQ.jpeg?x-oss-process=image/resize,w_150"
"https://image.dayi.org.cn/img/20220409/D2n2A47ssn.jpg?x-oss-process=image/resize,w_150"
"https://image.dayi.org.cn/img/20220412/8Xz5HsH287.jpg?x-oss-process=image/resize,w_150"
"https://image.dayi.org.cn/img/20220406/3wwjpMMCYi.jpg?x-oss-process=image/resize,w_150"
"https://image.dayi.org.cn/img/20220412/BP7ZcEYacM.jpg?x-oss-process=image/resize,w_150"
"https://image.dayi.org.cn/img/20220411/F8W2GG5NDE.jpg?x-oss-process=image/resize,w_150"
"https://image.dayi.org.cn/img/20220325/TyexFXREcp.jpg?x-oss-process=image/resize,w_150"
"https://image.dayi.org.cn/img/20220411/wZFN8YCaAS.jpg?x-oss-process=image/resize,w_150"
"https://image.dayi.org.cn/img/20220402/XiMJZ6QHzJ.jpg?x-oss-process=image/resize,w_150"
"https://image.dayi.org.cn/img/20220409/thii6xFyYm.jpg?x-oss-process=image/resize,w_150"
"https://image.dayi.org.cn/img/20220406/RYPRcSzMQZ.jpg?x-oss-process=image/resize,w_150"
"https://image.dayi.org.cn/img/20220325/t3ss4GE6Ce.jpg?x-oss-process=image/resize,w_150"
"https://image.dayi.org.cn/img/20220401/kDWzQRA5hS.jpg?x-oss-process=image/resize,w_150"
"https://image.dayi.org.cn/img/20220324/nmHQaQG8n7.jpg?x-oss-process=image/resize,w_150"
"https://image.dayi.org.cn/img/20220401/pCC6wn6sZ5.jpg?x-oss-process=image/resize,w_150"
"https://image.dayi.org.cn/img/20220422/nsz8nEzCFb.JPG?x-oss-process=image/resize,w_150"
"https://image.dayi.org.cn/img/20220331/pcSZWPWhjx.jpg?x-oss-process=image/resize,w_150"
"https://image.dayi.org.cn/img/20220422/DsaBNKbd5N.jpg?x-oss-process=image/resize,w_150"
"https://image.dayi.org.cn/img/20220406/jkr6Qs3AGn.jpg?x-oss-process=image/resize,w_150"
"https://image.dayi.org.cn/img/20220416/be3JTzPdRj.jpg?x-oss-process=image/resize,w_150"
"https://image.dayi.org.cn/img/20220331/GyRkMyZ3kA.jpg?x-oss-process=image/resize,w_150"
"https://image.dayi.org.cn/img/20220401/t4hipPBKft.jpg?x-oss-process=image/resize,w_150"
"https://image.dayi.org.cn/img/20220330/3PHXAc2rpW.jpg?x-oss-process=image/resize,w_150"
"https://image.dayi.org.cn/img/20220409/rFHQe54WN4.jpg?x-oss-process=image/resize,w_150"
"https://image.dayi.org.cn/img/20220331/awCA6hyQpG.jpg?x-oss-process=image/resize,w_150"
"https://image.dayi.org.cn/img/20220412/KaBTH8eJEM.jpg?x-oss-process=image/resize,w_150"
"https://image.dayi.org.cn/img/20220331/pXR8m5CaeS.jpg?x-oss-process=image/resize,w_150"
"https://image.dayi.org.cn/img/20220410/GTymSYaMzt.jpg?x-oss-process=image/resize,w_150"
"https://image.dayi.org.cn/img/20220331/Srh4TCFmYX.png?x-oss-process=image/resize,w_150"
"https://image.dayi.org.cn/img/20220401/C6M2DrMTBs.jpg?x-oss-process=image/resize,w_150"
"https://image.dayi.org.cn/img/20220416/fWchFkB4pA.jpg?x-oss-process=image/resize,w_150"
"https://image.dayi.org.cn/img/20220412/eRA3dTTHAJ.png?x-oss-process=image/resize,w_150"
"https://image.dayi.org.cn/img/20220331/mxMJxfR37F.png?x-oss-process=image/resize,w_150"
"https://image.dayi.org.cn/img/20220415/558a77sBCY.jpg?x-oss-process=image/resize,w_150"
"https://image.dayi.org.cn/img/20220421/Fweb2deakD.png?x-oss-process=image/resize,w_150"
"https://image.dayi.org.cn/img/20220331/ekA8re4bTa.jpg?x-oss-process=image/resize,w_150"
"https://image.dayi.org.cn/img/20220422/MFB2kADyb7.jpg?x-oss-process=image/resize,w_150"
"https://image.dayi.org.cn/img/20220411/tSrzcT4Eb6.png?x-oss-process=image/resize,w_150"
"https://image.dayi.org.cn/img/20220331/3ZXeYQ6Yz6.jpg?x-oss-process=image/resize,w_150"
"https://image.dayi.org.cn/img/20220325/nC8BPw4zce.jpg?x-oss-process=image/resize,w_150"
"https://image.dayi.org.cn/img/20220331/GxmzmbJart.jpg?x-oss-process=image/resize,w_150"
"https://image.dayi.org.cn/img/20220409/mytmxHZ4ws.jpg?x-oss-process=image/resize,w_150"
"https://image.dayi.org.cn/img/20220412/CkhrwKSPJF.jpg?x-oss-process=image/resize,w_150"
"https://image.dayi.org.cn/img/20220402/kfcmiCWsBY.jpg?x-oss-process=image/resize,w_150"
"https://image.dayi.org.cn/img/20220325/Jyjskx63Dc.jpg?x-oss-process=image/resize,w_150"
"https://image.dayi.org.cn/img/20220413/KnzSDbCNNk.jpg?x-oss-process=image/resize,w_150"
"https://image.dayi.org.cn/img/20220325/e7E8Diysxh.jpg?x-oss-process=image/resize,w_150"
"https://image.dayi.org.cn/img/20220406/43BZpYdREx.jpg?x-oss-process=image/resize,w_150"
"https://image.dayi.org.cn/img/20220401/MzRmaFMteA.jpg?x-oss-process=image/resize,w_150"
"https://image.dayi.org.cn/img/20220422/j8PQws8SDQ.jpg?x-oss-process=image/resize,w_150"
"https://image.dayi.org.cn/img/20220415/wyMrrBps5x.jpg?x-oss-process=image/resize,w_150"
"https://image.dayi.org.cn/img/20220323/Y7izMPi6r2.jpg?x-oss-process=image/resize,w_150"
"https://image.dayi.org.cn/img/20220412/Bj78SndekX.png?x-oss-process=image/resize,w_150"
"https://image.dayi.org.cn/img/20220330/cmWCBzDXMM.jpg?x-oss-process=image/resize,w_150"
"https://image.dayi.org.cn/img/20220325/Fs65xpnXFa.jpg?x-oss-process=image/resize,w_150"
"https://image.dayi.org.cn/img/20220411/TCryxDbimJ.jpg?x-oss-process=image/resize,w_150"
"https://image.dayi.org.cn/img/20220417/eSsE8TCKJc.jpg?x-oss-process=image/resize,w_150"
"https://image.dayi.org.cn/img/20220413/F7aiTT3xSe.jpg?x-oss-process=image/resize,w_150"
"https://image.dayi.org.cn/img/20220414/mfdYcFajrR.jpg?x-oss-process=image/resize,w_150"
"https://image.dayi.org.cn/img/20220406/K8c8226znT.jpg?x-oss-process=image/resize,w_150"
"https://image.dayi.org.cn/img/20220331/ZxynXcSzNc.jpg?x-oss-process=image/resize,w_150"
"https://image.dayi.org.cn/img/20220401/mMdnxchZRP.jpg?x-oss-process=image/resize,w_150"
"https://image.dayi.org.cn/img/20220411/aXr4hpakdc.jpg?x-oss-process=image/resize,w_150"
"https://image.dayi.org.cn/img/20220412/GznYwec7fJ.jpg?x-oss-process=image/resize,w_150"
"https://image.dayi.org.cn/img/20220412/xX8EedJz5y.jpg?x-oss-process=image/resize,w_150"
"https://image.dayi.org.cn/img/20220331/yrB2RtcWF2.jpg?x-oss-process=image/resize,w_150"
"https://image.dayi.org.cn/img/20220415/7tjECXwH8P.jpg?x-oss-process=image/resize,w_150"
"https://image.dayi.org.cn/img/20220330/dGWXnTSw8c.jpg?x-oss-process=image/resize,w_150"
"https://image.dayi.org.cn/img/20220401/DwEr8TJGyh.jpg?x-oss-process=image/resize,w_150"
"https://image.dayi.org.cn/img/20220411/xcTGSfbN4h.jpg?x-oss-process=image/resize,w_150"
"https://image.dayi.org.cn/img/20220425/ppQJiddyGQ.jpg?x-oss-process=image/resize,w_150"
"https://image.dayi.org.cn/img/20220412/MH6GQCNYc2.png?x-oss-process=image/resize,w_150"
"https://image.dayi.org.cn/img/20220325/hSzJcFpGY8.jpg?x-oss-process=image/resize,w_150"
"https://image.dayi.org.cn/img/20220401/t44BCxjajb.jpg?x-oss-process=image/resize,w_150"
"https://image.dayi.org.cn/img/20220417/H7ScWPtQQY.jpg?x-oss-process=image/resize,w_150"
"https://image.dayi.org.cn/img/20220330/Hd4JhzpsiZ.jpg?x-oss-process=image/resize,w_150"
"https://image.dayi.org.cn/img/20220331/AayeYNcHHM.png?x-oss-process=image/resize,w_150"
"https://image.dayi.org.cn/img/20220324/CszmASYAjB.jpg?x-oss-process=image/resize,w_150"
"https://image.dayi.org.cn/img/20220415/mnhGKNB22Z.jpg?x-oss-process=image/resize,w_150"
"https://image.dayi.org.cn/img/20220412/TSBBCS86HR.jpg?x-oss-process=image/resize,w_150"
"https://image.dayi.org.cn/img/20220402/kDcMx7yhEE.jpg?x-oss-process=image/resize,w_150"
"https://image.dayi.org.cn/img/20220423/xQGdSz52sf.jpeg?x-oss-process=image/resize,w_150"
"https://image.dayi.org.cn/img/20220325/2GDBHjDeYE.jpg?x-oss-process=image/resize,w_150"
"https://image.dayi.org.cn/img/20220411/QnZWYAXenj.jpg?x-oss-process=image/resize,w_150"
"https://image.dayi.org.cn/img/20220412/iasHz5H8zj.jpg?x-oss-process=image/resize,w_150"
"https://image.dayi.org.cn/img/20220402/pePhSEkFeT.jpg?x-oss-process=image/resize,w_150"
"https://image.dayi.org.cn/img/20220403/3SMDN8N5rj.jpg?x-oss-process=image/resize,w_150"
"https://image.dayi.org.cn/img/20220412/2T2aSYEYhr.jpg?x-oss-process=image/resize,w_150"
"https://image.dayi.org.cn/img/20220413/wP8bj6jfzb.jpg?x-oss-process=image/resize,w_150"
"https://image.dayi.org.cn/img/20220414/HRY6ZdeaJf.jpg?x-oss-process=image/resize,w_150"
"https://image.dayi.org.cn/img/20220325/bE6E6xR5TE.jpeg?x-oss-process=image/resize,w_150"
"https://image.dayi.org.cn/img/20220416/t4d3Bk3jGB.jpg?x-oss-process=image/resize,w_150"
"https://image.dayi.org.cn/img/20220412/YTHGW3mKZG.jpg?x-oss-process=image/resize,w_150"
"https://image.dayi.org.cn/img/20220415/tbb8fncY4h.jpg?x-oss-process=image/resize,w_150"
"https://image.dayi.org.cn/img/20220330/5dTsdNSQ2W.png?x-oss-process=image/resize,w_150"
"https://image.dayi.org.cn/img/20220416/3f5rNfjy6h.jpg?x-oss-process=image/resize,w_150"
"https://image.dayi.org.cn/img/20220417/aDMyHakwEK.jpg?x-oss-process=image/resize,w_150"
"https://image.dayi.org.cn/img/20220331/jXtsibRFac.png?x-oss-process=image/resize,w_150"
"https://image.dayi.org.cn/img/20220414/NbmtZyTXY2.jpg?x-oss-process=image/resize,w_150"
"https://image.dayi.org.cn/img/20220324/2YeSxWfXRz.jpg?x-oss-process=image/resize,w_150"
"https://image.dayi.org.cn/img/20220418/C4ARDeBWsJ.jpg?x-oss-process=image/resize,w_150"
"https://image.dayi.org.cn/img/20220409/N4Y7trANrm.png?x-oss-process=image/resize,w_150"
"https://image.dayi.org.cn/img/20220412/7QA6MadKZW.jpg?x-oss-process=image/resize,w_150"
"https://image.dayi.org.cn/img/20220416/Ny4Tt3SwnA.jpg?x-oss-process=image/resize,w_150"
"https://image.dayi.org.cn/img/20220418/wdascxxFKN.jpg?x-oss-process=image/resize,w_150"
"https://image.dayi.org.cn/img/20220415/aSWN5hkdY5.jpg?x-oss-process=image/resize,w_150"
"https://image.dayi.org.cn/img/20220403/ZdSfafdiFN.jpg?x-oss-process=image/resize,w_150"
"https://image.dayi.org.cn/img/20220325/xQHNJ7bStZ.jpg?x-oss-process=image/resize,w_150"
"https://image.dayi.org.cn/img/20220325/s22HrxSZ3B.jpg?x-oss-process=image/resize,w_150"
"https://image.dayi.org.cn/img/20220325/YmaHa5YFFd.jpg?x-oss-process=image/resize,w_150"
"https://image.dayi.org.cn/img/20220406/CNDHYNNkQ2.jpg?x-oss-process=image/resize,w_150"
"https://image.dayi.org.cn/img/20220411/emy72h225s.png?x-oss-process=image/resize,w_150"
"https://image.dayi.org.cn/img/20220415/5BhDkTkQ2H.jpg?x-oss-process=image/resize,w_150"
"https://image.dayi.org.cn/img/20220325/QdiyfcWT5S.jpg?x-oss-process=image/resize,w_150"
"https://image.dayi.org.cn/img/20220412/zDfC4naAdB.jpg?x-oss-process=image/resize,w_150"
"https://image.dayi.org.cn/img/20220411/zG8RtrYENp.jpg?x-oss-process=image/resize,w_150"
"https://image.dayi.org.cn/img/20220402/QaDz4jhdFQ.jpg?x-oss-process=image/resize,w_150"
"https://image.dayi.org.cn/img/20220415/dmZ4htMFK5.jpg?x-oss-process=image/resize,w_150"
"https://image.dayi.org.cn/img/20220406/McrG76S5xk.jpg?x-oss-process=image/resize,w_150"
"https://image.dayi.org.cn/img/20220412/NXsjr5emhJ.jpg?x-oss-process=image/resize,w_150"
"https://image.dayi.org.cn/img/20220415/4MQ8KiD26p.jpg?x-oss-process=image/resize,w_150"
"https://image.dayi.org.cn/img/20220401/JpYKATtsm4.png?x-oss-process=image/resize,w_150"
"https://image.dayi.org.cn/img/20220412/AN4wGNKD7M.png?x-oss-process=image/resize,w_150"
"https://image.dayi.org.cn/img/20220416/p5GSMFibkt.jpg?x-oss-process=image/resize,w_150"
"https://image.dayi.org.cn/img/20220412/4SWmTk3adz.jpg?x-oss-process=image/resize,w_150"
"https://image.dayi.org.cn/img/20220414/KbXNw8CnmA.png?x-oss-process=image/resize,w_150"
"https://image.dayi.org.cn/img/20220331/dSYpxBEByB.jpg?x-oss-process=image/resize,w_150"
"https://image.dayi.org.cn/img/20220406/P2tjr7Z5HF.jpg?x-oss-process=image/resize,w_150"
"https://image.dayi.org.cn/img/20220401/WcAt55yk6m.jpg?x-oss-process=image/resize,w_150"
"https://image.dayi.org.cn/img/20220325/wirWtHkm2h.jpg?x-oss-process=image/resize,w_150"
"https://image.dayi.org.cn/img/20220411/x85NJQrPbz.jpg?x-oss-process=image/resize,w_150"
"https://image.dayi.org.cn/img/20220419/scDrifZaCe.jpg?x-oss-process=image/resize,w_150"
"https://image.dayi.org.cn/img/20220412/n6ayKj4NAi.png?x-oss-process=image/resize,w_150"
"https://image.dayi.org.cn/img/20220409/NhJKpXa7b5.jpg?x-oss-process=image/resize,w_150"
"https://image.dayi.org.cn/img/20220411/tmWdfCPWye.jpg?x-oss-process=image/resize,w_150"
"https://image.dayi.org.cn/img/20220406/iznYH3T7TF.jpg?x-oss-process=image/resize,w_150"
"https://image.dayi.org.cn/img/20220331/AcfiRN3xyx.png?x-oss-process=image/resize,w_150"
"https://image.dayi.org.cn/img/20220401/8mHNeNwwjp.jpg?x-oss-process=image/resize,w_150"
"https://image.dayi.org.cn/img/20220410/fXSMTJPQsS.jpg?x-oss-process=image/resize,w_150"
"https://image.dayi.org.cn/img/20220416/aG877APNtK.png?x-oss-process=image/resize,w_150"
"https://image.dayi.org.cn/img/20220417/N456W2jHSQ.jpg?x-oss-process=image/resize,w_150"
"https://image.dayi.org.cn/img/20220325/JYGiGCsD4B.jpg?x-oss-process=image/resize,w_150"
"https://image.dayi.org.cn/img/20220418/eejaKm5rrr.jpg?x-oss-process=image/resize,w_150"
"https://image.dayi.org.cn/img/20220330/spSH2zPP3b.jpg?x-oss-process=image/resize,w_150"
"https://image.dayi.org.cn/img/20220417/DMyxp8Qwi2.jpg?x-oss-process=image/resize,w_150"
"https://image.dayi.org.cn/img/20220417/zkJ5zSSKeW.png?x-oss-process=image/resize,w_150"
"https://image.dayi.org.cn/img/20220401/FXFPRRFYYC.jpg?x-oss-process=image/resize,w_150"
"https://image.dayi.org.cn/img/20220411/3jcTzikkfX.jpg?x-oss-process=image/resize,w_150"
"https://image.dayi.org.cn/img/20220411/pGSGzDERYy.jpg?x-oss-process=image/resize,w_150"
"https://image.dayi.org.cn/img/20220409/sjyDfEa84m.jpg?x-oss-process=image/resize,w_150"
"https://image.dayi.org.cn/img/20220411/rZneBHfZ3Y.jpg?x-oss-process=image/resize,w_150"
"https://image.dayi.org.cn/img/20220331/MTjCThRYYJ.jpg?x-oss-process=image/resize,w_150"
"https://image.dayi.org.cn/img/20220415/mpRTyDXrzn.jpg?x-oss-process=image/resize,w_150"
"https://image.dayi.org.cn/img/20220411/32pGBQsxYW.jpg?x-oss-process=image/resize,w_150"
"https://image.dayi.org.cn/img/20220401/G3C7ktB4JB.jpg?x-oss-process=image/resize,w_150"
"https://image.dayi.org.cn/img/20220411/bdxStjanP6.jpg?x-oss-process=image/resize,w_150"
"https://image.dayi.org.cn/img/20220421/WMaCFtQGDp.jpg?x-oss-process=image/resize,w_150"
"https://image.dayi.org.cn/img/20220415/r3jZfcBRmY.jpg?x-oss-process=image/resize,w_150"
"https://image.dayi.org.cn/img/20220331/XrMnhsGrKD.jpg?x-oss-process=image/resize,w_150"
"https://image.dayi.org.cn/img/20220411/BhkSEYaEZ3.jpg?x-oss-process=image/resize,w_150"
"https://image.dayi.org.cn/img/20220330/DFBz8rErYD.jpg?x-oss-process=image/resize,w_150"
"https://image.dayi.org.cn/img/20220325/zFDG7baf3s.jpg?x-oss-process=image/resize,w_150"
"https://image.dayi.org.cn/img/20220425/tficDwzeBY.png?x-oss-process=image/resize,w_150"
"https://image.dayi.org.cn/img/20220401/58bKafc4nz.jpg?x-oss-process=image/resize,w_150"
"https://image.dayi.org.cn/img/20220424/WYfrcRXGCh.jpg?x-oss-process=image/resize,w_150"
"https://image.dayi.org.cn/img/20220422/6jiNDNrbrx.jpg?x-oss-process=image/resize,w_150"
"https://image.dayi.org.cn/img/20220412/42an2DXipE.jpg?x-oss-process=image/resize,w_150"
"https://image.dayi.org.cn/img/20220414/K2mGTfRHjD.jpg?x-oss-process=image/resize,w_150"
"https://image.dayi.org.cn/img/20220415/R2zzTfxf7M.jpg?x-oss-process=image/resize,w_150"
"https://image.dayi.org.cn/img/20220325/deRNZJjH8P.jpg?x-oss-process=image/resize,w_150"
"https://image.dayi.org.cn/img/20220415/NPmPF5KfWW.jpg?x-oss-process=image/resize,w_150"
"https://image.dayi.org.cn/img/20220324/JKQHzj7beE.jpg?x-oss-process=image/resize,w_150"
"https://image.dayi.org.cn/img/20220325/RCKKMctwad.jpg?x-oss-process=image/resize,w_150"
"https://image.dayi.org.cn/img/20220401/TD26Yke6yW.jpg?x-oss-process=image/resize,w_150"
"https://image.dayi.org.cn/img/20220402/bdNHYYQyKs.jpg?x-oss-process=image/resize,w_150"
"https://image.dayi.org.cn/img/20220414/nsTw6Qe7XR.jpg?x-oss-process=image/resize,w_150"
"https://image.dayi.org.cn/img/20220416/SCHzkPF2yF.JPG?x-oss-process=image/resize,w_150"
"https://image.dayi.org.cn/img/20220412/hSkTH452he.jpg?x-oss-process=image/resize,w_150"
"https://image.dayi.org.cn/img/20220325/3b3wt5rNhT.jpg?x-oss-process=image/resize,w_150"
"https://image.dayi.org.cn/img/20220411/fFGbm3wdkG.jpg?x-oss-process=image/resize,w_150"
"https://image.dayi.org.cn/img/20220324/XFkAhTKSY7.jpg?x-oss-process=image/resize,w_150"
"https://image.dayi.org.cn/img/20220325/rExn4nYKaS.jpg?x-oss-process=image/resize,w_150"
"https://image.dayi.org.cn/img/20220416/RbdzPAWxXY.jpg?x-oss-process=image/resize,w_150"
"https://image.dayi.org.cn/img/20220401/TWnsHKFChS.png?x-oss-process=image/resize,w_150"
"https://image.dayi.org.cn/img/20220414/HnZpzn48ht.jpg?x-oss-process=image/resize,w_150"
"https://image.dayi.org.cn/img/20220416/WDDTxs7RfN.jpg?x-oss-process=image/resize,w_150"
"https://image.dayi.org.cn/img/20220402/ez7eiXdbTr.png?x-oss-process=image/resize,w_150"
"https://image.dayi.org.cn/img/20220408/Xc2GZX6aCk.png?x-oss-process=image/resize,w_150"
"https://image.dayi.org.cn/img/20220401/ydDbR84EsC.png?x-oss-process=image/resize,w_150"
"https://image.dayi.org.cn/img/20220411/m6ek2Ybhk8.png?x-oss-process=image/resize,w_150"
"https://image.dayi.org.cn/img/20220418/fFK2c22k7a.jpg?x-oss-process=image/resize,w_150"
"https://image.dayi.org.cn/img/20220401/SXxHJA4RGz.jpg?x-oss-process=image/resize,w_150"
"https://image.dayi.org.cn/img/20220414/wwaemttxcQ.jpg?x-oss-process=image/resize,w_150"
"https://image.dayi.org.cn/img/20220406/SBEs4KJSJW.jpg?x-oss-process=image/resize,w_150"
"https://image.dayi.org.cn/img/20220402/yQX6pKkEeN.jpg?x-oss-process=image/resize,w_150"
"https://image.dayi.org.cn/img/20220409/jkGBNWrkyx.jpg?x-oss-process=image/resize,w_150"
"https://image.dayi.org.cn/img/20220410/exS8knKjxB.jpg?x-oss-process=image/resize,w_150"
"https://image.dayi.org.cn/img/20220411/Q7PCmEAtmK.jpg?x-oss-process=image/resize,w_150"
"https://image.dayi.org.cn/img/20220421/PWhipbp8Ht.jpg?x-oss-process=image/resize,w_150"
"https://image.dayi.org.cn/img/20220414/yRXtsFciMX.jpg?x-oss-process=image/resize,w_150"
"https://image.dayi.org.cn/img/20220330/MDWKhDtFyr.jpg?x-oss-process=image/resize,w_150"
"https://image.dayi.org.cn/img/20220331/37JAnMwzQf.jpg?x-oss-process=image/resize,w_150"
"https://image.dayi.org.cn/img/20220403/whXbNXG2FK.jpg?x-oss-process=image/resize,w_150"
"https://image.dayi.org.cn/img/20220410/4ep24KHGbR.jpg?x-oss-process=image/resize,w_150"
"https://image.dayi.org.cn/img/20220325/5EhmQYjcwY.jpg?x-oss-process=image/resize,w_150"
"https://image.dayi.org.cn/img/20220412/NsK52Nb3Gy.jpg?x-oss-process=image/resize,w_150"
"https://image.dayi.org.cn/img/20220331/m3Yt8rAGD4.png?x-oss-process=image/resize,w_150"
"https://image.dayi.org.cn/img/20220330/Ds6t83QxQE.png?x-oss-process=image/resize,w_150"
"https://image.dayi.org.cn/img/20220419/R78x63hZrx.jpg?x-oss-process=image/resize,w_150"
"https://image.dayi.org.cn/img/20220331/Ejh48nJjMY.jpg?x-oss-process=image/resize,w_150"
"https://image.dayi.org.cn/img/20220403/EADyP3SM6m.png?x-oss-process=image/resize,w_150"
"https://image.dayi.org.cn/img/20220413/WdTSjDndFT.jpg?x-oss-process=image/resize,w_150"
"https://image.dayi.org.cn/img/20220412/4nFnkijJHD.png?x-oss-process=image/resize,w_150"
"https://image.dayi.org.cn/img/20220325/hCx3Mn2YEX.png?x-oss-process=image/resize,w_150"
"https://image.dayi.org.cn/img/20220331/pxKKFP7Rsd.png?x-oss-process=image/resize,w_150"
"https://image.dayi.org.cn/img/20220412/m3wmJrbNFd.jpg?x-oss-process=image/resize,w_150"
"https://image.dayi.org.cn/img/20220411/jfCchkcND8.jpg?x-oss-process=image/resize,w_150"
"https://image.dayi.org.cn/img/20220401/bkC6sbcMZx.jpg?x-oss-process=image/resize,w_150"
"https://image.dayi.org.cn/img/20220406/CHipKZnn4Z.jpg?x-oss-process=image/resize,w_150"
"https://image.dayi.org.cn/img/20220416/dxkeh8amc3.jpg?x-oss-process=image/resize,w_150"
"https://image.dayi.org.cn/img/20220415/JBST4eWQrt.jpg?x-oss-process=image/resize,w_150"
"https://image.dayi.org.cn/img/20220412/jejfncJjSE.jpg?x-oss-process=image/resize,w_150"
"https://image.dayi.org.cn/img/20240531/d6e6f88f2db14d4ba4871b967e1c5049.jpg?x-oss-process=image/resize,w_150"
"https://image.dayi.org.cn/img/20220330/MyS5hszwyN.jpg?x-oss-process=image/resize,w_150"
"https://image.dayi.org.cn/img/20220401/amDxKG4Nid.jpg?x-oss-process=image/resize,w_150"
"https://image.dayi.org.cn/img/20220410/w3cfwydz7H.jpg?x-oss-process=image/resize,w_150"
"https://image.dayi.org.cn/img/20220413/8KTJ65deEc.jpg?x-oss-process=image/resize,w_150"
"https://image.dayi.org.cn/img/20220422/y6imHPZ2hN.jpg?x-oss-process=image/resize,w_150"
"https://image.dayi.org.cn/img/20220401/78tFZNCAmM.jpg?x-oss-process=image/resize,w_150"
"https://image.dayi.org.cn/img/20220401/m4ycs3KFZ5.JPG?x-oss-process=image/resize,w_150"
"https://image.dayi.org.cn/img/20220402/ZCZFK5eJ4W.png?x-oss-process=image/resize,w_150"
"https://image.dayi.org.cn/img/20220411/rr6bYy4hts.jpg?x-oss-process=image/resize,w_150"
"https://image.dayi.org.cn/img/20220412/Knc3m4m3Ky.png?x-oss-process=image/resize,w_150"
"https://image.dayi.org.cn/img/20220421/hEmhD5aTQX.JPG?x-oss-process=image/resize,w_150"
"https://image.dayi.org.cn/img/20220325/m7tWn873yE.png?x-oss-process=image/resize,w_150"
"https://image.dayi.org.cn/img/20220411/snEBeFcMRx.png?x-oss-process=image/resize,w_150"
"https://image.dayi.org.cn/img/20220401/Npnms32Zaz.jpg?x-oss-process=image/resize,w_150"
"https://image.dayi.org.cn/img/20220424/WixWewbY4D.jpg?x-oss-process=image/resize,w_150"
"https://image.dayi.org.cn/img/20220331/cP523Q6JB2.png?x-oss-process=image/resize,w_150"
"https://image.dayi.org.cn/img/20220406/aj87C5Q2kZ.jpg?x-oss-process=image/resize,w_150"
"https://image.dayi.org.cn/img/20220411/8pScJm7CDm.jpg?x-oss-process=image/resize,w_150"
"https://image.dayi.org.cn/img/20220420/wxNbb42ibf.jpg?x-oss-process=image/resize,w_150"
"https://image.dayi.org.cn/img/20220325/wEx6ZWehZJ.jpg?x-oss-process=image/resize,w_150"
"https://image.dayi.org.cn/img/20220414/Y4pTjzaiWB.jpg?x-oss-process=image/resize,w_150"
"https://image.dayi.org.cn/img/20220422/NFBZBEdcT7.JPG?x-oss-process=image/resize,w_150"
"https://image.dayi.org.cn/img/20220402/6CPweTDSPC.jpg?x-oss-process=image/resize,w_150"
"https://image.dayi.org.cn/img/20220401/GHSxSk6KDd.jpg?x-oss-process=image/resize,w_150"
"https://image.dayi.org.cn/img/20220416/tB5nCwkHRs.jpg?x-oss-process=image/resize,w_150"
"https://image.dayi.org.cn/img/20220402/WCiY4dwNym.jpg?x-oss-process=image/resize,w_150"
"https://image.dayi.org.cn/img/20220325/JGHAFGS7Bx.jpg?x-oss-process=image/resize,w_150"
"https://image.dayi.org.cn/img/20220324/w76DYMXcxp.jpg?x-oss-process=image/resize,w_150"
"https://image.dayi.org.cn/img/20220331/FYWtFpAS5P.jpg?x-oss-process=image/resize,w_150"
"https://image.dayi.org.cn/img/20220331/KfhRd2wdry.jpg?x-oss-process=image/resize,w_150"
"https://image.dayi.org.cn/img/20220415/PXHthn4XnE.jpg?x-oss-process=image/resize,w_150"
"https://image.dayi.org.cn/img/20220421/4ebNy8bhwR.png?x-oss-process=image/resize,w_150"
"https://image.dayi.org.cn/img/20220413/aXcyBEhwjE.jpg?x-oss-process=image/resize,w_150"
"https://image.dayi.org.cn/img/20220325/hfdMcmKrDd.png?x-oss-process=image/resize,w_150"
"https://image.dayi.org.cn/img/20220401/nNX4Rj4cND.png?x-oss-process=image/resize,w_150"
"https://image.dayi.org.cn/img/20220412/yfNFXaB2p2.png?x-oss-process=image/resize,w_150"
"https://image.dayi.org.cn/img/20220415/DR5k7QPcnz.jpg?x-oss-process=image/resize,w_150"
"https://image.dayi.org.cn/img/20220421/KrXyfC4ECm.jpg?x-oss-process=image/resize,w_150"
"https://image.dayi.org.cn/img/20220325/ZjhMM272mx.jpg?x-oss-process=image/resize,w_150"
"https://image.dayi.org.cn/img/20220422/pJHhKZpax7.jpg?x-oss-process=image/resize,w_150"
"https://image.dayi.org.cn/img/20220325/rtNKmcz2iD.jpg?x-oss-process=image/resize,w_150"
"https://image.dayi.org.cn/img/20220406/3AfSKbfYjx.png?x-oss-process=image/resize,w_150"
"https://image.dayi.org.cn/img/20220323/dMD4A4WbiC.jpg?x-oss-process=image/resize,w_150"
"https://image.dayi.org.cn/img/20220415/Rwb2crnRSe.jpg?x-oss-process=image/resize,w_150"
"https://image.dayi.org.cn/img/20220422/jbyMR8FDYS.jpg?x-oss-process=image/resize,w_150"
"https://image.dayi.org.cn/img/20220406/Wme6YcYPCT.jpg?x-oss-process=image/resize,w_150"
"https://image.dayi.org.cn/img/20220412/yB5XNsp4Xe.png?x-oss-process=image/resize,w_150"
"https://image.dayi.org.cn/img/20220412/CtrpR274Sd.png?x-oss-process=image/resize,w_150"
"https://image.dayi.org.cn/img/20220416/jkEphrwpZe.jpg?x-oss-process=image/resize,w_150"
"https://image.dayi.org.cn/img/20220401/XDJht3t3SE.jpg?x-oss-process=image/resize,w_150"
"https://image.dayi.org.cn/img/20220406/aebbbJhMx3.png?x-oss-process=image/resize,w_150"
"https://image.dayi.org.cn/img/20220413/fkwZysCnRJ.jpg?x-oss-process=image/resize,w_150"
"https://image.dayi.org.cn/img/20220416/YtjDybrwGi.png?x-oss-process=image/resize,w_150"
"https://image.dayi.org.cn/img/20220417/4pA6h5wsKn.jpg?x-oss-process=image/resize,w_150"
"https://image.dayi.org.cn/img/20220331/BstyTFFrTY.jpg?x-oss-process=image/resize,w_150"
"https://image.dayi.org.cn/img/20220401/XmMKtFxzpN.jpg?x-oss-process=image/resize,w_150"
"https://image.dayi.org.cn/img/20220410/6RddmjZFNs.png?x-oss-process=image/resize,w_150"
"https://image.dayi.org.cn/img/20220331/DsP78XRh5P.jpg?x-oss-process=image/resize,w_150"
"https://image.dayi.org.cn/img/20220406/4s4fWtekAD.jpg?x-oss-process=image/resize,w_150"
"https://image.dayi.org.cn/img/20220411/syfJXhBsKb.jpg?x-oss-process=image/resize,w_150"
"https://image.dayi.org.cn/img/20220331/ymTBGmfMWd.jpg?x-oss-process=image/resize,w_150"
"https://image.dayi.org.cn/img/20220412/pDBSRRjKCG.png?x-oss-process=image/resize,w_150"
"https://image.dayi.org.cn/img/20220414/CtHSabcyNP.jpg?x-oss-process=image/resize,w_150"
"https://image.dayi.org.cn/img/20220331/bGie8WjhNk.png?x-oss-process=image/resize,w_150"
"https://image.dayi.org.cn/img/20220412/AZbMiHhnFJ.png?x-oss-process=image/resize,w_150"
"https://image.dayi.org.cn/img/20220410/KJEhPFfHsW.jpg?x-oss-process=image/resize,w_150"
"https://image.dayi.org.cn/img/20220415/KeSKBRmjBy.jpg?x-oss-process=image/resize,w_150"
"https://image.dayi.org.cn/img/20220324/DXAArEEWcT.png?x-oss-process=image/resize,w_150"
"https://image.dayi.org.cn/img/20220406/eXMBs3PEMD.jpg?x-oss-process=image/resize,w_150"
"https://image.dayi.org.cn/img/20220413/RDnPa6iyf8.jpeg?x-oss-process=image/resize,w_150"
"https://image.dayi.org.cn/img/20220413/6MwFp4jpWz.jpg?x-oss-process=image/resize,w_150"
"https://image.dayi.org.cn/img/20220325/fS2jcFcZ46.jpg?x-oss-process=image/resize,w_150"
"https://image.dayi.org.cn/img/20220406/FSyeQtW6ez.jpg?x-oss-process=image/resize,w_150"
"https://image.dayi.org.cn/img/20220408/J4faJnejDR.jpg?x-oss-process=image/resize,w_150"
"https://image.dayi.org.cn/img/20220411/ak2pW4KwYi.jpg?x-oss-process=image/resize,w_150"
"https://image.dayi.org.cn/img/20220414/dNDwkDkhac.jpg?x-oss-process=image/resize,w_150"
"https://image.dayi.org.cn/img/20220325/cC78xxbmpA.jpg?x-oss-process=image/resize,w_150"
"https://image.dayi.org.cn/img/20220401/Jmpz2MTpxi.jpg?x-oss-process=image/resize,w_150"
"https://image.dayi.org.cn/img/20220409/3MsGeWtzDa.jpg?x-oss-process=image/resize,w_150"
"https://image.dayi.org.cn/img/20220410/cXkQGxhkGJ.jpg?x-oss-process=image/resize,w_150"
"https://image.dayi.org.cn/img/20220331/ahX5dXMe84.jpg?x-oss-process=image/resize,w_150"
"https://image.dayi.org.cn/img/20220406/7yFAeYe76P.jpg?x-oss-process=image/resize,w_150"
"https://image.dayi.org.cn/img/20220411/fS6FmF4cbD.jpg?x-oss-process=image/resize,w_150"
"https://image.dayi.org.cn/img/20220417/rTtJppc8Kc.png?x-oss-process=image/resize,w_150"
"https://image.dayi.org.cn/img/20220411/meczNidK5j.png?x-oss-process=image/resize,w_150"
"https://image.dayi.org.cn/img/20220413/icKG5rXSff.jpg?x-oss-process=image/resize,w_150"
"https://image.dayi.org.cn/img/20220412/5B2sn4QyfN.png?x-oss-process=image/resize,w_150"
"https://image.dayi.org.cn/img/20220331/MMmDZjAHFC.jpg?x-oss-process=image/resize,w_150"
"https://image.dayi.org.cn/img/20220406/SDQQWZGPE4.jpg?x-oss-process=image/resize,w_150"
"https://image.dayi.org.cn/img/20220406/x2PabwZ2ip.jpg?x-oss-process=image/resize,w_150"
"https://image.dayi.org.cn/img/20220415/2Ts6nKeXZW.jpg?x-oss-process=image/resize,w_150"
"https://image.dayi.org.cn/img/20220331/QfXiKZhexZ.jpg?x-oss-process=image/resize,w_150"
"https://image.dayi.org.cn/img/20220411/w7bRtMte3F.jpg?x-oss-process=image/resize,w_150"
"https://image.dayi.org.cn/img/20220424/GQNw8hxest.jpg?x-oss-process=image/resize,w_150"
"https://image.dayi.org.cn/img/20220401/657mK3CwPY.jpg?x-oss-process=image/resize,w_150"
"https://image.dayi.org.cn/img/20220406/GKWaRnMSih.png?x-oss-process=image/resize,w_150"
"https://image.dayi.org.cn/img/20220406/FDYmGmZSKe.png?x-oss-process=image/resize,w_150"
"https://image.dayi.org.cn/img/20220412/rYxYKeGNA5.jpeg?x-oss-process=image/resize,w_150"
"https://image.dayi.org.cn/img/20220401/E8yzbAeAxX.jpg?x-oss-process=image/resize,w_150"
"https://image.dayi.org.cn/img/20220412/CA2WQBjNGj.jpg?x-oss-process=image/resize,w_150"
"https://image.dayi.org.cn/img/20220406/XSm3i7NaBR.jpg?x-oss-process=image/resize,w_150"
"https://image.dayi.org.cn/img/20220416/hSjt4AWWs8.jpg?x-oss-process=image/resize,w_150"
"https://image.dayi.org.cn/img/20220406/xHkTJHswhR.jpg?x-oss-process=image/resize,w_150"
"https://image.dayi.org.cn/img/20220324/RJ8ywEncce.jpg?x-oss-process=image/resize,w_150"
"https://image.dayi.org.cn/img/20220330/X3Sm24cmxh.jpg?x-oss-process=image/resize,w_150"
"https://image.dayi.org.cn/img/20220331/8ttdh73G8z.jpg?x-oss-process=image/resize,w_150"
"https://image.dayi.org.cn/img/20220406/4BzmXFcWZd.png?x-oss-process=image/resize,w_150"
"https://image.dayi.org.cn/img/20220411/SnhhRDrE6B.jpg?x-oss-process=image/resize,w_150"
"https://image.dayi.org.cn/img/20220325/XN5wQpE8Hw.jpg?x-oss-process=image/resize,w_150"
"https://image.dayi.org.cn/img/20220330/yF5WzRKBKn.jpg?x-oss-process=image/resize,w_150"
"https://image.dayi.org.cn/img/20220330/mskCyakh7Y.png?x-oss-process=image/resize,w_150"
"https://image.dayi.org.cn/img/20220406/QWwQnSHiCG.jpg?x-oss-process=image/resize,w_150"
"https://image.dayi.org.cn/img/20220401/M6JT8ecczX.png?x-oss-process=image/resize,w_150"
"https://image.dayi.org.cn/img/20220402/KbCNe8ieyt.png?x-oss-process=image/resize,w_150"
"https://image.dayi.org.cn/img/20220406/c7pYsFG4G2.jpg?x-oss-process=image/resize,w_150"
"https://image.dayi.org.cn/img/20220408/E5pnwbNbmQ.jpg?x-oss-process=image/resize,w_150"
"https://image.dayi.org.cn/img/20220402/XbQ28tNfeF.png?x-oss-process=image/resize,w_150"
"https://image.dayi.org.cn/img/20220406/ZWJipm22F3.jpg?x-oss-process=image/resize,w_150"
"https://image.dayi.org.cn/img/20220406/Za4PhyKhj7.jpg?x-oss-process=image/resize,w_150"
"https://image.dayi.org.cn/img/20220325/WsY5f7XPDJ.jpg?x-oss-process=image/resize,w_150"
"https://image.dayi.org.cn/img/20220331/KZaeYPS6Z2.jpg?x-oss-process=image/resize,w_150"
"https://image.dayi.org.cn/img/20220401/Bexsd5AQwA.jpg?x-oss-process=image/resize,w_150"
"https://image.dayi.org.cn/img/20220401/MrTKJjaFh8.jpg?x-oss-process=image/resize,w_150"
"https://image.dayi.org.cn/img/20220411/CdwwxJsKRG.jpg?x-oss-process=image/resize,w_150"
"https://image.dayi.org.cn/img/20220411/nCiweszXeQ.jpg?x-oss-process=image/resize,w_150"
"https://image.dayi.org.cn/img/20220415/5bpfJkFEjc.jpg?x-oss-process=image/resize,w_150"
"https://image.dayi.org.cn/img/20220331/8ACaSExnsX.jpg?x-oss-process=image/resize,w_150"
"https://image.dayi.org.cn/img/20220402/3D4TDMGn6S.jpg?x-oss-process=image/resize,w_150"
"https://image.dayi.org.cn/img/20220408/yGA8yf4xks.jpg?x-oss-process=image/resize,w_150"
"https://image.dayi.org.cn/img/20220416/yHwCSsxCsj.png?x-oss-process=image/resize,w_150"
"https://image.dayi.org.cn/img/20220416/6CeYaz8NRm.jpg?x-oss-process=image/resize,w_150"
"https://image.dayi.org.cn/img/20220417/KQRsf5tbky.jpg?x-oss-process=image/resize,w_150"
"https://image.dayi.org.cn/img/20220411/hniMMyfF3G.jpg?x-oss-process=image/resize,w_150"
"https://image.dayi.org.cn/img/20220325/cs4imz6Eny.jpg?x-oss-process=image/resize,w_150"
"https://image.dayi.org.cn/img/20220412/G8wa86BS4J.jpg?x-oss-process=image/resize,w_150"
"https://image.dayi.org.cn/img/20220413/TneCYfEEZR.jpg?x-oss-process=image/resize,w_150"
"https://image.dayi.org.cn/img/20220420/GiYn8CJdCk.jpg?x-oss-process=image/resize,w_150"
"https://image.dayi.org.cn/img/20220401/Tk8ibTDAhd.png?x-oss-process=image/resize,w_150"
"https://image.dayi.org.cn/img/20220423/A6JCdyRFD3.jpeg?x-oss-process=image/resize,w_150"
"https://image.dayi.org.cn/img/20220331/WJc3w4NGwF.jpg?x-oss-process=image/resize,w_150"
"https://image.dayi.org.cn/img/20220423/Gp4YdaYyKW.jpeg?x-oss-process=image/resize,w_150"
"https://image.dayi.org.cn/img/20220401/XHXJe5Fyht.png?x-oss-process=image/resize,w_150"
"https://image.dayi.org.cn/img/20220410/SrHnb7jtff.png?x-oss-process=image/resize,w_150"
"https://image.dayi.org.cn/img/20220411/imDWbBCDir.jpg?x-oss-process=image/resize,w_150"
"https://image.dayi.org.cn/img/20220420/z6zCa3CAp8.jpg?x-oss-process=image/resize,w_150"
"https://image.dayi.org.cn/img/20220325/tArxSBzs8j.jpg?x-oss-process=image/resize,w_150"
"https://image.dayi.org.cn/img/20220415/iCycz3JjB4.jpg?x-oss-process=image/resize,w_150"
"https://image.dayi.org.cn/img/20220331/r7NyZxfQZN.jpg?x-oss-process=image/resize,w_150"
"https://image.dayi.org.cn/img/20220415/piJPkpGCcd.jpg?x-oss-process=image/resize,w_150"
"https://image.dayi.org.cn/img/20220412/ps65SJK6j8.jpg?x-oss-process=image/resize,w_150"
"https://image.dayi.org.cn/img/20220417/b8tnrfxC8j.jpg?x-oss-process=image/resize,w_150"
"https://image.dayi.org.cn/img/20220410/KaK7aAK6h8.jpg?x-oss-process=image/resize,w_150"
"https://image.dayi.org.cn/img/20220412/Y8f5NB7nSS.jpg?x-oss-process=image/resize,w_150"
"https://image.dayi.org.cn/img/20220402/EAdnd7k5MJ.jpg?x-oss-process=image/resize,w_150"
"https://image.dayi.org.cn/img/20220412/jxERFi4TJ4.png?x-oss-process=image/resize,w_150"
"https://image.dayi.org.cn/img/20220416/3RrrZdfMT4.jpg?x-oss-process=image/resize,w_150"
"https://image.dayi.org.cn/img/20220416/fRDS63cdKb.jpg?x-oss-process=image/resize,w_150"
"https://image.dayi.org.cn/img/20220330/QfQbCjwzJe.JPG?x-oss-process=image/resize,w_150"
"https://image.dayi.org.cn/img/20220331/WiccQJ7iYF.jpg?x-oss-process=image/resize,w_150"
"https://image.dayi.org.cn/img/20220406/tCPeFYYAeC.png?x-oss-process=image/resize,w_150"
"https://image.dayi.org.cn/img/20220414/PwHzWerzrD.jpg?x-oss-process=image/resize,w_150"
"https://image.dayi.org.cn/img/20220416/QDMRbwfFt8.jpg?x-oss-process=image/resize,w_150"
"https://image.dayi.org.cn/img/20220421/d5PKhijczd.jpg?x-oss-process=image/resize,w_150"
"https://image.dayi.org.cn/img/20220324/sBhDmfYaJc.jpg?x-oss-process=image/resize,w_150"
"https://image.dayi.org.cn/img/20220415/FzjW6xNGHR.jpg?x-oss-process=image/resize,w_150"
"https://image.dayi.org.cn/img/20220331/xrWnWrcpFw.jpg?x-oss-process=image/resize,w_150"
"https://image.dayi.org.cn/img/20220331/jhwEy8CWJd.jpg?x-oss-process=image/resize,w_150"
"https://image.dayi.org.cn/img/20220413/XsHppWdsHe.jpg?x-oss-process=image/resize,w_150"
"https://image.dayi.org.cn/img/20220422/RiaHHXy2GB.jpg?x-oss-process=image/resize,w_150"
"https://image.dayi.org.cn/img/20220401/pwSNNYPNij.jpg?x-oss-process=image/resize,w_150"
"https://image.dayi.org.cn/img/20220402/e2wdJfCcke.jpg?x-oss-process=image/resize,w_150"
"https://image.dayi.org.cn/img/20220415/kcdNjitFee.jpg?x-oss-process=image/resize,w_150"
"https://image.dayi.org.cn/img/20220325/7p5jAEtHMx.jpg?x-oss-process=image/resize,w_150"
"https://image.dayi.org.cn/img/20220422/83wCHkZQ5m.jpg?x-oss-process=image/resize,w_150"
"https://image.dayi.org.cn/img/20220325/NMN2hNGPa4.jpg?x-oss-process=image/resize,w_150"
"https://image.dayi.org.cn/img/20220411/EcXf6jic3D.png?x-oss-process=image/resize,w_150"
"https://image.dayi.org.cn/img/20220331/RKbt35sbmd.png?x-oss-process=image/resize,w_150"
"https://image.dayi.org.cn/img/20220331/skWSyrJ4AT.jpg?x-oss-process=image/resize,w_150"
"https://image.dayi.org.cn/img/20220417/6js2jYfzjp.jpg?x-oss-process=image/resize,w_150"
"https://image.dayi.org.cn/img/20220421/8RFffW3iCQ.jpg?x-oss-process=image/resize,w_150"
"https://image.dayi.org.cn/img/20220424/mSfawP65ar.jpg?x-oss-process=image/resize,w_150"
"https://image.dayi.org.cn/img/20220331/DTyPwytxnS.jpg?x-oss-process=image/resize,w_150"
"https://image.dayi.org.cn/img/20220410/3xPWtFApHa.jpg?x-oss-process=image/resize,w_150"
"https://image.dayi.org.cn/img/20220401/rDs6SmpbYi.png?x-oss-process=image/resize,w_150"
"https://image.dayi.org.cn/img/20220330/WwNNQKzWar.jpg?x-oss-process=image/resize,w_150"
"https://image.dayi.org.cn/img/20220411/6yzzESDMNS.jpg?x-oss-process=image/resize,w_150"
"https://image.dayi.org.cn/img/20220412/sdtmX4e5yn.png?x-oss-process=image/resize,w_150"
"https://image.dayi.org.cn/img/20220325/RpDKh7KPKi.jpg?x-oss-process=image/resize,w_150"
"https://image.dayi.org.cn/img/20220412/Rh86GZjDX8.jpg?x-oss-process=image/resize,w_150"
"https://image.dayi.org.cn/img/20220401/3iFZwY8CGD.jpg?x-oss-process=image/resize,w_150"
"https://image.dayi.org.cn/img/20220401/KzMzB3Jt8F.jpg?x-oss-process=image/resize,w_150"
"https://image.dayi.org.cn/img/20220412/itnweKfTBT.png?x-oss-process=image/resize,w_150"
"https://image.dayi.org.cn/img/20220415/mX7YTcijDB.jpg?x-oss-process=image/resize,w_150"
"https://image.dayi.org.cn/img/20220418/ZfHdwdBsYJ.jpg?x-oss-process=image/resize,w_150"
"https://image.dayi.org.cn/img/20220330/TESCwDNF5a.png?x-oss-process=image/resize,w_150"
"https://image.dayi.org.cn/img/20220406/5GDjcw6j28.jpg?x-oss-process=image/resize,w_150"
"https://image.dayi.org.cn/img/20220423/WzPrei4nN5.jpeg?x-oss-process=image/resize,w_150"
"https://image.dayi.org.cn/img/20220401/TBFTfYSKGC.png?x-oss-process=image/resize,w_150"
"https://image.dayi.org.cn/img/20220406/ATMZ8aEdZw.jpg?x-oss-process=image/resize,w_150"
"https://image.dayi.org.cn/img/20220406/h5eB5aXHKK.jpg?x-oss-process=image/resize,w_150"
"https://image.dayi.org.cn/img/20220406/Dj4zirs5XB.jpg?x-oss-process=image/resize,w_150"
"https://image.dayi.org.cn/img/20220415/Qib8A5xcPb.jpg?x-oss-process=image/resize,w_150"
"https://image.dayi.org.cn/img/20220419/4YyDPak88c.jpg?x-oss-process=image/resize,w_150"
"https://image.dayi.org.cn/img/20220411/PTxTz6bEC5.jpg?x-oss-process=image/resize,w_150"
"https://image.dayi.org.cn/img/20220415/NHKY3J24eb.jpg?x-oss-process=image/resize,w_150"
"https://image.dayi.org.cn/img/20220325/F4YnMWACAP.jpg?x-oss-process=image/resize,w_150"
"https://image.dayi.org.cn/img/20220413/wDF6znHtzF.jpg?x-oss-process=image/resize,w_150"
"https://image.dayi.org.cn/img/20220412/6e56AryQf6.png?x-oss-process=image/resize,w_150"
"https://image.dayi.org.cn/img/20220408/MbndmSjDsX.jpg?x-oss-process=image/resize,w_150"
"https://image.dayi.org.cn/img/20220324/c46CezWi3j.png?x-oss-process=image/resize,w_150"
"https://image.dayi.org.cn/img/20220324/6Mm23GiC6i.jpg?x-oss-process=image/resize,w_150"
"https://image.dayi.org.cn/img/20220324/dFk3RFCmZN.jpg?x-oss-process=image/resize,w_150"
"https://image.dayi.org.cn/img/20220324/hJssD3nBC5.jpg?x-oss-process=image/resize,w_150"
"https://image.dayi.org.cn/img/20220324/ZmKwhSzaAb.jpg?x-oss-process=image/resize,w_150"
"https://image.dayi.org.cn/img/20220324/jRyprn6TEC.jpg?x-oss-process=image/resize,w_150"
"https://image.dayi.org.cn/img/20220324/yJ5RAB45Ea.jpg?x-oss-process=image/resize,w_150"
"https://image.dayi.org.cn/img/20220324/NbNkJSWY66.jpg?x-oss-process=image/resize,w_150"
"https://image.dayi.org.cn/img/20220324/3nPizeyEdM.jpg?x-oss-process=image/resize,w_150"
"https://image.dayi.org.cn/img/20220324/aRrbWwaPPK.png?x-oss-process=image/resize,w_150"
"https://image.dayi.org.cn/img/20220325/tXNFdAMSAQ.jpg?x-oss-process=image/resize,w_150"
"https://image.dayi.org.cn/img/20220325/HaSnjGnMCW.jpg?x-oss-process=image/resize,w_150"
"https://image.dayi.org.cn/img/20220325/8wnPPQQRW6.jpg?x-oss-process=image/resize,w_150"
"https://image.dayi.org.cn/img/20220325/H6NDHdtRXb.jpg?x-oss-process=image/resize,w_150"
"https://image.dayi.org.cn/img/20220324/7ewehH6cWb.jpg?x-oss-process=image/resize,w_150"
"https://image.dayi.org.cn/img/20220325/TCPMJty5MZ.png?x-oss-process=image/resize,w_150"
"https://image.dayi.org.cn/img/20220325/TrYN2BDPyh.png?x-oss-process=image/resize,w_150"
"https://image.dayi.org.cn/img/20220324/G43SHBWxcs.jpg?x-oss-process=image/resize,w_150"
"https://image.dayi.org.cn/img/20220324/yQP8kwakAH.jpg?x-oss-process=image/resize,w_150"
"https://image.dayi.org.cn/img/20220325/rYBW4P2Ytb.jpg?x-oss-process=image/resize,w_150"
"https://image.dayi.org.cn/img/20220325/8RxpaXW7HQ.png?x-oss-process=image/resize,w_150"
"https://image.dayi.org.cn/img/20220325/35c4mzMh4e.jpg?x-oss-process=image/resize,w_150"
"https://image.dayi.org.cn/img/20220325/xr3CZYJw73.jpg?x-oss-process=image/resize,w_150"
"https://image.dayi.org.cn/img/20220325/hjz5xYt83N.jpg?x-oss-process=image/resize,w_150"
"https://image.dayi.org.cn/img/20220325/HPrFY85NZY.jpg?x-oss-process=image/resize,w_150"
"https://image.dayi.org.cn/img/20220325/8jZjmbEn2s.jpg?x-oss-process=image/resize,w_150"
"https://image.dayi.org.cn/img/20220325/DMeeJxEeFK.jpg?x-oss-process=image/resize,w_150"
"https://image.dayi.org.cn/img/20220325/KyrdhzamTC.jpeg?x-oss-process=image/resize,w_150"
"https://image.dayi.org.cn/img/20220325/5bQhJFp8k8.jpg?x-oss-process=image/resize,w_150"
"https://image.dayi.org.cn/img/20220325/zRCjDX6MHs.jpg?x-oss-process=image/resize,w_150"
"https://image.dayi.org.cn/img/20220325/7fpjddx7JS.jpg?x-oss-process=image/resize,w_150"
"https://image.dayi.org.cn/img/20220325/FXdGezMYHG.jpg?x-oss-process=image/resize,w_150"
"https://image.dayi.org.cn/img/20220325/KGsRJedRPx.jpg?x-oss-process=image/resize,w_150"
"https://image.dayi.org.cn/img/20220325/NbMatRQTaC.jpg?x-oss-process=image/resize,w_150"
"https://image.dayi.org.cn/img/20220325/ekx52Ppc5J.jpg?x-oss-process=image/resize,w_150"
"https://image.dayi.org.cn/img/20220325/XSRYwZT7pa.jpg?x-oss-process=image/resize,w_150"
"https://image.dayi.org.cn/img/20220325/bQm7b8JxC8.jpg?x-oss-process=image/resize,w_150"
"https://image.dayi.org.cn/img/20220325/QCS8WGiYiM.jpg?x-oss-process=image/resize,w_150"
"https://image.dayi.org.cn/img/20220325/4hBDWNhCkf.gif?x-oss-process=image/resize,w_150"
"https://image.dayi.org.cn/img/20220325/7i855DY7Ry.jpg?x-oss-process=image/resize,w_150"
"https://image.dayi.org.cn/img/20220325/fdSpFTZibj.png?x-oss-process=image/resize,w_150"
"https://image.dayi.org.cn/img/20220330/Mye52wjQpP.jpg?x-oss-process=image/resize,w_150"
"https://image.dayi.org.cn/img/20220330/dx4Y4sTW2M.jpg?x-oss-process=image/resize,w_150"
"https://image.dayi.org.cn/img/20220330/yNy84yC3zN.png?x-oss-process=image/resize,w_150"
"https://image.dayi.org.cn/img/20220330/MHmQkBbZdG.jpg?x-oss-process=image/resize,w_150"
"https://image.dayi.org.cn/img/20220330/2AErdP6Qrh.png?x-oss-process=image/resize,w_150"
"https://image.dayi.org.cn/img/20220330/QSC5AjfEzc.png?x-oss-process=image/resize,w_150"
"https://image.dayi.org.cn/img/20220330/5QKdmf2w7B.jpg?x-oss-process=image/resize,w_150"
"https://image.dayi.org.cn/img/20220330/heTWpZnf2R.jpg?x-oss-process=image/resize,w_150"
"https://image.dayi.org.cn/img/20220330/ATb6htRxpB.png?x-oss-process=image/resize,w_150"
"https://image.dayi.org.cn/img/20220330/QxxQHhzzNj.jpg?x-oss-process=image/resize,w_150"
"https://image.dayi.org.cn/img/20220330/jkddmjRAYb.JPG?x-oss-process=image/resize,w_150"
"https://image.dayi.org.cn/img/20220330/6r5RjfNEYk.jpg?x-oss-process=image/resize,w_150"
"https://image.dayi.org.cn/img/20220330/AKeC6z5Q8Q.jpg?x-oss-process=image/resize,w_150"
"https://image.dayi.org.cn/img/20220330/RDAhAK4kM5.jpg?x-oss-process=image/resize,w_150"
"https://image.dayi.org.cn/img/20220330/2kRyd5c6FZ.jpg?x-oss-process=image/resize,w_150"
"https://image.dayi.org.cn/img/20220330/TytwcM8eyf.png?x-oss-process=image/resize,w_150"
"https://image.dayi.org.cn/img/20220330/2xwRyrDjxD.jpg?x-oss-process=image/resize,w_150"
"https://image.dayi.org.cn/img/20220330/JmY3dm2b73.jpg?x-oss-process=image/resize,w_150"
"https://image.dayi.org.cn/img/20220330/hA3sFESmzc.png?x-oss-process=image/resize,w_150"
"https://image.dayi.org.cn/img/20220330/Tya6R2ZYjR.jpg?x-oss-process=image/resize,w_150"
"https://image.dayi.org.cn/img/20220330/bcJrx8fQES.png?x-oss-process=image/resize,w_150"
"https://image.dayi.org.cn/img/20220330/KnYNDjKdCb.jpg?x-oss-process=image/resize,w_150"
"https://image.dayi.org.cn/img/20220330/SZtQcpe38P.jpg?x-oss-process=image/resize,w_150"
"https://image.dayi.org.cn/img/20220330/nD4EW8N22z.jpg?x-oss-process=image/resize,w_150"
"https://image.dayi.org.cn/img/20220330/7R4kACwad5.jpg?x-oss-process=image/resize,w_150"
"https://image.dayi.org.cn/img/20220330/z5MRafMiGh.jpg?x-oss-process=image/resize,w_150"
"https://image.dayi.org.cn/img/20220330/GJkGGZd7AY.jpg?x-oss-process=image/resize,w_150"
"https://image.dayi.org.cn/img/20220330/fnPKMTAGey.jpg?x-oss-process=image/resize,w_150"
"https://image.dayi.org.cn/img/20220330/iBYdyBjwyi.jpg?x-oss-process=image/resize,w_150"
"https://image.dayi.org.cn/img/20220330/nDtt5tsEKp.png?x-oss-process=image/resize,w_150"
"https://image.dayi.org.cn/img/20220330/eKTT8SN4Bp.jpg?x-oss-process=image/resize,w_150"
"https://image.dayi.org.cn/img/20220330/tYpiJsjf8M.jpeg?x-oss-process=image/resize,w_150"
"https://image.dayi.org.cn/img/20220330/smKRYHXYzS.jpg?x-oss-process=image/resize,w_150"
"https://image.dayi.org.cn/img/20220330/zicDJ53hNx.jpg?x-oss-process=image/resize,w_150"
"https://image.dayi.org.cn/img/20220330/zt7y5NWpEn.png?x-oss-process=image/resize,w_150"
"https://image.dayi.org.cn/img/20220331/KcmQGDACJ2.jpg?x-oss-process=image/resize,w_150"
"https://image.dayi.org.cn/img/20220330/H5QT4PErpp.png?x-oss-process=image/resize,w_150"
"https://image.dayi.org.cn/img/20220330/TT6AaMKk7R.jpg?x-oss-process=image/resize,w_150"
"https://image.dayi.org.cn/img/20220330/n4iPQYEsmQ.png?x-oss-process=image/resize,w_150"
"https://image.dayi.org.cn/img/20220330/dziMbDaJrX.jpg?x-oss-process=image/resize,w_150"
"https://image.dayi.org.cn/img/20220330/HQKAEF45AD.png?x-oss-process=image/resize,w_150"
"https://image.dayi.org.cn/img/20220330/7mrJRRGEWH.jpeg?x-oss-process=image/resize,w_150"
"https://image.dayi.org.cn/img/20220330/WTEtpkEMPZ.jpg?x-oss-process=image/resize,w_150"
"https://image.dayi.org.cn/img/20220330/PzkDaCXNSd.png?x-oss-process=image/resize,w_150"
"https://image.dayi.org.cn/img/20220330/d2e6eYTBa7.png?x-oss-process=image/resize,w_150"
"https://image.dayi.org.cn/img/20220330/Q6fsaWQdyY.jpg?x-oss-process=image/resize,w_150"
"https://image.dayi.org.cn/img/20220330/hpaZQtRx6k.jpg?x-oss-process=image/resize,w_150"
"https://image.dayi.org.cn/img/20220331/pEj7m5MftB.jpg?x-oss-process=image/resize,w_150"
"https://image.dayi.org.cn/img/20220330/cjNTE7DczQ.jpg?x-oss-process=image/resize,w_150"
"https://image.dayi.org.cn/img/20220330/tNCTzM2rBr.jpg?x-oss-process=image/resize,w_150"
"https://image.dayi.org.cn/img/20220330/2tATr2jBRJ.jpg?x-oss-process=image/resize,w_150"
"https://image.dayi.org.cn/img/20220330/iKCMTAPjQJ.jpg?x-oss-process=image/resize,w_150"
"https://image.dayi.org.cn/img/20220330/adyHjhb23h.jpg?x-oss-process=image/resize,w_150"
"https://image.dayi.org.cn/img/20220330/eCnGPcFaJb.jpg?x-oss-process=image/resize,w_150"
"https://image.dayi.org.cn/img/20220330/rHE5DE37bt.png?x-oss-process=image/resize,w_150"
"https://image.dayi.org.cn/img/20220331/Jjas43MrsN.jpg?x-oss-process=image/resize,w_150"
"https://image.dayi.org.cn/img/20220330/nh4WrmNQ76.jpg?x-oss-process=image/resize,w_150"
"https://image.dayi.org.cn/img/20220330/fdhtR532xA.jpg?x-oss-process=image/resize,w_150"
"https://image.dayi.org.cn/img/20220330/aaMPSRAepp.JPG?x-oss-process=image/resize,w_150"
"https://image.dayi.org.cn/img/20220331/8BCkxEZXQY.jpg?x-oss-process=image/resize,w_150"
"https://image.dayi.org.cn/img/20220402/Bh3ZmirJfE.jpg?x-oss-process=image/resize,w_150"
"https://image.dayi.org.cn/img/20220331/F7XMKjhDxK.jpg?x-oss-process=image/resize,w_150"
"https://image.dayi.org.cn/img/20220331/BdPbTcHsME.jpg?x-oss-process=image/resize,w_150"
"https://image.dayi.org.cn/img/20220331/XzzfhEd4xm.jpg?x-oss-process=image/resize,w_150"
"https://image.dayi.org.cn/img/20220331/88ExmS4HNp.jpg?x-oss-process=image/resize,w_150"
"https://image.dayi.org.cn/img/20220331/kZ4AJxtSdj.jpg?x-oss-process=image/resize,w_150"
"https://image.dayi.org.cn/img/20220331/XhkzXEHB7K.jpg?x-oss-process=image/resize,w_150"
"https://image.dayi.org.cn/img/20220331/nKXMHxKsH5.jpg?x-oss-process=image/resize,w_150"
"https://image.dayi.org.cn/img/20220331/bXytrW5eyw.jpg?x-oss-process=image/resize,w_150"
"https://image.dayi.org.cn/img/20220331/YcDciQk3YY.jpg?x-oss-process=image/resize,w_150"
"https://image.dayi.org.cn/img/20220331/BeWpdJXAZJ.jpg?x-oss-process=image/resize,w_150"
"https://image.dayi.org.cn/img/20220331/T7asaT2cf5.png?x-oss-process=image/resize,w_150"
"https://image.dayi.org.cn/img/20220331/4k6iZx8XWa.png?x-oss-process=image/resize,w_150"
"https://image.dayi.org.cn/img/20220331/mt8XFjNN2K.jpg?x-oss-process=image/resize,w_150"
"https://image.dayi.org.cn/img/20220331/N4rQPdQxth.png?x-oss-process=image/resize,w_150"
"https://image.dayi.org.cn/img/20220331/D86AwScmCz.jpg?x-oss-process=image/resize,w_150"
"https://image.dayi.org.cn/img/20220331/ArrxZsfNeD.jpg?x-oss-process=image/resize,w_150"
"https://image.dayi.org.cn/img/20220331/56mp666bzQ.jpg?x-oss-process=image/resize,w_150"
"https://image.dayi.org.cn/img/20220331/kiJj8Jfe4Y.jpg?x-oss-process=image/resize,w_150"
"https://image.dayi.org.cn/img/20220331/ykGFmZDPtW.jpg?x-oss-process=image/resize,w_150"
"https://image.dayi.org.cn/img/20220331/nwz4NeTNW4.jpg?x-oss-process=image/resize,w_150"
"https://image.dayi.org.cn/img/20220331/nwRe8MHkCd.png?x-oss-process=image/resize,w_150"
"https://image.dayi.org.cn/img/20220331/txhsww8daC.jpg?x-oss-process=image/resize,w_150"
"https://image.dayi.org.cn/img/20220331/Y3xQB4C4ha.jpg?x-oss-process=image/resize,w_150"
"https://image.dayi.org.cn/img/20220331/QaYtN6S3w2.png?x-oss-process=image/resize,w_150"
"https://image.dayi.org.cn/img/20220331/KJze2CdAGT.jpg?x-oss-process=image/resize,w_150"
"https://image.dayi.org.cn/img/20220331/iQz7eGKtHE.png?x-oss-process=image/resize,w_150"
"https://image.dayi.org.cn/img/20220331/C358M5RpZ2.jpg?x-oss-process=image/resize,w_150"
"https://image.dayi.org.cn/img/20220331/HTBH4Pd4BJ.jpg?x-oss-process=image/resize,w_150"
"https://image.dayi.org.cn/img/20220331/a5w7JPXERG.jpg?x-oss-process=image/resize,w_150"
"https://image.dayi.org.cn/img/20220331/wG6pnBCiDH.jpg?x-oss-process=image/resize,w_150"
"https://image.dayi.org.cn/img/20220402/bNh2EjtCxK.jpg?x-oss-process=image/resize,w_150"
"https://image.dayi.org.cn/img/20220331/kMm3AWAJNx.jpg?x-oss-process=image/resize,w_150"
"https://image.dayi.org.cn/img/20220331/zXedyBmphs.png?x-oss-process=image/resize,w_150"
"https://image.dayi.org.cn/img/20220331/8QBerZMNWs.jpg?x-oss-process=image/resize,w_150"
"https://image.dayi.org.cn/img/20220401/C2hfckTtsy.jpg?x-oss-process=image/resize,w_150"
"https://image.dayi.org.cn/img/20220331/rTpAMFePcZ.jpg?x-oss-process=image/resize,w_150"
"https://image.dayi.org.cn/img/20220402/EnKbHf6p8s.jpg?x-oss-process=image/resize,w_150"
"https://image.dayi.org.cn/img/20220401/aX8ekKmY4G.jpg?x-oss-process=image/resize,w_150"
"https://image.dayi.org.cn/img/20220401/TstTR4iaiH.jpg?x-oss-process=image/resize,w_150"
"https://image.dayi.org.cn/img/20220401/ZXpx7MfD2b.jpg?x-oss-process=image/resize,w_150"
"https://image.dayi.org.cn/img/20220401/nGYw8KsKt2.jpg?x-oss-process=image/resize,w_150"
"https://image.dayi.org.cn/img/20220402/YiJxZBEhC5.jpg?x-oss-process=image/resize,w_150"
"https://image.dayi.org.cn/img/20220401/5NHiEPZbMj.jpg?x-oss-process=image/resize,w_150"
"https://image.dayi.org.cn/img/20220402/7RBBBB7sAP.jpg?x-oss-process=image/resize,w_150"
"https://image.dayi.org.cn/img/20220401/Q2i7SbHCd8.jpg?x-oss-process=image/resize,w_150"
"https://image.dayi.org.cn/img/20220401/xh52NWTjas.jpg?x-oss-process=image/resize,w_150"
"https://image.dayi.org.cn/img/20220402/TzkxebFaMj.jpg?x-oss-process=image/resize,w_150"
"https://image.dayi.org.cn/img/20220401/t6wmrsfbT6.jpg?x-oss-process=image/resize,w_150"
"https://image.dayi.org.cn/img/20220401/DD3CMY3zR3.png?x-oss-process=image/resize,w_150"
"https://image.dayi.org.cn/img/20220401/PJiG55YfRA.jpg?x-oss-process=image/resize,w_150"
"https://image.dayi.org.cn/img/20220401/88ydCk4TTk.jpg?x-oss-process=image/resize,w_150"
"https://image.dayi.org.cn/img/20220401/c7RCsMaFe3.jpg?x-oss-process=image/resize,w_150"
"https://image.dayi.org.cn/img/20220401/fNnWcA7snB.jpg?x-oss-process=image/resize,w_150"
"https://image.dayi.org.cn/img/20220401/miWxzANWCK.jpg?x-oss-process=image/resize,w_150"
"https://image.dayi.org.cn/img/20220401/ArEs7zXeQk.jpg?x-oss-process=image/resize,w_150"
"https://image.dayi.org.cn/img/20220401/GGpFniGwyB.jpg?x-oss-process=image/resize,w_150"
"https://image.dayi.org.cn/img/20220401/HWxMM6icNz.jpg?x-oss-process=image/resize,w_150"
"https://image.dayi.org.cn/img/20220401/224EcCS4Ym.png?x-oss-process=image/resize,w_150"
"https://image.dayi.org.cn/img/20220401/mfeihcMaE5.jpg?x-oss-process=image/resize,w_150"
"https://image.dayi.org.cn/img/20220401/EEDaTkh27G.jpg?x-oss-process=image/resize,w_150"
"https://image.dayi.org.cn/img/20220401/2ryMJPt5zG.png?x-oss-process=image/resize,w_150"
"https://image.dayi.org.cn/img/20220401/nKANkkJ3sz.jpg?x-oss-process=image/resize,w_150"
"https://image.dayi.org.cn/img/20220401/EHkEppzKSQ.jpg?x-oss-process=image/resize,w_150"
"https://image.dayi.org.cn/img/20220401/iJwiaTAYhH.png?x-oss-process=image/resize,w_150"
"https://image.dayi.org.cn/img/20220401/FarcE6dp6x.png?x-oss-process=image/resize,w_150"
"https://image.dayi.org.cn/img/20220401/5fKjeysfy6.jpg?x-oss-process=image/resize,w_150"
"https://image.dayi.org.cn/img/20220401/HrPrnXKc2f.jpg?x-oss-process=image/resize,w_150"
"https://image.dayi.org.cn/img/20220401/CMCQpCrTzw.jpg?x-oss-process=image/resize,w_150"
"https://image.dayi.org.cn/img/20220401/KWpYyZTAXE.jpg?x-oss-process=image/resize,w_150"
"https://image.dayi.org.cn/img/20220401/AfDMiCRMny.png?x-oss-process=image/resize,w_150"
"https://image.dayi.org.cn/img/20220401/yxKxZKFdxx.png?x-oss-process=image/resize,w_150"
"https://image.dayi.org.cn/img/20220401/SEAAZQ8c7p.jpg?x-oss-process=image/resize,w_150"
"https://image.dayi.org.cn/img/20220401/AkthDSxm75.jpg?x-oss-process=image/resize,w_150"
"https://image.dayi.org.cn/img/20220401/bem3KyTYNP.png?x-oss-process=image/resize,w_150"
"https://image.dayi.org.cn/img/20220401/NG3BkibPTa.png?x-oss-process=image/resize,w_150"
"https://image.dayi.org.cn/img/20220401/WFSMASzjSx.png?x-oss-process=image/resize,w_150"
"https://image.dayi.org.cn/img/20220401/fSDsmHZGP7.jpg?x-oss-process=image/resize,w_150"
"https://image.dayi.org.cn/img/20220401/tBkkphy7w6.jpg?x-oss-process=image/resize,w_150"
"https://image.dayi.org.cn/img/20220401/HCQM2XFAew.png?x-oss-process=image/resize,w_150"
"https://image.dayi.org.cn/img/20220401/bjGcJiXQ3B.png?x-oss-process=image/resize,w_150"
"https://image.dayi.org.cn/img/20220401/QnFGGam6de.jpg?x-oss-process=image/resize,w_150"
"https://image.dayi.org.cn/img/20220401/bxebyGEY5x.png?x-oss-process=image/resize,w_150"
"https://image.dayi.org.cn/img/20220401/pezHe7fC3w.jpg?x-oss-process=image/resize,w_150"
"https://image.dayi.org.cn/img/20220401/rPZ7GeTpeB.jpg?x-oss-process=image/resize,w_150"
"https://image.dayi.org.cn/img/20220401/G5zikKBATa.png?x-oss-process=image/resize,w_150"
"https://image.dayi.org.cn/img/20220401/ArYY5s38QQ.png?x-oss-process=image/resize,w_150"
"https://image.dayi.org.cn/img/20220401/nDZdAwFpMY.jpg?x-oss-process=image/resize,w_150"
"https://image.dayi.org.cn/img/20220401/3wS42FXWDn.jpg?x-oss-process=image/resize,w_150"
"https://image.dayi.org.cn/img/20220402/PwADE2GQj6.jpg?x-oss-process=image/resize,w_150"
"https://image.dayi.org.cn/img/20220401/dr8SRwZCDF.jpg?x-oss-process=image/resize,w_150"
"https://image.dayi.org.cn/img/20220401/tBD86EFTSp.png?x-oss-process=image/resize,w_150"
"https://image.dayi.org.cn/img/20220402/RD4sZwmXwF.png?x-oss-process=image/resize,w_150"
"https://image.dayi.org.cn/img/20220401/EQQFrcTZxY.jpg?x-oss-process=image/resize,w_150"
"https://image.dayi.org.cn/img/20220401/bXdFwXDxHZ.jpg?x-oss-process=image/resize,w_150"
"https://image.dayi.org.cn/img/20220402/h6BPfzfaNe.png?x-oss-process=image/resize,w_150"
"https://image.dayi.org.cn/img/20220402/HFtBNeAKz3.jpg?x-oss-process=image/resize,w_150"
"https://image.dayi.org.cn/img/20220402/5K3CdfErSc.jpg?x-oss-process=image/resize,w_150"
"https://image.dayi.org.cn/img/20220402/QN7YJ5TYet.jpg?x-oss-process=image/resize,w_150"
"https://image.dayi.org.cn/img/20220402/NQxJrPErEJ.jpg?x-oss-process=image/resize,w_150"
"https://image.dayi.org.cn/img/20220402/TxnSdePsr2.jpg?x-oss-process=image/resize,w_150"
"https://image.dayi.org.cn/img/20220402/aN4TiEAEAM.jpg?x-oss-process=image/resize,w_150"
"https://image.dayi.org.cn/img/20220402/NSAaxjjXjK.jpg?x-oss-process=image/resize,w_150"
"https://image.dayi.org.cn/img/20220402/TFQkWKsk4B.png?x-oss-process=image/resize,w_150"
"https://image.dayi.org.cn/img/20220402/fw8pjmxhHN.jpg?x-oss-process=image/resize,w_150"
"https://image.dayi.org.cn/img/20220402/GJCCNjzP3S.jpg?x-oss-process=image/resize,w_150"
"https://image.dayi.org.cn/img/20220402/tBB2GwnnB6.jpeg?x-oss-process=image/resize,w_150"
"https://image.dayi.org.cn/img/20220403/7A6zs36YWh.jpg?x-oss-process=image/resize,w_150"
"https://image.dayi.org.cn/img/20220403/X8DPN2XCG4.jpg?x-oss-process=image/resize,w_150"
"https://image.dayi.org.cn/img/20220406/ppESsxyacJ.png?x-oss-process=image/resize,w_150"
"https://image.dayi.org.cn/img/20220406/R87MiCe2mA.jpg?x-oss-process=image/resize,w_150"
"https://image.dayi.org.cn/img/20220406/ftF4jSMCNj.jpg?x-oss-process=image/resize,w_150"
"https://image.dayi.org.cn/img/20220406/sK2d3Yr4wX.jpg?x-oss-process=image/resize,w_150"
"https://image.dayi.org.cn/img/20220406/EceraJGNRM.png?x-oss-process=image/resize,w_150"
"https://image.dayi.org.cn/img/20220406/nmHHkh5R4e.jpg?x-oss-process=image/resize,w_150"
"https://image.dayi.org.cn/img/20220406/tjwinJDMDh.jpg?x-oss-process=image/resize,w_150"
"https://image.dayi.org.cn/img/20220406/NA6fmwh6Kc.jpg?x-oss-process=image/resize,w_150"
"https://image.dayi.org.cn/img/20220406/NXD5rynXEk.jpg?x-oss-process=image/resize,w_150"
"https://image.dayi.org.cn/img/20220406/QQ5aDpXTWZ.jpg?x-oss-process=image/resize,w_150"
"https://image.dayi.org.cn/img/20220406/xWbPZKDHpT.png?x-oss-process=image/resize,w_150"
"https://image.dayi.org.cn/img/20220406/tQPpBWSeM3.jpg?x-oss-process=image/resize,w_150"
"https://image.dayi.org.cn/img/20220406/neCN2T4ExN.jpg?x-oss-process=image/resize,w_150"
"https://image.dayi.org.cn/img/20220406/rRDsjtthcZ.png?x-oss-process=image/resize,w_150"
"https://image.dayi.org.cn/img/20220406/wpr68FwiMB.png?x-oss-process=image/resize,w_150"
"https://image.dayi.org.cn/img/20220406/tPJ2wdbyTG.jpg?x-oss-process=image/resize,w_150"
"https://image.dayi.org.cn/img/20220406/SfR5xHpxYN.jpg?x-oss-process=image/resize,w_150"
"https://image.dayi.org.cn/img/20220406/x7jmfy7eNW.jpg?x-oss-process=image/resize,w_150"
"https://image.dayi.org.cn/img/20220406/FzitmPxBe7.jpg?x-oss-process=image/resize,w_150"
"https://image.dayi.org.cn/img/20220418/scGSTtjnzW.jpg?x-oss-process=image/resize,w_150"
"https://image.dayi.org.cn/img/20220406/tEMSRX4APr.png?x-oss-process=image/resize,w_150"
"https://image.dayi.org.cn/img/20220406/MCTrpanmb8.jpg?x-oss-process=image/resize,w_150"
"https://image.dayi.org.cn/img/20220406/eESpT6RxKE.jpg?x-oss-process=image/resize,w_150"
"https://image.dayi.org.cn/img/20220418/QAA2eheTwd.jpg?x-oss-process=image/resize,w_150"
"https://image.dayi.org.cn/img/20220406/FpCkjDc44f.png?x-oss-process=image/resize,w_150"
"https://image.dayi.org.cn/img/20220406/esftTRZ5mr.jpg?x-oss-process=image/resize,w_150"
"https://image.dayi.org.cn/img/20220406/zjfQMFQkC6.png?x-oss-process=image/resize,w_150"
"https://image.dayi.org.cn/img/20220406/QnS8DXbxnE.jpg?x-oss-process=image/resize,w_150"
"https://image.dayi.org.cn/img/20220406/nrFRznKEQQ.png?x-oss-process=image/resize,w_150"
"https://image.dayi.org.cn/img/20220406/nesEtnBnty.jpg?x-oss-process=image/resize,w_150"
"https://image.dayi.org.cn/img/20220406/CHKzZzxQb2.jpg?x-oss-process=image/resize,w_150"
"https://image.dayi.org.cn/img/20220406/ahbzMQWah3.jpg?x-oss-process=image/resize,w_150"
"https://image.dayi.org.cn/img/20220406/27JEcdJMkG.jpg?x-oss-process=image/resize,w_150"
"https://image.dayi.org.cn/img/20220406/wb7DJEXyeb.jpg?x-oss-process=image/resize,w_150"
"https://image.dayi.org.cn/img/20220406/RfpkSYaGXb.jpg?x-oss-process=image/resize,w_150"
"https://image.dayi.org.cn/img/20220406/DJaGKBG6dX.jpg?x-oss-process=image/resize,w_150"
"https://image.dayi.org.cn/img/20220412/2SpH7rATsJ.png?x-oss-process=image/resize,w_150"
"https://image.dayi.org.cn/img/20220406/WchmXMKKP7.jpg?x-oss-process=image/resize,w_150"
"https://image.dayi.org.cn/img/20220406/ktGdmdT3JJ.jpg?x-oss-process=image/resize,w_150"
"https://image.dayi.org.cn/img/20220406/dBJDz2j7KE.jpg?x-oss-process=image/resize,w_150"
"https://image.dayi.org.cn/img/20220406/7hHYS8H6SE.jpg?x-oss-process=image/resize,w_150"
"https://image.dayi.org.cn/img/20220411/AHx5MwRRkG.jpg?x-oss-process=image/resize,w_150"
"https://image.dayi.org.cn/img/20220411/z2zPbyWdTX.png?x-oss-process=image/resize,w_150"
"https://image.dayi.org.cn/img/20220411/85Enixhxki.jpg?x-oss-process=image/resize,w_150"
"https://image.dayi.org.cn/img/20220411/ryZ8yzssJ3.jpg?x-oss-process=image/resize,w_150"
"https://image.dayi.org.cn/img/20220411/tTbBcP8ena.jpg?x-oss-process=image/resize,w_150"
"https://image.dayi.org.cn/img/20220411/bZSwtXMskW.jpg?x-oss-process=image/resize,w_150"
"https://image.dayi.org.cn/img/20220411/M4RfyWRKDR.jpg?x-oss-process=image/resize,w_150"
"https://image.dayi.org.cn/img/20220411/pXYRPS7xB8.jpg?x-oss-process=image/resize,w_150"
"https://image.dayi.org.cn/img/20220411/ejN2wQPEHP.jpg?x-oss-process=image/resize,w_150"
"https://image.dayi.org.cn/img/20220408/KFkHd3xHZA.jpg?x-oss-process=image/resize,w_150"
"https://image.dayi.org.cn/img/20220408/x3C87hMCm2.jpg?x-oss-process=image/resize,w_150"
"https://image.dayi.org.cn/img/20220408/jseMkQ2RTR.jpg?x-oss-process=image/resize,w_150"
"https://image.dayi.org.cn/img/20220408/ZFQ6K8ZQGD.jpg?x-oss-process=image/resize,w_150"
"https://image.dayi.org.cn/img/20220408/8NbJxMDWwi.jpg?x-oss-process=image/resize,w_150"
"https://image.dayi.org.cn/img/20220408/mawChte6tM.jpg?x-oss-process=image/resize,w_150"
"https://image.dayi.org.cn/img/20220412/BMPxHiEDdb.png?x-oss-process=image/resize,w_150"
"https://image.dayi.org.cn/img/20220412/pCtct6TeYd.png?x-oss-process=image/resize,w_150"
"https://image.dayi.org.cn/img/20220412/zK3p5KP4in.png?x-oss-process=image/resize,w_150"
"https://image.dayi.org.cn/img/20220411/CwdECHjfHX.png?x-oss-process=image/resize,w_150"
"https://image.dayi.org.cn/img/20220411/kB6ZffAmed.png?x-oss-process=image/resize,w_150"
"https://image.dayi.org.cn/img/20220411/jzkapx3cPb.png?x-oss-process=image/resize,w_150"
"https://image.dayi.org.cn/img/20220411/Ee3JMRPB3Y.png?x-oss-process=image/resize,w_150"
"https://image.dayi.org.cn/img/20220411/5RaAfAeKiA.png?x-oss-process=image/resize,w_150"
"https://image.dayi.org.cn/img/20220411/GkJ2R3aDkZ.png?x-oss-process=image/resize,w_150"
"https://image.dayi.org.cn/img/20220411/38DsjYfSpW.png?x-oss-process=image/resize,w_150"
"https://image.dayi.org.cn/img/20220411/X2CP8Xsd2f.png?x-oss-process=image/resize,w_150"
"https://image.dayi.org.cn/img/20220411/xSbPzsCNSd.png?x-oss-process=image/resize,w_150"
"https://image.dayi.org.cn/img/20220411/WtPDZw5ndn.png?x-oss-process=image/resize,w_150"
"https://image.dayi.org.cn/img/20220409/AKWfyNneW2.png?x-oss-process=image/resize,w_150"
"https://image.dayi.org.cn/img/20220409/HxsGiznwrk.jpg?x-oss-process=image/resize,w_150"
"https://image.dayi.org.cn/img/20220409/XXCjn3YFWx.jpg?x-oss-process=image/resize,w_150"
"https://image.dayi.org.cn/img/20220409/tR54DPXYty.jpg?x-oss-process=image/resize,w_150"
"https://image.dayi.org.cn/img/20220410/AG3YAiQFYD.jpg?x-oss-process=image/resize,w_150"
"https://image.dayi.org.cn/img/20220410/s6iHN7GW7P.jpg?x-oss-process=image/resize,w_150"
"https://image.dayi.org.cn/img/20220410/w64x2esx6b.jpg?x-oss-process=image/resize,w_150"
"https://image.dayi.org.cn/img/20220410/D6GdkNn43e.jpg?x-oss-process=image/resize,w_150"
"https://image.dayi.org.cn/img/20220410/TzmTk38wjz.jpg?x-oss-process=image/resize,w_150"
"https://image.dayi.org.cn/img/20220410/yEn2h22aAa.jpg?x-oss-process=image/resize,w_150"
"https://image.dayi.org.cn/img/20220410/cGM2AKGfra.jpg?x-oss-process=image/resize,w_150"
"https://image.dayi.org.cn/img/20220411/2kfAJWRyDy.jpg?x-oss-process=image/resize,w_150"
"https://image.dayi.org.cn/img/20220411/8Qt3biMGin.jpg?x-oss-process=image/resize,w_150"
"https://image.dayi.org.cn/img/20220411/PyQ5jn4hBy.png?x-oss-process=image/resize,w_150"
"https://image.dayi.org.cn/img/20220411/CthtYjsHDC.jpg?x-oss-process=image/resize,w_150"
"https://image.dayi.org.cn/img/20220411/TDyGiHYDdX.jpg?x-oss-process=image/resize,w_150"
"https://image.dayi.org.cn/img/20220411/EBWhKEYnNA.jpg?x-oss-process=image/resize,w_150"
"https://image.dayi.org.cn/img/20220411/HPRpHKJkXd.jpg?x-oss-process=image/resize,w_150"
"https://image.dayi.org.cn/img/20220413/JXC3e73h5w.jpg?x-oss-process=image/resize,w_150"
"https://image.dayi.org.cn/img/20220411/M7jQrd4eDK.jpg?x-oss-process=image/resize,w_150"
"https://image.dayi.org.cn/img/20220413/iw4NSzMpfb.jpg?x-oss-process=image/resize,w_150"
"https://image.dayi.org.cn/img/20220411/Ty34ia6Chs.jpg?x-oss-process=image/resize,w_150"
"https://image.dayi.org.cn/img/20220413/hAJAQJ5E2D.jpg?x-oss-process=image/resize,w_150"
"https://image.dayi.org.cn/img/20220411/b5cYcy7hHc.jpg?x-oss-process=image/resize,w_150"
"https://image.dayi.org.cn/img/20220411/EMQA3Rb6rF.jpg?x-oss-process=image/resize,w_150"
"https://image.dayi.org.cn/img/20220411/SnTdkm7fnH.jpg?x-oss-process=image/resize,w_150"
"https://image.dayi.org.cn/img/20220411/rran4A55Qz.png?x-oss-process=image/resize,w_150"
"https://image.dayi.org.cn/img/20220411/6wF2Gj65Zp.jpg?x-oss-process=image/resize,w_150"
"https://image.dayi.org.cn/img/20220413/D5xCbnwHFs.jpg?x-oss-process=image/resize,w_150"
"https://image.dayi.org.cn/img/20220411/FD5AfHkJsa.png?x-oss-process=image/resize,w_150"
"https://image.dayi.org.cn/img/20220418/SzcbabC8tt.png?x-oss-process=image/resize,w_150"
"https://image.dayi.org.cn/img/20220411/SpKTwwYsHj.jpg?x-oss-process=image/resize,w_150"
"https://image.dayi.org.cn/img/20220413/i4F3dNaKtt.jpg?x-oss-process=image/resize,w_150"
"https://image.dayi.org.cn/img/20220413/CmfAJheNZQ.jpg?x-oss-process=image/resize,w_150"
"https://image.dayi.org.cn/img/20220413/hXWNH56FkJ.jpg?x-oss-process=image/resize,w_150"
"https://image.dayi.org.cn/img/20220412/268JWfbAPM.jpg?x-oss-process=image/resize,w_150"
"https://image.dayi.org.cn/img/20220412/jwSyb8wZ4B.JPG?x-oss-process=image/resize,w_150"
"https://image.dayi.org.cn/img/20220412/yfwSKBxBZ2.jpg?x-oss-process=image/resize,w_150"
"https://image.dayi.org.cn/img/20220412/jttzN2ZN4t.jpg?x-oss-process=image/resize,w_150"
"https://image.dayi.org.cn/img/20220412/rM7MsGJCfp.jpg?x-oss-process=image/resize,w_150"
"https://image.dayi.org.cn/img/20220412/KQDkBENxbe.jpg?x-oss-process=image/resize,w_150"
"https://image.dayi.org.cn/img/20220412/sakjPM2MdR.jpg?x-oss-process=image/resize,w_150"
"https://image.dayi.org.cn/img/20220412/aeYQzFRb5c.jpg?x-oss-process=image/resize,w_150"
"https://image.dayi.org.cn/img/20220412/BNsM4ZKfTM.jpg?x-oss-process=image/resize,w_150"
"https://image.dayi.org.cn/img/20220412/WTzZjQxRYb.jpg?x-oss-process=image/resize,w_150"
"https://image.dayi.org.cn/img/20220412/ZhQAkWXfYw.png?x-oss-process=image/resize,w_150"
"https://image.dayi.org.cn/img/20220412/py7wNXNSmp.jpg?x-oss-process=image/resize,w_150"
"https://image.dayi.org.cn/img/20220412/x3EntDFcm6.jpg?x-oss-process=image/resize,w_150"
"https://image.dayi.org.cn/img/20220413/AWSzKTXCZn.jpg?x-oss-process=image/resize,w_150"
"https://image.dayi.org.cn/img/20220412/iCMjwBQzaP.jpg?x-oss-process=image/resize,w_150"
"https://image.dayi.org.cn/img/20220412/YTGhRFFtMd.png?x-oss-process=image/resize,w_150"
"https://image.dayi.org.cn/img/20220412/JFe3D5MDNB.jpg?x-oss-process=image/resize,w_150"
"https://image.dayi.org.cn/img/20220412/FFCTfjYMFH.png?x-oss-process=image/resize,w_150"
"https://image.dayi.org.cn/img/20220412/2mWcK4F4ps.png?x-oss-process=image/resize,w_150"
"https://image.dayi.org.cn/img/20220412/7XFD2S7cQM.png?x-oss-process=image/resize,w_150"
"https://image.dayi.org.cn/img/20220412/CpTPtEGCdA.png?x-oss-process=image/resize,w_150"
"https://image.dayi.org.cn/img/20220413/rzKsPRjszp.jpg?x-oss-process=image/resize,w_150"
"https://image.dayi.org.cn/img/20220412/PBdf37hBdQ.jpg?x-oss-process=image/resize,w_150"
"https://image.dayi.org.cn/img/20220412/YtZNC48j3y.png?x-oss-process=image/resize,w_150"
"https://image.dayi.org.cn/img/20220412/DmxbGkikdy.jpg?x-oss-process=image/resize,w_150"
"https://image.dayi.org.cn/img/20220412/Jzym6B6hKQ.jpg?x-oss-process=image/resize,w_150"
"https://image.dayi.org.cn/img/20220422/H58sfejp4k.jpg?x-oss-process=image/resize,w_150"
"https://image.dayi.org.cn/img/20220424/BAEEyTyWce.jpg?x-oss-process=image/resize,w_150"
"https://image.dayi.org.cn/img/20220412/iDSW2zHn22.png?x-oss-process=image/resize,w_150"
"https://image.dayi.org.cn/img/20220412/4dJ2jQzjcB.jpg?x-oss-process=image/resize,w_150"
"https://image.dayi.org.cn/img/20220413/jMFhmrfD2E.jpg?x-oss-process=image/resize,w_150"
"https://image.dayi.org.cn/img/20220412/BbsXAnYJMc.jpg?x-oss-process=image/resize,w_150"
"https://image.dayi.org.cn/img/20220412/FWxs7Nz4cK.jpg?x-oss-process=image/resize,w_150"
"https://image.dayi.org.cn/img/20220413/jrePzer24m.jpg?x-oss-process=image/resize,w_150"
"https://image.dayi.org.cn/img/20220413/byJX6beFWP.png?x-oss-process=image/resize,w_150"
"https://image.dayi.org.cn/img/20220412/QMzrHWQMZN.jpg?x-oss-process=image/resize,w_150"
"https://image.dayi.org.cn/img/20220412/8bB2HwGEnk.jpg?x-oss-process=image/resize,w_150"
"https://image.dayi.org.cn/img/20220412/x88TmeZFak.jpg?x-oss-process=image/resize,w_150"
"https://image.dayi.org.cn/img/20220412/xGPcp2E8QQ.jpg?x-oss-process=image/resize,w_150"
"https://image.dayi.org.cn/img/20220412/YcXBQZAkRe.JPG?x-oss-process=image/resize,w_150"
"https://image.dayi.org.cn/img/20220412/N6kfxWHb8A.png?x-oss-process=image/resize,w_150"
"https://image.dayi.org.cn/img/20220412/xyzDFsix35.jpg?x-oss-process=image/resize,w_150"
"https://image.dayi.org.cn/img/20220412/fetbRD2nSR.jpg?x-oss-process=image/resize,w_150"
"https://image.dayi.org.cn/img/20220412/kM2b7FdcwW.jpg?x-oss-process=image/resize,w_150"
"https://image.dayi.org.cn/img/20220412/3i8ZWMzR8z.jpg?x-oss-process=image/resize,w_150"
"https://image.dayi.org.cn/img/20220412/PNCwYFC6Hs.jpg?x-oss-process=image/resize,w_150"
"https://image.dayi.org.cn/img/20220412/7cSQpATWYW.png?x-oss-process=image/resize,w_150"
"https://image.dayi.org.cn/img/20220413/67di6RQxAZ.jpg?x-oss-process=image/resize,w_150"
"https://image.dayi.org.cn/img/20220412/AWft8HhxGD.jpg?x-oss-process=image/resize,w_150"
"https://image.dayi.org.cn/img/20220413/k8Mb3miEjG.jpg?x-oss-process=image/resize,w_150"
"https://image.dayi.org.cn/img/20220413/s7dnriYsbx.jpg?x-oss-process=image/resize,w_150"
"https://image.dayi.org.cn/img/20220415/Jj4kQjpQMw.jpg?x-oss-process=image/resize,w_150"
"https://image.dayi.org.cn/img/20220415/DCxmspTF8D.jpg?x-oss-process=image/resize,w_150"
"https://image.dayi.org.cn/img/20220415/k4fb3wM7zK.png?x-oss-process=image/resize,w_150"
"https://image.dayi.org.cn/img/20220412/cs66mb2X4j.jpg?x-oss-process=image/resize,w_150"
"https://image.dayi.org.cn/img/20220413/J6wsRQRFEM.jpg?x-oss-process=image/resize,w_150"
"https://image.dayi.org.cn/img/20220413/ymKeX27kF7.jpg?x-oss-process=image/resize,w_150"
"https://image.dayi.org.cn/img/20220413/TQ882cJZSX.jpg?x-oss-process=image/resize,w_150"
"https://image.dayi.org.cn/img/20220413/YRD6czWMeM.jpg?x-oss-process=image/resize,w_150"
"https://image.dayi.org.cn/img/20220415/6fs5WSPJWC.jpg?x-oss-process=image/resize,w_150"
"https://image.dayi.org.cn/img/20220414/aQrAkDrGpb.jpg?x-oss-process=image/resize,w_150"
"https://image.dayi.org.cn/img/20220414/72HpkwXkHR.jpg?x-oss-process=image/resize,w_150"
"https://image.dayi.org.cn/img/20220414/fBk6xCZ3nQ.png?x-oss-process=image/resize,w_150"
"https://image.dayi.org.cn/img/20220414/8swcETpFNf.jpeg?x-oss-process=image/resize,w_150"
"https://image.dayi.org.cn/img/20220414/mdQHEXNbR7.jpg?x-oss-process=image/resize,w_150"
"https://image.dayi.org.cn/img/20220414/jHr7hhEcNA.jpg?x-oss-process=image/resize,w_150"
"https://image.dayi.org.cn/img/20220421/fspEr3smW2.jpg?x-oss-process=image/resize,w_150"
"https://image.dayi.org.cn/img/20220416/JMfXRe468B.jpg?x-oss-process=image/resize,w_150"
"https://image.dayi.org.cn/img/20220416/QC6PNJjbHa.jpg?x-oss-process=image/resize,w_150"
"https://image.dayi.org.cn/img/20220415/B7t5Ezaz4j.JPG?x-oss-process=image/resize,w_150"
"https://image.dayi.org.cn/img/20220415/kaBAS4Ywms.jpg?x-oss-process=image/resize,w_150"
"https://image.dayi.org.cn/img/20220415/wSDhPz5Mi7.JPG?x-oss-process=image/resize,w_150"
"https://image.dayi.org.cn/img/20220415/4KeYAp3Zae.png?x-oss-process=image/resize,w_150"
"https://image.dayi.org.cn/img/20220415/YKt7JZE6WT.jpg?x-oss-process=image/resize,w_150"
"https://image.dayi.org.cn/img/20220414/a7dm85sC23.jpg?x-oss-process=image/resize,w_150"
"https://image.dayi.org.cn/img/20220416/DxYJGfJiJy.jpg?x-oss-process=image/resize,w_150"
"https://image.dayi.org.cn/img/20220416/zTcCPmAdRA.jpg?x-oss-process=image/resize,w_150"
"https://image.dayi.org.cn/img/20220414/nfThYJMGHQ.jpg?x-oss-process=image/resize,w_150"
"https://image.dayi.org.cn/img/20220414/pwZ7iprPdX.jpg?x-oss-process=image/resize,w_150"
"https://image.dayi.org.cn/img/20220415/QQDa4Swzjr.png?x-oss-process=image/resize,w_150"
"https://image.dayi.org.cn/img/20220415/Mn8ZHXEScm.jpg?x-oss-process=image/resize,w_150"
"https://image.dayi.org.cn/img/20220415/NX5DpFTAti.jpg?x-oss-process=image/resize,w_150"
"https://image.dayi.org.cn/img/20220415/SMYYcFa2y2.jpg?x-oss-process=image/resize,w_150"
"https://image.dayi.org.cn/img/20220416/HFR8s7rZ3f.png?x-oss-process=image/resize,w_150"
"https://image.dayi.org.cn/img/20220415/mKjmSSMTxS.jpg?x-oss-process=image/resize,w_150"
"https://image.dayi.org.cn/img/20220415/baCdzz4yX5.jpg?x-oss-process=image/resize,w_150"
"https://image.dayi.org.cn/img/20220415/EnGHRGHEEB.jpg?x-oss-process=image/resize,w_150"
"https://image.dayi.org.cn/img/20220415/4eZ2WpzjhQ.jpg?x-oss-process=image/resize,w_150"
"https://image.dayi.org.cn/img/20220415/Rf5sA5SaF2.jpg?x-oss-process=image/resize,w_150"
"https://image.dayi.org.cn/img/20220415/MMxkY3a7zw.jpg?x-oss-process=image/resize,w_150"
"https://image.dayi.org.cn/img/20220415/i5YeN3kkYm.jpg?x-oss-process=image/resize,w_150"
"https://image.dayi.org.cn/img/20220415/D6zRbxTm8Z.jpg?x-oss-process=image/resize,w_150"
"https://image.dayi.org.cn/img/20220415/5K73RYAwH3.jpg?x-oss-process=image/resize,w_150"
"https://image.dayi.org.cn/img/20220416/8xrHH8ZWd3.jpg?x-oss-process=image/resize,w_150"
"https://image.dayi.org.cn/img/20220415/ZiffB8CxCN.jpg?x-oss-process=image/resize,w_150"
"https://image.dayi.org.cn/img/20220415/6MrSc7tW6H.png?x-oss-process=image/resize,w_150"
"https://image.dayi.org.cn/img/20220415/mHnFwh32JG.jpg?x-oss-process=image/resize,w_150"
"https://image.dayi.org.cn/img/20220415/MfMiYHDX6T.jpg?x-oss-process=image/resize,w_150"
"https://image.dayi.org.cn/img/20220415/4CZS4Ex46D.jpg?x-oss-process=image/resize,w_150"
"https://image.dayi.org.cn/img/20220415/xGWYn5wQ8J.jpg?x-oss-process=image/resize,w_150"
"https://image.dayi.org.cn/img/20220415/kNdx7ECnwK.jpg?x-oss-process=image/resize,w_150"
"https://image.dayi.org.cn/img/20220417/Ys5iQwxFcQ.jpeg?x-oss-process=image/resize,w_150"
"https://image.dayi.org.cn/img/20220415/WE7QZa4wNB.jpg?x-oss-process=image/resize,w_150"
"https://image.dayi.org.cn/img/20220415/x4cTDHTQzX.jpg?x-oss-process=image/resize,w_150"
"https://image.dayi.org.cn/img/20220415/w53bwXS86y.jpg?x-oss-process=image/resize,w_150"
"https://image.dayi.org.cn/img/20220415/yE8fMfwW68.jpg?x-oss-process=image/resize,w_150"
"https://image.dayi.org.cn/img/20220415/ZJH6XEWcdx.JPG?x-oss-process=image/resize,w_150"
"https://image.dayi.org.cn/img/20220415/F3G7RHreES.JPG?x-oss-process=image/resize,w_150"
"https://image.dayi.org.cn/img/20220415/DaY228PZ3m.png?x-oss-process=image/resize,w_150"
"https://image.dayi.org.cn/img/20220415/DbiTJcx2ac.jpg?x-oss-process=image/resize,w_150"
"https://image.dayi.org.cn/img/20220415/Wr7CTPBZZp.jpg?x-oss-process=image/resize,w_150"
"https://image.dayi.org.cn/img/20220416/mf24RDR7y4.jpg?x-oss-process=image/resize,w_150"
"https://image.dayi.org.cn/img/20220415/6BJFjpinDm.jpg?x-oss-process=image/resize,w_150"
"https://image.dayi.org.cn/img/20220416/iZiFEd3QAw.jpg?x-oss-process=image/resize,w_150"
"https://image.dayi.org.cn/img/20220415/n4rXPzmEmz.JPG?x-oss-process=image/resize,w_150"
"https://image.dayi.org.cn/img/20220416/jnybDzAkiJ.jpg?x-oss-process=image/resize,w_150"
"https://image.dayi.org.cn/img/20220415/WkEQQxpjmb.jpg?x-oss-process=image/resize,w_150"
"https://image.dayi.org.cn/img/20220415/CzxG6fK2BN.jpg?x-oss-process=image/resize,w_150"
"https://image.dayi.org.cn/img/20220415/D6xCwJB6dF.jpg?x-oss-process=image/resize,w_150"
"https://image.dayi.org.cn/img/20220415/Aj4abpb2zH.jpg?x-oss-process=image/resize,w_150"
"https://image.dayi.org.cn/img/20220416/m8eyZC2k2N.png?x-oss-process=image/resize,w_150"
"https://image.dayi.org.cn/img/20220415/rXZSHwTMak.jpg?x-oss-process=image/resize,w_150"
"https://image.dayi.org.cn/img/20220415/sB33c2FNJN.jpg?x-oss-process=image/resize,w_150"
"https://image.dayi.org.cn/img/20220415/dR77MmTnkN.jpg?x-oss-process=image/resize,w_150"
"https://image.dayi.org.cn/img/20220415/csiaAHcZ8P.jpg?x-oss-process=image/resize,w_150"
"https://image.dayi.org.cn/img/20220415/sGhXmx7XYB.jpg?x-oss-process=image/resize,w_150"
"https://image.dayi.org.cn/img/20220415/kZbj8yx4p7.png?x-oss-process=image/resize,w_150"
"https://image.dayi.org.cn/img/20220415/52TXkFmNti.jpg?x-oss-process=image/resize,w_150"
"https://image.dayi.org.cn/img/20220421/hYpYhb5DHe.jpg?x-oss-process=image/resize,w_150"
"https://image.dayi.org.cn/img/20220416/t88x5aS3wZ.png?x-oss-process=image/resize,w_150"
"https://image.dayi.org.cn/img/20220415/2DKdT3mFmF.jpg?x-oss-process=image/resize,w_150"
"https://image.dayi.org.cn/img/20220415/FNzGD6BnxK.jpg?x-oss-process=image/resize,w_150"
"https://image.dayi.org.cn/img/20220423/6i6jeaAkW5.jpeg?x-oss-process=image/resize,w_150"
"https://image.dayi.org.cn/img/20220416/zjZckR3x32.jpg?x-oss-process=image/resize,w_150"
"https://image.dayi.org.cn/img/20220415/TYwY8kyBCN.jpg?x-oss-process=image/resize,w_150"
"https://image.dayi.org.cn/img/20220423/HEMhWFa2PC.png?x-oss-process=image/resize,w_150"
"https://image.dayi.org.cn/img/20220425/8EAsyZYxWd.jpg?x-oss-process=image/resize,w_150"
"https://image.dayi.org.cn/img/20220423/38MkaDP4fi.jpeg?x-oss-process=image/resize,w_150"
"https://image.dayi.org.cn/img/20220416/D6tk2iFxJK.jpg?x-oss-process=image/resize,w_150"
"https://image.dayi.org.cn/img/20220416/A2mxJJn26t.jpg?x-oss-process=image/resize,w_150"
"https://image.dayi.org.cn/img/20220415/Wdcif22zCW.png?x-oss-process=image/resize,w_150"
"https://image.dayi.org.cn/img/20220416/QbPCeJeRSW.png?x-oss-process=image/resize,w_150"
"https://image.dayi.org.cn/img/20220416/fiCfx3fNkS.jpg?x-oss-process=image/resize,w_150"
"https://image.dayi.org.cn/img/20220416/t68fnaFSCJ.jpg?x-oss-process=image/resize,w_150"
"https://image.dayi.org.cn/img/20220416/et7FSeQjc6.jpg?x-oss-process=image/resize,w_150"
"https://image.dayi.org.cn/img/20220416/BCQfAeYAmr.png?x-oss-process=image/resize,w_150"
"https://image.dayi.org.cn/img/20220417/fCdRsp45Hw.jpg?x-oss-process=image/resize,w_150"
"https://image.dayi.org.cn/img/20220417/zjDmJzJEGS.jpg?x-oss-process=image/resize,w_150"
"https://image.dayi.org.cn/img/20220417/TxCNBcCSRb.jpg?x-oss-process=image/resize,w_150"
"https://image.dayi.org.cn/img/20220417/8CEDaFDSbn.jpg?x-oss-process=image/resize,w_150"
"https://image.dayi.org.cn/img/20220417/XsGMkjcMZT.png?x-oss-process=image/resize,w_150"
"https://image.dayi.org.cn/img/20220417/WzCWWrWw8j.jpg?x-oss-process=image/resize,w_150"
"https://image.dayi.org.cn/img/20220421/kG5n52EneK.png?x-oss-process=image/resize,w_150"
"https://image.dayi.org.cn/img/20220417/WsA2hry6KY.jpg?x-oss-process=image/resize,w_150"
"https://image.dayi.org.cn/img/20220424/NyQPZkwstb.jpg?x-oss-process=image/resize,w_150"
"https://image.dayi.org.cn/img/20220418/dpNSe3n7jx.jpg?x-oss-process=image/resize,w_150"
"https://image.dayi.org.cn/img/20220418/SHJjAGWK2i.jpg?x-oss-process=image/resize,w_150"
"https://image.dayi.org.cn/img/20220418/BC3S4RcweW.jpg?x-oss-process=image/resize,w_150"
"https://image.dayi.org.cn/img/20220418/DbA7PrYk4z.jpg?x-oss-process=image/resize,w_150"
"https://image.dayi.org.cn/img/20220418/fE23eX2J5C.jpg?x-oss-process=image/resize,w_150"
"https://image.dayi.org.cn/img/20220419/EMyM7wybYR.jpg?x-oss-process=image/resize,w_150"
"https://image.dayi.org.cn/img/20220420/WSXdACJFXn.jpg?x-oss-process=image/resize,w_150"
"https://image.dayi.org.cn/img/20220420/RHmkwiPbzk.jpg?x-oss-process=image/resize,w_150"
"https://image.dayi.org.cn/img/20220420/eyrFkXCaiM.jpg?x-oss-process=image/resize,w_150"
"https://image.dayi.org.cn/img/20220420/6GxpJQfpZw.jpg?x-oss-process=image/resize,w_150"
"https://image.dayi.org.cn/img/20220420/fnbs4wnmi5.png?x-oss-process=image/resize,w_150"
"https://image.dayi.org.cn/img/20220420/creFN5EpEF.jpg?x-oss-process=image/resize,w_150"
"https://image.dayi.org.cn/img/20220420/MdrhbKpD5D.jpg?x-oss-process=image/resize,w_150"
"https://image.dayi.org.cn/img/20220422/NnWmw7JpmD.png?x-oss-process=image/resize,w_150"
"https://image.dayi.org.cn/img/20220422/nc7Ffr4MyD.jpg?x-oss-process=image/resize,w_150"
"https://image.dayi.org.cn/img/20220422/3PfZKskAW6.jpg?x-oss-process=image/resize,w_150"
"https://image.dayi.org.cn/img/20220420/a7mQFkHXZm.jpg?x-oss-process=image/resize,w_150"
"https://image.dayi.org.cn/img/20220421/KzCn2A8r2m.jpg?x-oss-process=image/resize,w_150"
"https://image.dayi.org.cn/img/20220421/2CpxbH7jae.jpg?x-oss-process=image/resize,w_150"
"https://image.dayi.org.cn/img/20220421/NRtFzYfYJQ.jpg?x-oss-process=image/resize,w_150"
"https://image.dayi.org.cn/img/20220421/bSs2eaXSkt.jpg?x-oss-process=image/resize,w_150"
"https://image.dayi.org.cn/img/20220421/pQjtdmF5Z2.jpg?x-oss-process=image/resize,w_150"
"https://image.dayi.org.cn/img/20220421/W4zGzQBba6.jpg?x-oss-process=image/resize,w_150"
"https://image.dayi.org.cn/img/20220421/MhTj3sreEn.jpg?x-oss-process=image/resize,w_150"
"https://image.dayi.org.cn/img/20220421/arZnS7nFF6.jpg?x-oss-process=image/resize,w_150"
"https://image.dayi.org.cn/img/20220422/JTCfrFBiDH.JPG?x-oss-process=image/resize,w_150"
"https://image.dayi.org.cn/img/20220422/G7a5T8cpmN.JPG?x-oss-process=image/resize,w_150"
"https://image.dayi.org.cn/img/20220422/f8fEmXcz7z.jpg?x-oss-process=image/resize,w_150"
"https://image.dayi.org.cn/img/20220421/ph6yDQz4rn.jpg?x-oss-process=image/resize,w_150"
"https://image.dayi.org.cn/img/20220421/zjNjbryXaM.jpg?x-oss-process=image/resize,w_150"
"https://image.dayi.org.cn/img/20220421/JMZ5CyMm7K.jpg?x-oss-process=image/resize,w_150"