莲子蜜姜香椿鱼,https://www.dayi.org.cn/dietGuidelines/1009120.html
甘麦大枣汤,https://www.dayi.org.cn/dietGuidelines/1009193.html
麻黄连翘赤小豆汤,https://www.dayi.org.cn/dietGuidelines/1009531.html
国公酒,https://www.dayi.org.cn/dietGuidelines/1009436.html
十全大补汤,https://www.dayi.org.cn/dietGuidelines/1009152.html
生脉饮,https://www.dayi.org.cn/dietGuidelines/1009172.html
减肥茶,https://www.dayi.org.cn/dietGuidelines/1009496.html
八珍糕,https://www.dayi.org.cn/dietGuidelines/1009158.html
法制黑豆,https://www.dayi.org.cn/dietGuidelines/1009160.html
桑麻丸,https://www.dayi.org.cn/dietGuidelines/1009370.html
毛鸡酒,https://www.dayi.org.cn/dietGuidelines/1009394.html
黄精茶,https://www.dayi.org.cn/dietGuidelines/1009687.html
小建中汤,https://www.dayi.org.cn/dietGuidelines/1009303.html
大山楂丸,https://www.dayi.org.cn/dietGuidelines/1009520.html
跌打损伤药酒,https://www.dayi.org.cn/dietGuidelines/1009408.html
茯苓糕,https://www.dayi.org.cn/dietGuidelines/1009432.html
甘露饮,https://www.dayi.org.cn/dietGuidelines/1009586.html
炖狗肉,https://www.dayi.org.cn/dietGuidelines/1009707.html
番泻叶茶,https://www.dayi.org.cn/dietGuidelines/1007733.html
八宝粥,https://www.dayi.org.cn/dietGuidelines/1009227.html
茵陈粥,https://www.dayi.org.cn/dietGuidelines/1007845.html
竹叶茶,https://www.dayi.org.cn/dietGuidelines/1009526.html
山茱萸酒,https://www.dayi.org.cn/dietGuidelines/1009206.html
天麻鸡汤,https://www.dayi.org.cn/dietGuidelines/1009106.html
朱砂煮猪心,https://www.dayi.org.cn/dietGuidelines/1009805.html
玉米须茶,https://www.dayi.org.cn/dietGuidelines/1009485.html
五加皮酒,https://www.dayi.org.cn/dietGuidelines/1007775.html
黄精熟地脊骨汤,https://www.dayi.org.cn/dietGuidelines/1009115.html
升麻芝麻炖猪大肠,https://www.dayi.org.cn/dietGuidelines/1007721.html
夫妻肺片,https://www.dayi.org.cn/dietGuidelines/1009215.html
八珍汤,https://www.dayi.org.cn/dietGuidelines/1009319.html
柳叶茶,https://www.dayi.org.cn/dietGuidelines/1009513.html
柿叶茶,https://www.dayi.org.cn/dietGuidelines/1009214.html
菠菜猪肝汤,https://www.dayi.org.cn/dietGuidelines/1009162.html
肉桂酒,https://www.dayi.org.cn/dietGuidelines/1009839.html
浮小麦饮,https://www.dayi.org.cn/dietGuidelines/1009886.html
荠菜鸡蛋汤,https://www.dayi.org.cn/dietGuidelines/1007844.html
黑芝麻丸,https://www.dayi.org.cn/dietGuidelines/1009493.html
燕窝粥,https://www.dayi.org.cn/dietGuidelines/1009262.html
人参枸杞酒,https://www.dayi.org.cn/dietGuidelines/1009220.html
百合粥,https://www.dayi.org.cn/dietGuidelines/1009530.html
甜酒曲,https://www.dayi.org.cn/dietGuidelines/1009734.html
桔梗甘草茶,https://www.dayi.org.cn/dietGuidelines/1009564.html
狗肉汤,https://www.dayi.org.cn/dietGuidelines/1009489.html
山药莲子汤,https://www.dayi.org.cn/dietGuidelines/1009675.html
杜仲酒,https://www.dayi.org.cn/dietGuidelines/1009369.html
菠菜鸡蛋汤,https://www.dayi.org.cn/dietGuidelines/1009381.html
茵陈大枣汤,https://www.dayi.org.cn/dietGuidelines/1009724.html
屠苏酒,https://www.dayi.org.cn/dietGuidelines/1009608.html
当归生姜羊肉汤,https://www.dayi.org.cn/dietGuidelines/1007765.html
甘和茶,https://www.dayi.org.cn/dietGuidelines/1009643.html
五豆汤,https://www.dayi.org.cn/dietGuidelines/1010012.html
鱼腥草饮,https://www.dayi.org.cn/dietGuidelines/1007650.html
花生鸡脚汤,https://www.dayi.org.cn/dietGuidelines/1009307.html
天麻炖鸡,https://www.dayi.org.cn/dietGuidelines/1009521.html
酸梅汤,https://www.dayi.org.cn/dietGuidelines/1009210.html
清炖牛肉萝卜汤,https://www.dayi.org.cn/dietGuidelines/1009505.html
舒筋活血药酒,https://www.dayi.org.cn/dietGuidelines/1009187.html
荷叶减肥茶,https://www.dayi.org.cn/dietGuidelines/1009435.html
山楂荷叶茶,https://www.dayi.org.cn/dietGuidelines/1009522.html
黄精酒,https://www.dayi.org.cn/dietGuidelines/1009375.html
秋梨膏,https://www.dayi.org.cn/dietGuidelines/1009150.html
山药薏米粥,https://www.dayi.org.cn/dietGuidelines/1009579.html
黑芝麻盐,https://www.dayi.org.cn/dietGuidelines/1009634.html
羊肉汤,https://www.dayi.org.cn/dietGuidelines/1009517.html
燕窝汤,https://www.dayi.org.cn/dietGuidelines/1009446.html
益母草煮鸡蛋,https://www.dayi.org.cn/dietGuidelines/1009995.html
石菖蒲拌猪心,https://www.dayi.org.cn/dietGuidelines/1007865.html
丹参饮,https://www.dayi.org.cn/dietGuidelines/1009598.html
猪肝菠菜汤,https://www.dayi.org.cn/dietGuidelines/1009674.html
生津茶,https://www.dayi.org.cn/dietGuidelines/1007580.html
石斛酒,https://www.dayi.org.cn/dietGuidelines/1009749.html
生姜大蒜炖红糖,https://www.dayi.org.cn/dietGuidelines/1009463.html
三宝茶,https://www.dayi.org.cn/dietGuidelines/1009518.html
五汁饮,https://www.dayi.org.cn/dietGuidelines/1007618.html
益母草汤,https://www.dayi.org.cn/dietGuidelines/1009251.html
山楂麦芽饮,https://www.dayi.org.cn/dietGuidelines/1009766.html
消渴茶,https://www.dayi.org.cn/dietGuidelines/1009255.html
藕粉圆子,https://www.dayi.org.cn/dietGuidelines/1009779.html
鹿鞭酒,https://www.dayi.org.cn/dietGuidelines/1009727.html
泥鳅炖豆腐,https://www.dayi.org.cn/dietGuidelines/1007847.html
甜醋猪脚姜,https://www.dayi.org.cn/dietGuidelines/1009677.html
鸽子肉,https://www.dayi.org.cn/dietGuidelines/1009304.html
墨鱼炖鸡,https://www.dayi.org.cn/dietGuidelines/1009624.html
虫草炖老鸭,https://www.dayi.org.cn/dietGuidelines/1009283.html
冬瓜汤,https://www.dayi.org.cn/dietGuidelines/1009229.html
萝卜丝蛋汤,https://www.dayi.org.cn/dietGuidelines/1009626.html
蜂蜜酒,https://www.dayi.org.cn/dietGuidelines/1009574.html
天麻脑花,https://www.dayi.org.cn/dietGuidelines/1009864.html
酥油茶,https://www.dayi.org.cn/dietGuidelines/1009311.html
海马酒,https://www.dayi.org.cn/dietGuidelines/1009407.html
山楂决明子茶,https://www.dayi.org.cn/dietGuidelines/1009366.html
葛根茶,https://www.dayi.org.cn/dietGuidelines/1009666.html
韭菜汁,https://www.dayi.org.cn/dietGuidelines/1009218.html
红萝卜红枣汤,https://www.dayi.org.cn/dietGuidelines/1009722.html
桃花酒,https://www.dayi.org.cn/dietGuidelines/1009616.html
固本酒,https://www.dayi.org.cn/dietGuidelines/1009145.html
雪凤鹿筋汤,https://www.dayi.org.cn/dietGuidelines/1007780.html
火神饮,https://www.dayi.org.cn/dietGuidelines/1010116.html
艾叶生姜煮蛋,https://www.dayi.org.cn/dietGuidelines/1007764.html
紫苏生姜红枣汤,https://www.dayi.org.cn/dietGuidelines/1010073.html
姜枣茶,https://www.dayi.org.cn/dietGuidelines/1009708.html
健脾茶,https://www.dayi.org.cn/dietGuidelines/1009249.html
青龙白虎汤,https://www.dayi.org.cn/dietGuidelines/1009870.html
艾叶煮鸡蛋,https://www.dayi.org.cn/dietGuidelines/1009636.html
巴戟熟地酒,https://www.dayi.org.cn/dietGuidelines/1009615.html
梨粥,https://www.dayi.org.cn/dietGuidelines/1009349.html
鸡血藤膏,https://www.dayi.org.cn/dietGuidelines/1009188.html
西瓜汁,https://www.dayi.org.cn/dietGuidelines/1009670.html
白胡椒炖猪肚,https://www.dayi.org.cn/dietGuidelines/1009114.html
青梅煮酒,https://www.dayi.org.cn/dietGuidelines/1009532.html
牛膝复方酒,https://www.dayi.org.cn/dietGuidelines/1009692.html
玫瑰露酒,https://www.dayi.org.cn/dietGuidelines/1009168.html
枸杞叶猪肝汤,https://www.dayi.org.cn/dietGuidelines/1009544.html
人参鸡汤,https://www.dayi.org.cn/dietGuidelines/1009363.html
参芪鸡丝冬瓜汤,https://www.dayi.org.cn/dietGuidelines/1010007.html
当归炖鸡,https://www.dayi.org.cn/dietGuidelines/1009641.html
杏仁乳,https://www.dayi.org.cn/dietGuidelines/1009234.html
人参胡桃汤,https://www.dayi.org.cn/dietGuidelines/1009183.html
川芎白芷炖鱼头,https://www.dayi.org.cn/dietGuidelines/1007416.html
枸杞叶粥,https://www.dayi.org.cn/dietGuidelines/1007695.html
银耳羹,https://www.dayi.org.cn/dietGuidelines/1009516.html
养肝明目汤,https://www.dayi.org.cn/dietGuidelines/1009560.html
五味子酒,https://www.dayi.org.cn/dietGuidelines/1009443.html
黄芪蒸鸡,https://www.dayi.org.cn/dietGuidelines/1009895.html
桃花白芷酒,https://www.dayi.org.cn/dietGuidelines/1009176.html
灵芝酒,https://www.dayi.org.cn/dietGuidelines/1009360.html
海桐皮酒,https://www.dayi.org.cn/dietGuidelines/1007778.html
辛夷花茶,https://www.dayi.org.cn/dietGuidelines/1009788.html
田七丹参茶,https://www.dayi.org.cn/dietGuidelines/1009265.html
芝麻核桃糊,https://www.dayi.org.cn/dietGuidelines/1009597.html
姜醋,https://www.dayi.org.cn/dietGuidelines/1009811.html
鹿茸酒,https://www.dayi.org.cn/dietGuidelines/1009726.html
西洋参茶,https://www.dayi.org.cn/dietGuidelines/1009769.html
莲子粥,https://www.dayi.org.cn/dietGuidelines/1009492.html
金髓煎,https://www.dayi.org.cn/dietGuidelines/1009876.html
莲心茶,https://www.dayi.org.cn/dietGuidelines/1009246.html
橘红茶,https://www.dayi.org.cn/dietGuidelines/1009567.html
生姜粥,https://www.dayi.org.cn/dietGuidelines/1007402.html
五加皮药酒,https://www.dayi.org.cn/dietGuidelines/1009225.html
人参汤,https://www.dayi.org.cn/dietGuidelines/1009611.html
干姜粥,https://www.dayi.org.cn/dietGuidelines/1007734.html
三蛇酒,https://www.dayi.org.cn/dietGuidelines/1009838.html
红枣山药粥,https://www.dayi.org.cn/dietGuidelines/1009380.html
猪心枣仁汤,https://www.dayi.org.cn/dietGuidelines/1010003.html
莲子羹,https://www.dayi.org.cn/dietGuidelines/1009466.html
菊花甘草汤,https://www.dayi.org.cn/dietGuidelines/1009317.html
葛根粉粥,https://www.dayi.org.cn/dietGuidelines/1009744.html
韭菜炒鸡蛋,https://www.dayi.org.cn/dietGuidelines/1009199.html
酸枣汤,https://www.dayi.org.cn/dietGuidelines/1009553.html
半夏山药粥,https://www.dayi.org.cn/dietGuidelines/1007864.html
萝卜炖羊肉,https://www.dayi.org.cn/dietGuidelines/1009468.html
茯苓饼,https://www.dayi.org.cn/dietGuidelines/1009660.html
猪骨粥,https://www.dayi.org.cn/dietGuidelines/1009351.html
鱼翅汤,https://www.dayi.org.cn/dietGuidelines/1009575.html
人参茶,https://www.dayi.org.cn/dietGuidelines/1009735.html
茯苓粥,https://www.dayi.org.cn/dietGuidelines/1009232.html
罗布麻茶,https://www.dayi.org.cn/dietGuidelines/1009179.html
天麻鱼头,https://www.dayi.org.cn/dietGuidelines/1009437.html
降压茶,https://www.dayi.org.cn/dietGuidelines/1009629.html
甘露茶,https://www.dayi.org.cn/dietGuidelines/1009042.html
绿豆海带汤,https://www.dayi.org.cn/dietGuidelines/1009480.html
连翘茶,https://www.dayi.org.cn/dietGuidelines/1009662.html
竹茹饮,https://www.dayi.org.cn/dietGuidelines/1007684.html
金樱子膏,https://www.dayi.org.cn/dietGuidelines/1009191.html
荷叶冬瓜汤,https://www.dayi.org.cn/dietGuidelines/1007632.html
豆腐猪肝汤,https://www.dayi.org.cn/dietGuidelines/1009631.html
海金沙散,https://www.dayi.org.cn/dietGuidelines/1009738.html
八宝饭,https://www.dayi.org.cn/dietGuidelines/1009203.html
陈皮酒,https://www.dayi.org.cn/dietGuidelines/1009365.html
丹参膏,https://www.dayi.org.cn/dietGuidelines/1009461.html
花生米大枣炖猪蹄,https://www.dayi.org.cn/dietGuidelines/1010052.html
健脾益气粥,https://www.dayi.org.cn/dietGuidelines/1009129.html
石膏粳米汤,https://www.dayi.org.cn/dietGuidelines/1007605.html
芹菜红枣汤,https://www.dayi.org.cn/dietGuidelines/1009430.html
全蝎酒,https://www.dayi.org.cn/dietGuidelines/1009612.html
当归煮鸡蛋,https://www.dayi.org.cn/dietGuidelines/1009367.html
葱姜汤,https://www.dayi.org.cn/dietGuidelines/1009751.html
猪肚方,https://www.dayi.org.cn/dietGuidelines/1009880.html
清蒸鲤鱼,https://www.dayi.org.cn/dietGuidelines/1009379.html
枸杞菊花茶,https://www.dayi.org.cn/dietGuidelines/1009699.html
良姜炖鸡块,https://www.dayi.org.cn/dietGuidelines/1007739.html
锁阳酒,https://www.dayi.org.cn/dietGuidelines/1009689.html
消炎茶,https://www.dayi.org.cn/dietGuidelines/1007654.html
乌鸡炖甲鱼,https://www.dayi.org.cn/dietGuidelines/1009208.html
乌发汤,https://www.dayi.org.cn/dietGuidelines/1009273.html
三仁汤,https://www.dayi.org.cn/dietGuidelines/1009329.html
丁香鸭,https://www.dayi.org.cn/dietGuidelines/1007761.html
山楂麦芽茶,https://www.dayi.org.cn/dietGuidelines/1009036.html
香菇汤,https://www.dayi.org.cn/dietGuidelines/1009671.html
枣姜茶,https://www.dayi.org.cn/dietGuidelines/1009309.html
蒸龙眼肉,https://www.dayi.org.cn/dietGuidelines/1009576.html
新加香薷饮,https://www.dayi.org.cn/dietGuidelines/1007629.html
山药莲子鸡,https://www.dayi.org.cn/dietGuidelines/1009095.html
菠菜猪血汤,https://www.dayi.org.cn/dietGuidelines/1009812.html
川贝秋梨膏,https://www.dayi.org.cn/dietGuidelines/1007870.html
葛根酒,https://www.dayi.org.cn/dietGuidelines/1009397.html
红枣茶,https://www.dayi.org.cn/dietGuidelines/1009429.html
银耳粥,https://www.dayi.org.cn/dietGuidelines/1009525.html
菟丝子茶,https://www.dayi.org.cn/dietGuidelines/1009376.html
红枣生姜茶,https://www.dayi.org.cn/dietGuidelines/1009600.html
南瓜饭,https://www.dayi.org.cn/dietGuidelines/1009750.html
芥菜汤,https://www.dayi.org.cn/dietGuidelines/1009793.html
巴戟牛膝酒,https://www.dayi.org.cn/dietGuidelines/1009941.html
天麻鱼头汤,https://www.dayi.org.cn/dietGuidelines/1009077.html
人参酒,https://www.dayi.org.cn/dietGuidelines/1009474.html
田基黄鸡蛋汤,https://www.dayi.org.cn/dietGuidelines/1007850.html
甘麦大枣茶,https://www.dayi.org.cn/dietGuidelines/1009905.html
绿豆南瓜汤,https://www.dayi.org.cn/dietGuidelines/1009625.html
车前草煲猪小肚,https://www.dayi.org.cn/dietGuidelines/1009604.html
酸枣仁粥,https://www.dayi.org.cn/dietGuidelines/1009637.html
巴戟酒,https://www.dayi.org.cn/dietGuidelines/1009669.html
阿胶酒,https://www.dayi.org.cn/dietGuidelines/1009134.html
猪肾汤,https://www.dayi.org.cn/dietGuidelines/1009456.html
养生酒,https://www.dayi.org.cn/dietGuidelines/1009808.html
莲花茶,https://www.dayi.org.cn/dietGuidelines/1009264.html
麻鸡敛汗汤,https://www.dayi.org.cn/dietGuidelines/1009887.html
梨膏,https://www.dayi.org.cn/dietGuidelines/1009703.html
黄精烧鸡,https://www.dayi.org.cn/dietGuidelines/1009898.html
鹿角粥,https://www.dayi.org.cn/dietGuidelines/1009937.html
巴戟天酒,https://www.dayi.org.cn/dietGuidelines/1009832.html
菟丝子酒,https://www.dayi.org.cn/dietGuidelines/1009169.html
西洋参酒,https://www.dayi.org.cn/dietGuidelines/1009277.html
周公百岁酒,https://www.dayi.org.cn/dietGuidelines/1009705.html
蒲公英茶,https://www.dayi.org.cn/dietGuidelines/1009202.html
黄连阿胶鸡子黄汤,https://www.dayi.org.cn/dietGuidelines/1009684.html
木耳豆腐汤,https://www.dayi.org.cn/dietGuidelines/1009844.html
枇杷茶,https://www.dayi.org.cn/dietGuidelines/1009181.html
公英地丁绿豆汤,https://www.dayi.org.cn/dietGuidelines/1009759.html
花生莲子粥,https://www.dayi.org.cn/dietGuidelines/1010041.html
润肺止咳茶,https://www.dayi.org.cn/dietGuidelines/1009312.html
月季花茶,https://www.dayi.org.cn/dietGuidelines/1009536.html
五神汤,https://www.dayi.org.cn/dietGuidelines/1007405.html
山药汤,https://www.dayi.org.cn/dietGuidelines/1009108.html
芡实煮老鸭,https://www.dayi.org.cn/dietGuidelines/1009892.html
车前叶粥,https://www.dayi.org.cn/dietGuidelines/1007815.html
枸杞炖牛肉,https://www.dayi.org.cn/dietGuidelines/1009324.html
菊花茶,https://www.dayi.org.cn/dietGuidelines/1009495.html
加味甘麦大枣汤,https://www.dayi.org.cn/dietGuidelines/1009783.html
归芪鸡汤,https://www.dayi.org.cn/dietGuidelines/1009121.html
白薇饮,https://www.dayi.org.cn/dietGuidelines/1007700.html
绿豆红枣汤,https://www.dayi.org.cn/dietGuidelines/1009294.html
胡萝卜粥,https://www.dayi.org.cn/dietGuidelines/1009326.html
当归粥,https://www.dayi.org.cn/dietGuidelines/1009550.html
猫须草茶,https://www.dayi.org.cn/dietGuidelines/1009742.html
刺五加酒,https://www.dayi.org.cn/dietGuidelines/1009305.html
夏枯草茶,https://www.dayi.org.cn/dietGuidelines/1009455.html
风湿药酒,https://www.dayi.org.cn/dietGuidelines/1009647.html
砂仁肚条,https://www.dayi.org.cn/dietGuidelines/1007741.html
菊花绿茶饮,https://www.dayi.org.cn/dietGuidelines/1009885.html
地龙桃花饼,https://www.dayi.org.cn/dietGuidelines/1009701.html
虫草老鸭汤,https://www.dayi.org.cn/dietGuidelines/1009584.html
牛肉炖海带,https://www.dayi.org.cn/dietGuidelines/1009177.html
鱼腥草茶,https://www.dayi.org.cn/dietGuidelines/1009478.html
乌梅白糖汤,https://www.dayi.org.cn/dietGuidelines/1009542.html
雪茶,https://www.dayi.org.cn/dietGuidelines/1009702.html
煮料豆,https://www.dayi.org.cn/dietGuidelines/1010058.html
糯米大枣粥,https://www.dayi.org.cn/dietGuidelines/1009585.html
二花调经茶,https://www.dayi.org.cn/dietGuidelines/1009972.html
归芪蒸鸡,https://www.dayi.org.cn/dietGuidelines/1010005.html
胡椒鸡蛋,https://www.dayi.org.cn/dietGuidelines/1009490.html
生姜红糖茶,https://www.dayi.org.cn/dietGuidelines/1009682.html
当归羊肉羹,https://www.dayi.org.cn/dietGuidelines/1010006.html
熟地当归羊肉汤,https://www.dayi.org.cn/dietGuidelines/1009276.html
葛根粥,https://www.dayi.org.cn/dietGuidelines/1009373.html
巴戟狗肉,https://www.dayi.org.cn/dietGuidelines/1007781.html
芪参鲤鱼汤,https://www.dayi.org.cn/dietGuidelines/1009126.html
大麦粥,https://www.dayi.org.cn/dietGuidelines/1009672.html
王不留行炖猪蹄,https://www.dayi.org.cn/dietGuidelines/1009768.html
红花当归酒,https://www.dayi.org.cn/dietGuidelines/1009996.html
鸡蛋花茶,https://www.dayi.org.cn/dietGuidelines/1009137.html
陈皮红枣茶,https://www.dayi.org.cn/dietGuidelines/1009233.html
鲫鱼冬瓜汤,https://www.dayi.org.cn/dietGuidelines/1009395.html
凉拌菠菜,https://www.dayi.org.cn/dietGuidelines/1009523.html
黄芪乌鸡汤,https://www.dayi.org.cn/dietGuidelines/1009587.html
昆布海藻煮黄豆,https://www.dayi.org.cn/dietGuidelines/1007869.html
钩藤茶,https://www.dayi.org.cn/dietGuidelines/1009502.html
淡豉葱白煲豆腐,https://www.dayi.org.cn/dietGuidelines/1007574.html
蜂蜜水,https://www.dayi.org.cn/dietGuidelines/1009332.html
枸杞药酒,https://www.dayi.org.cn/dietGuidelines/1009556.html
海参粥,https://www.dayi.org.cn/dietGuidelines/1009663.html
琼玉膏,https://www.dayi.org.cn/dietGuidelines/1009418.html
樱桃酒,https://www.dayi.org.cn/dietGuidelines/1009472.html
金樱子炖猪小肚,https://www.dayi.org.cn/dietGuidelines/1009891.html
天麻鳝丝,https://www.dayi.org.cn/dietGuidelines/1009987.html
田七炖鸡,https://www.dayi.org.cn/dietGuidelines/1009291.html
白萝卜汁,https://www.dayi.org.cn/dietGuidelines/1009355.html
人参枸杞汤,https://www.dayi.org.cn/dietGuidelines/1009814.html
红枣木耳汤,https://www.dayi.org.cn/dietGuidelines/1009226.html
龙眼茶,https://www.dayi.org.cn/dietGuidelines/1009548.html
决明菊花茶,https://www.dayi.org.cn/dietGuidelines/1009847.html
归芪乌鸡汤,https://www.dayi.org.cn/dietGuidelines/1009931.html
姜附烧狗肉,https://www.dayi.org.cn/dietGuidelines/1007774.html
花生粥,https://www.dayi.org.cn/dietGuidelines/1009602.html
荷叶郁金降压粥,https://www.dayi.org.cn/dietGuidelines/1009858.html
赤小豆鲤鱼汤,https://www.dayi.org.cn/dietGuidelines/1007818.html
八仙茶,https://www.dayi.org.cn/dietGuidelines/1009645.html
桑枝茶,https://www.dayi.org.cn/dietGuidelines/1009741.html
龙眼酒,https://www.dayi.org.cn/dietGuidelines/1009174.html
三七炖鸡,https://www.dayi.org.cn/dietGuidelines/1009464.html
二乌汤,https://www.dayi.org.cn/dietGuidelines/1009932.html
斛苓沙参猪骨汤,https://www.dayi.org.cn/dietGuidelines/1010076.html
萝卜丝炒牛肉丝,https://www.dayi.org.cn/dietGuidelines/1009315.html
参杞酒,https://www.dayi.org.cn/dietGuidelines/1009795.html
山药糕,https://www.dayi.org.cn/dietGuidelines/1009678.html
戒烟糖,https://www.dayi.org.cn/dietGuidelines/1009817.html
玫瑰花茶,https://www.dayi.org.cn/dietGuidelines/1009284.html
山药玉竹白鸽汤,https://www.dayi.org.cn/dietGuidelines/1010067.html
威灵仙酒,https://www.dayi.org.cn/dietGuidelines/1007777.html
海带绿豆糖水,https://www.dayi.org.cn/dietGuidelines/1009605.html
牛筋汤,https://www.dayi.org.cn/dietGuidelines/1009797.html
桑菊薄竹饮,https://www.dayi.org.cn/dietGuidelines/1007569.html
绿豆粥,https://www.dayi.org.cn/dietGuidelines/1009166.html
羊肝丸,https://www.dayi.org.cn/dietGuidelines/1010103.html
柚子炖鸡,https://www.dayi.org.cn/dietGuidelines/1007862.html
生姜酒,https://www.dayi.org.cn/dietGuidelines/1009595.html
葱豉粥,https://www.dayi.org.cn/dietGuidelines/1009755.html
虫草酒,https://www.dayi.org.cn/dietGuidelines/1009649.html
山药豆腐汤,https://www.dayi.org.cn/dietGuidelines/1009841.html
杨梅酒,https://www.dayi.org.cn/dietGuidelines/1009340.html
平肝清热茶,https://www.dayi.org.cn/dietGuidelines/1007665.html
虾米粥,https://www.dayi.org.cn/dietGuidelines/1009287.html
冬虫夏草酒,https://www.dayi.org.cn/dietGuidelines/1009362.html
马鞭草茶,https://www.dayi.org.cn/dietGuidelines/1009211.html
乌梅饮,https://www.dayi.org.cn/dietGuidelines/1009243.html
蜂蜜蒸萝卜,https://www.dayi.org.cn/dietGuidelines/1009565.html
补阳汤,https://www.dayi.org.cn/dietGuidelines/1009853.html
韭菜炒鲜虾,https://www.dayi.org.cn/dietGuidelines/1009222.html
绿豆酒,https://www.dayi.org.cn/dietGuidelines/1009352.html
车前草茶,https://www.dayi.org.cn/dietGuidelines/1009459.html
健脾止泻汤,https://www.dayi.org.cn/dietGuidelines/1009566.html
阿胶鸡蛋汤,https://www.dayi.org.cn/dietGuidelines/1009854.html
鲫鱼赤小豆汤,https://www.dayi.org.cn/dietGuidelines/1009577.html
雪梨罗汉果汤,https://www.dayi.org.cn/dietGuidelines/1009737.html
人参猪肚,https://www.dayi.org.cn/dietGuidelines/1009900.html
益精豆腐焖土鸡,https://www.dayi.org.cn/dietGuidelines/1009128.html
糯米莲子粥,https://www.dayi.org.cn/dietGuidelines/1009386.html
丝瓜茶,https://www.dayi.org.cn/dietGuidelines/1009770.html
清咽饮,https://www.dayi.org.cn/dietGuidelines/1009171.html
苹果茶,https://www.dayi.org.cn/dietGuidelines/1009653.html
蜂蜜百合,https://www.dayi.org.cn/dietGuidelines/1009922.html
附子粥,https://www.dayi.org.cn/dietGuidelines/1007766.html
菊苗粥,https://www.dayi.org.cn/dietGuidelines/1009760.html
当归瘦肉汤,https://www.dayi.org.cn/dietGuidelines/1009419.html
鸡肝粥,https://www.dayi.org.cn/dietGuidelines/1009835.html
猪肺汤,https://www.dayi.org.cn/dietGuidelines/1009590.html
猪蹄汤,https://www.dayi.org.cn/dietGuidelines/1009654.html
地黄酒,https://www.dayi.org.cn/dietGuidelines/1009409.html
猪皮冻胶,https://www.dayi.org.cn/dietGuidelines/1009569.html
枣糕,https://www.dayi.org.cn/dietGuidelines/1009633.html
香椿鱼,https://www.dayi.org.cn/dietGuidelines/1009697.html
益母草粥,https://www.dayi.org.cn/dietGuidelines/1009729.html
茯苓皮饮,https://www.dayi.org.cn/dietGuidelines/1009825.html
黄精芡实猪肉汤,https://www.dayi.org.cn/dietGuidelines/1009098.html
五味子膏,https://www.dayi.org.cn/dietGuidelines/1009591.html
杜仲腰花,https://www.dayi.org.cn/dietGuidelines/1009216.html
玫瑰花饮,https://www.dayi.org.cn/dietGuidelines/1009442.html
清炖乌龟,https://www.dayi.org.cn/dietGuidelines/1009506.html
紫苏生姜汤,https://www.dayi.org.cn/dietGuidelines/1009570.html
灵芝大枣汤,https://www.dayi.org.cn/dietGuidelines/1009163.html
葫芦茶,https://www.dayi.org.cn/dietGuidelines/1009421.html
仙人掌茶,https://www.dayi.org.cn/dietGuidelines/1009549.html
橘红糕,https://www.dayi.org.cn/dietGuidelines/1009656.html
五味子茶,https://www.dayi.org.cn/dietGuidelines/1009848.html
白果乌鸡汤,https://www.dayi.org.cn/dietGuidelines/1009185.html
猪脚汤,https://www.dayi.org.cn/dietGuidelines/1009582.html
八宝豆腐,https://www.dayi.org.cn/dietGuidelines/1009646.html
茗粥,https://www.dayi.org.cn/dietGuidelines/1009806.html
莲子猪肚,https://www.dayi.org.cn/dietGuidelines/1009561.html
蒜泥羊肉,https://www.dayi.org.cn/dietGuidelines/1009753.html
白花蛇酒,https://www.dayi.org.cn/dietGuidelines/1007776.html
金莲花茶,https://www.dayi.org.cn/dietGuidelines/1009186.html
舒筋活络酒,https://www.dayi.org.cn/dietGuidelines/1009572.html
山药泥,https://www.dayi.org.cn/dietGuidelines/1009700.html
山药枸杞粥,https://www.dayi.org.cn/dietGuidelines/1009796.html
菠菜汤,https://www.dayi.org.cn/dietGuidelines/1009519.html
红枣膏,https://www.dayi.org.cn/dietGuidelines/1009551.html
赤豆红枣汤,https://www.dayi.org.cn/dietGuidelines/1009434.html
祛斑散,https://www.dayi.org.cn/dietGuidelines/1009562.html
何首乌煮鸡蛋,https://www.dayi.org.cn/dietGuidelines/1009754.html
天钩石藕饮,https://www.dayi.org.cn/dietGuidelines/1009091.html
杜仲猪腰,https://www.dayi.org.cn/dietGuidelines/1009155.html
鸡骨草茶,https://www.dayi.org.cn/dietGuidelines/1009541.html
灯心竹叶汤,https://www.dayi.org.cn/dietGuidelines/1007664.html
酒糟蛋,https://www.dayi.org.cn/dietGuidelines/1009253.html
紫苏粥,https://www.dayi.org.cn/dietGuidelines/1009404.html
土茯苓猪骨汤,https://www.dayi.org.cn/dietGuidelines/1009415.html
灵芝炖乳鸽,https://www.dayi.org.cn/dietGuidelines/1009607.html
三花减肥茶,https://www.dayi.org.cn/dietGuidelines/1009639.html
清蒸甲鱼,https://www.dayi.org.cn/dietGuidelines/1009767.html
银耳莲子羹,https://www.dayi.org.cn/dietGuidelines/1009298.html
乌鸡白凤汤,https://www.dayi.org.cn/dietGuidelines/1009810.html
茯苓赤小豆粥,https://www.dayi.org.cn/dietGuidelines/1009147.html
罗汉果茶,https://www.dayi.org.cn/dietGuidelines/1009704.html
鲍鱼汤,https://www.dayi.org.cn/dietGuidelines/1009299.html
黑芝麻茶,https://www.dayi.org.cn/dietGuidelines/1009374.html
清蒸鸽子,https://www.dayi.org.cn/dietGuidelines/1009470.html
藕粉糕,https://www.dayi.org.cn/dietGuidelines/1009534.html
神仙鸭,https://www.dayi.org.cn/dietGuidelines/1009127.html
茯苓酒,https://www.dayi.org.cn/dietGuidelines/1009449.html
乌鸡补血汤,https://www.dayi.org.cn/dietGuidelines/1009545.html
番薯粥,https://www.dayi.org.cn/dietGuidelines/1009609.html
长生固本酒,https://www.dayi.org.cn/dietGuidelines/1010096.html
乌梅膏,https://www.dayi.org.cn/dietGuidelines/1009396.html
杜仲羊肾汤,https://www.dayi.org.cn/dietGuidelines/1009149.html
姜酒,https://www.dayi.org.cn/dietGuidelines/1009503.html
桑寄生茶,https://www.dayi.org.cn/dietGuidelines/1009257.html
山楂汁,https://www.dayi.org.cn/dietGuidelines/1009642.html
枸杞茶,https://www.dayi.org.cn/dietGuidelines/1009268.html
雪梨膏,https://www.dayi.org.cn/dietGuidelines/1009696.html
红枣糯米粥,https://www.dayi.org.cn/dietGuidelines/1009451.html
甘蔗粥,https://www.dayi.org.cn/dietGuidelines/1009547.html
银鱼粥,https://www.dayi.org.cn/dietGuidelines/1009902.html
炖猪腰,https://www.dayi.org.cn/dietGuidelines/1009204.html
韭菜炒猪腰,https://www.dayi.org.cn/dietGuidelines/1009558.html
健美茶,https://www.dayi.org.cn/dietGuidelines/1010010.html
蒲金酒,https://www.dayi.org.cn/dietGuidelines/1007636.html
鲫鱼粥,https://www.dayi.org.cn/dietGuidelines/1009345.html
杜香山楂粥,https://www.dayi.org.cn/dietGuidelines/1009130.html
萝卜粥,https://www.dayi.org.cn/dietGuidelines/1009259.html
竹叶粥,https://www.dayi.org.cn/dietGuidelines/1007610.html
西施舌,https://www.dayi.org.cn/dietGuidelines/1009335.html
粟米粥,https://www.dayi.org.cn/dietGuidelines/1009399.html
板栗烧牛肉,https://www.dayi.org.cn/dietGuidelines/1009559.html
木瓜汤,https://www.dayi.org.cn/dietGuidelines/1009815.html
川芎白芷鱼头汤,https://www.dayi.org.cn/dietGuidelines/1010075.html
百部生姜汁,https://www.dayi.org.cn/dietGuidelines/1007890.html
苦瓜汁,https://www.dayi.org.cn/dietGuidelines/1009410.html
姜糖苏叶饮,https://www.dayi.org.cn/dietGuidelines/1007564.html
枸杞蒸蛋,https://www.dayi.org.cn/dietGuidelines/1009195.html
吴茱萸粥,https://www.dayi.org.cn/dietGuidelines/1007736.html
蘑菇豆腐,https://www.dayi.org.cn/dietGuidelines/1009400.html
玉米糊,https://www.dayi.org.cn/dietGuidelines/1009528.html
胖大海茶,https://www.dayi.org.cn/dietGuidelines/1009752.html
清爽茶,https://www.dayi.org.cn/dietGuidelines/1009153.html
红薯粥,https://www.dayi.org.cn/dietGuidelines/1009635.html
首乌茶,https://www.dayi.org.cn/dietGuidelines/1009731.html
醋泡海带,https://www.dayi.org.cn/dietGuidelines/1009358.html
山楂茶,https://www.dayi.org.cn/dietGuidelines/1009614.html
核桃仁炒韭菜,https://www.dayi.org.cn/dietGuidelines/1009239.html
决明子茶,https://www.dayi.org.cn/dietGuidelines/1009529.html
杏仁粥,https://www.dayi.org.cn/dietGuidelines/1007897.html
山楂枸杞茶,https://www.dayi.org.cn/dietGuidelines/1009668.html
双母蒸甲鱼,https://www.dayi.org.cn/dietGuidelines/1007704.html
板栗煲鸡汤,https://www.dayi.org.cn/dietGuidelines/1009583.html
芝麻核桃糖,https://www.dayi.org.cn/dietGuidelines/1009818.html
蛤蚧粥,https://www.dayi.org.cn/dietGuidelines/1007902.html
参枣汤,https://www.dayi.org.cn/dietGuidelines/1009219.html
养胃茶,https://www.dayi.org.cn/dietGuidelines/1009413.html
鸡内金散,https://www.dayi.org.cn/dietGuidelines/1009477.html
刺梨酒,https://www.dayi.org.cn/dietGuidelines/1009733.html
法制猪肚方,https://www.dayi.org.cn/dietGuidelines/1009896.html
归参山药猪腰,https://www.dayi.org.cn/dietGuidelines/1009263.html
芝麻丸,https://www.dayi.org.cn/dietGuidelines/1009424.html
槐花酒,https://www.dayi.org.cn/dietGuidelines/1009241.html
水煮豌豆,https://www.dayi.org.cn/dietGuidelines/1009286.html
蒲公英汤,https://www.dayi.org.cn/dietGuidelines/1009510.html
沙苑子茶,https://www.dayi.org.cn/dietGuidelines/1009638.html
甘蔗白藕汁,https://www.dayi.org.cn/dietGuidelines/1007836.html
山楂粥,https://www.dayi.org.cn/dietGuidelines/1009425.html
气虚狗肉汤,https://www.dayi.org.cn/dietGuidelines/1010104.html
山药芡薏粥,https://www.dayi.org.cn/dietGuidelines/1009146.html
胡萝卜炒猪肝,https://www.dayi.org.cn/dietGuidelines/1009189.html
荷叶茶,https://www.dayi.org.cn/dietGuidelines/1009221.html
消炎利胆茶,https://www.dayi.org.cn/dietGuidelines/1009254.html
金钱草饮,https://www.dayi.org.cn/dietGuidelines/1007839.html
川贝蒸雪梨,https://www.dayi.org.cn/dietGuidelines/1009458.html
艾叶炖母鸡,https://www.dayi.org.cn/dietGuidelines/1009714.html
菊花酒,https://www.dayi.org.cn/dietGuidelines/1009661.html
柚皮茶,https://www.dayi.org.cn/dietGuidelines/1009693.html
山药羊肉汤,https://www.dayi.org.cn/dietGuidelines/1009789.html
天花粉粥,https://www.dayi.org.cn/dietGuidelines/1007683.html
阿胶散,https://www.dayi.org.cn/dietGuidelines/1009640.html
薄荷茶,https://www.dayi.org.cn/dietGuidelines/1007573.html
干姜茶,https://www.dayi.org.cn/dietGuidelines/1009201.html
胡萝卜烧羊肉,https://www.dayi.org.cn/dietGuidelines/1009266.html
姜茶饮,https://www.dayi.org.cn/dietGuidelines/1009715.html
金钱草茶,https://www.dayi.org.cn/dietGuidelines/1009843.html
防风粥,https://www.dayi.org.cn/dietGuidelines/1007401.html
神仙药酒丸,https://www.dayi.org.cn/dietGuidelines/1009046.html
壮阳狗肉汤,https://www.dayi.org.cn/dietGuidelines/1009223.html
当归酒,https://www.dayi.org.cn/dietGuidelines/1009673.html
羊杂面,https://www.dayi.org.cn/dietGuidelines/1009300.html
蜜茶,https://www.dayi.org.cn/dietGuidelines/1009364.html
风湿骨痛药酒,https://www.dayi.org.cn/dietGuidelines/1009460.html
青蒿粥,https://www.dayi.org.cn/dietGuidelines/1009780.html
龟肉炖虫草,https://www.dayi.org.cn/dietGuidelines/1009975.html
菠萝汁,https://www.dayi.org.cn/dietGuidelines/1009514.html
枸杞海参鸽蛋汤,https://www.dayi.org.cn/dietGuidelines/1009961.html
归参炖母鸡,https://www.dayi.org.cn/dietGuidelines/1009998.html
桃花粥,https://www.dayi.org.cn/dietGuidelines/1007731.html
萝卜鲫鱼汤,https://www.dayi.org.cn/dietGuidelines/1009182.html
山药粥,https://www.dayi.org.cn/dietGuidelines/1009344.html
青果酒,https://www.dayi.org.cn/dietGuidelines/1009792.html
冬瓜粥,https://www.dayi.org.cn/dietGuidelines/1007814.html
雪花酒,https://www.dayi.org.cn/dietGuidelines/1009323.html
茉莉花茶,https://www.dayi.org.cn/dietGuidelines/1009483.html
桑菊薏仁茶,https://www.dayi.org.cn/dietGuidelines/1009076.html
天麻炖猪脑,https://www.dayi.org.cn/dietGuidelines/1009398.html
双花茶,https://www.dayi.org.cn/dietGuidelines/1009462.html
发汗豉粥,https://www.dayi.org.cn/dietGuidelines/1007566.html
银花茶,https://www.dayi.org.cn/dietGuidelines/1007567.html
芫荽发疹饮,https://www.dayi.org.cn/dietGuidelines/1007570.html
豉粥,https://www.dayi.org.cn/dietGuidelines/1007572.html
石膏乌梅饮,https://www.dayi.org.cn/dietGuidelines/1007615.html
生地黄粥,https://www.dayi.org.cn/dietGuidelines/1007620.html
二根西瓜盅,https://www.dayi.org.cn/dietGuidelines/1007622.html
清络饮,https://www.dayi.org.cn/dietGuidelines/1007627.html
解暑酱包兔,https://www.dayi.org.cn/dietGuidelines/1007628.html
银翘二根饮,https://www.dayi.org.cn/dietGuidelines/1007633.html
板蓝银花茶,https://www.dayi.org.cn/dietGuidelines/1007645.html
马齿苋绿豆粥,https://www.dayi.org.cn/dietGuidelines/1007663.html
牙痛茶,https://www.dayi.org.cn/dietGuidelines/1007685.html
绿头鸭羹,https://www.dayi.org.cn/dietGuidelines/1007693.html
地骨皮饮,https://www.dayi.org.cn/dietGuidelines/1007698.html
麻子苏子粥,https://www.dayi.org.cn/dietGuidelines/1007711.html
郁李仁粥,https://www.dayi.org.cn/dietGuidelines/1007715.html
蜂蜜决明茶,https://www.dayi.org.cn/dietGuidelines/1007719.html
牛髓膏,https://www.dayi.org.cn/dietGuidelines/1007722.html
六味牛肉脯,https://www.dayi.org.cn/dietGuidelines/1007759.html
川乌粥,https://www.dayi.org.cn/dietGuidelines/1007762.html
桂浆粥,https://www.dayi.org.cn/dietGuidelines/1007773.html
胡椒根煲蛇肉,https://www.dayi.org.cn/dietGuidelines/1007784.html
薏苡仁粥,https://www.dayi.org.cn/dietGuidelines/1007813.html
丝瓜花鲫鱼汤,https://www.dayi.org.cn/dietGuidelines/1007819.html
金钱草炖猪蹄,https://www.dayi.org.cn/dietGuidelines/1007821.html
滑石粥,https://www.dayi.org.cn/dietGuidelines/1007835.html
栀子仁粥,https://www.dayi.org.cn/dietGuidelines/1007846.html
白茅根炖猪肉,https://www.dayi.org.cn/dietGuidelines/1007849.html
桔红糕,https://www.dayi.org.cn/dietGuidelines/1007859.html
瓜蒌饼,https://www.dayi.org.cn/dietGuidelines/1007860.html
真君粥,https://www.dayi.org.cn/dietGuidelines/1007872.html
杏仁猪肺粥,https://www.dayi.org.cn/dietGuidelines/1007878.html
杏仁饼,https://www.dayi.org.cn/dietGuidelines/1007893.html
腐皮白果粥,https://www.dayi.org.cn/dietGuidelines/1007905.html
荸荠内金饼,https://www.dayi.org.cn/dietGuidelines/1009055.html
神曲丁香茶,https://www.dayi.org.cn/dietGuidelines/1009058.html
健脾消食蛋羹,https://www.dayi.org.cn/dietGuidelines/1009065.html
栀子桔梗薄荷茶,https://www.dayi.org.cn/dietGuidelines/1009067.html
荷豆陈皮麻鸭汤,https://www.dayi.org.cn/dietGuidelines/1009068.html
参杞黑枣炖羊排,https://www.dayi.org.cn/dietGuidelines/1009069.html
清香竹叶爆鸡丁,https://www.dayi.org.cn/dietGuidelines/1009070.html
淮豉煲小排,https://www.dayi.org.cn/dietGuidelines/1009071.html
桂韭姜虾,https://www.dayi.org.cn/dietGuidelines/1009072.html
龙眼枣仁煲牛肉,https://www.dayi.org.cn/dietGuidelines/1009073.html
乌芡橄榄蒸扣肉,https://www.dayi.org.cn/dietGuidelines/1009074.html
莲籽荷叶蒸湖鸭,https://www.dayi.org.cn/dietGuidelines/1009075.html
山药茴香燕麦粥,https://www.dayi.org.cn/dietGuidelines/1009078.html
二花鲫鱼汤,https://www.dayi.org.cn/dietGuidelines/1009079.html
桑牡苹果炖乌鸡,https://www.dayi.org.cn/dietGuidelines/1009080.html
天麻汆鱼片,https://www.dayi.org.cn/dietGuidelines/1009081.html
决明子粥,https://www.dayi.org.cn/dietGuidelines/1009082.html
橘皮瓜茸拌莴笋,https://www.dayi.org.cn/dietGuidelines/1009083.html
天麻菊花粥,https://www.dayi.org.cn/dietGuidelines/1009084.html
玉姜平菇炒牛肉,https://www.dayi.org.cn/dietGuidelines/1009085.html
玉竹杏仁煲老鸭,https://www.dayi.org.cn/dietGuidelines/1009086.html
花椒当归炖草鱼,https://www.dayi.org.cn/dietGuidelines/1009087.html
百冬灌藕,https://www.dayi.org.cn/dietGuidelines/1009088.html
汉果百合蒸黄鱼,https://www.dayi.org.cn/dietGuidelines/1009089.html
扁豆大枣蒸鲈鱼,https://www.dayi.org.cn/dietGuidelines/1009090.html
黄杞香菇拌凉面,https://www.dayi.org.cn/dietGuidelines/1009092.html
枣芡扁豆羊骨粥,https://www.dayi.org.cn/dietGuidelines/1009093.html
枣仁百合烧乌鸡,https://www.dayi.org.cn/dietGuidelines/1009094.html
枸杞五味粥,https://www.dayi.org.cn/dietGuidelines/1009096.html
板栗烧鸡块,https://www.dayi.org.cn/dietGuidelines/1009097.html
银耳杜仲羹,https://www.dayi.org.cn/dietGuidelines/1009099.html
木瓜山药蒸鳕鱼,https://www.dayi.org.cn/dietGuidelines/1009100.html
姜枣雪梨煲鲫鱼,https://www.dayi.org.cn/dietGuidelines/1009101.html
百杏龙苓南瓜粥,https://www.dayi.org.cn/dietGuidelines/1009102.html
葛粉羹,https://www.dayi.org.cn/dietGuidelines/1009103.html
内金麻芡蒸海蟹,https://www.dayi.org.cn/dietGuidelines/1009104.html
薄菊翠衣清凉饮,https://www.dayi.org.cn/dietGuidelines/1009105.html
橘红蜇皮鸭肉汤,https://www.dayi.org.cn/dietGuidelines/1009107.html
核桃天麻炖草鱼,https://www.dayi.org.cn/dietGuidelines/1009109.html
良姜大枣炖羊肉,https://www.dayi.org.cn/dietGuidelines/1009110.html
茅槐茄子萝卜丝,https://www.dayi.org.cn/dietGuidelines/1009111.html
参香甘枣炖牛肉,https://www.dayi.org.cn/dietGuidelines/1009112.html
百合佛手炖猪肉,https://www.dayi.org.cn/dietGuidelines/1009113.html
甘薄芦芝奶蕉糊,https://www.dayi.org.cn/dietGuidelines/1009116.html
枸杞大枣煮鲇鱼,https://www.dayi.org.cn/dietGuidelines/1009117.html
枸杞芝麻荠菜饼,https://www.dayi.org.cn/dietGuidelines/1009118.html
当归山药羊肉汤,https://www.dayi.org.cn/dietGuidelines/1009119.html
枸杞芦根丝瓜汤,https://www.dayi.org.cn/dietGuidelines/1009122.html
参姜菊花蒸鳝鱼,https://www.dayi.org.cn/dietGuidelines/1009123.html
良姜归枣炖鲍鱼,https://www.dayi.org.cn/dietGuidelines/1009124.html
麻茸莲子鹌鹑蛋,https://www.dayi.org.cn/dietGuidelines/1009125.html
豆蔻龙眼海参汤,https://www.dayi.org.cn/dietGuidelines/1009131.html
桂圆枣仁花生露,https://www.dayi.org.cn/dietGuidelines/1009132.html
滋养胃阴粥,https://www.dayi.org.cn/dietGuidelines/1009133.html
加味甘麦大枣羹,https://www.dayi.org.cn/dietGuidelines/1009135.html
刀豆茴香焖排骨,https://www.dayi.org.cn/dietGuidelines/1009136.html
杞淮苹果豌豆粥,https://www.dayi.org.cn/dietGuidelines/1009138.html
三七香附鸡汤,https://www.dayi.org.cn/dietGuidelines/1009139.html
山药干姜烤鹅肉,https://www.dayi.org.cn/dietGuidelines/1009140.html
三七梅花鸡煲,https://www.dayi.org.cn/dietGuidelines/1009141.html
橘皮山楂钩藤饮,https://www.dayi.org.cn/dietGuidelines/1009142.html
薏苡仁杏仁粥,https://www.dayi.org.cn/dietGuidelines/1009143.html
杜仲橘皮饮,https://www.dayi.org.cn/dietGuidelines/1009144.html
佩兰茶,https://www.dayi.org.cn/dietGuidelines/1009148.html
金橘茶,https://www.dayi.org.cn/dietGuidelines/1009151.html
鱼腥草煲猪肺,https://www.dayi.org.cn/dietGuidelines/1009154.html
九月肉片,https://www.dayi.org.cn/dietGuidelines/1009156.html
健脾粉,https://www.dayi.org.cn/dietGuidelines/1009157.html
杏仁糖,https://www.dayi.org.cn/dietGuidelines/1009159.html
菱角粥,https://www.dayi.org.cn/dietGuidelines/1009161.html
枸杞子酒,https://www.dayi.org.cn/dietGuidelines/1009164.html
银杞明目汤,https://www.dayi.org.cn/dietGuidelines/1009165.html
薄荷粥,https://www.dayi.org.cn/dietGuidelines/1009167.html
黄芪羊脖粥,https://www.dayi.org.cn/dietGuidelines/1009170.html
鹿鞭壮阳汤,https://www.dayi.org.cn/dietGuidelines/1009173.html
鸡子汤,https://www.dayi.org.cn/dietGuidelines/1009175.html
芹菜肉丝,https://www.dayi.org.cn/dietGuidelines/1009178.html
椰子浆,https://www.dayi.org.cn/dietGuidelines/1009180.html
松子仁粥,https://www.dayi.org.cn/dietGuidelines/1009184.html
鲤鱼粥,https://www.dayi.org.cn/dietGuidelines/1009190.html
田螺汤,https://www.dayi.org.cn/dietGuidelines/1009192.html
绿豆汤,https://www.dayi.org.cn/dietGuidelines/1009194.html
白萝卜干,https://www.dayi.org.cn/dietGuidelines/1009196.html
薏米莲子粥,https://www.dayi.org.cn/dietGuidelines/1009197.html
糖醋海带丝,https://www.dayi.org.cn/dietGuidelines/1009198.html
如意酒,https://www.dayi.org.cn/dietGuidelines/1009200.html
山药大枣粥,https://www.dayi.org.cn/dietGuidelines/1009205.html
泡洋葱,https://www.dayi.org.cn/dietGuidelines/1009207.html
鲤鱼汤,https://www.dayi.org.cn/dietGuidelines/1009209.html
泡银耳,https://www.dayi.org.cn/dietGuidelines/1009212.html
灵芝鸡,https://www.dayi.org.cn/dietGuidelines/1009213.html
海带黄豆汤,https://www.dayi.org.cn/dietGuidelines/1009217.html
茴香汤,https://www.dayi.org.cn/dietGuidelines/1009224.html
鸡蛋羹,https://www.dayi.org.cn/dietGuidelines/1009228.html
珠玉二宝粥,https://www.dayi.org.cn/dietGuidelines/1009230.html
茴香茶,https://www.dayi.org.cn/dietGuidelines/1009231.html
止咳茶,https://www.dayi.org.cn/dietGuidelines/1009235.html
艾叶汤,https://www.dayi.org.cn/dietGuidelines/1009236.html
鸡血藤酒,https://www.dayi.org.cn/dietGuidelines/1009237.html
健胃茶,https://www.dayi.org.cn/dietGuidelines/1009238.html
绿豆饮,https://www.dayi.org.cn/dietGuidelines/1009240.html
五味鸡,https://www.dayi.org.cn/dietGuidelines/1009242.html
素炒绿豆芽,https://www.dayi.org.cn/dietGuidelines/1009244.html
桂花粥,https://www.dayi.org.cn/dietGuidelines/1009247.html
核桃仁粥,https://www.dayi.org.cn/dietGuidelines/1009248.html
高粱粥,https://www.dayi.org.cn/dietGuidelines/1009250.html
烧海参,https://www.dayi.org.cn/dietGuidelines/1009252.html
通草猪蹄汤,https://www.dayi.org.cn/dietGuidelines/1009256.html
萝卜羊肉汤,https://www.dayi.org.cn/dietGuidelines/1009258.html
玉露糕,https://www.dayi.org.cn/dietGuidelines/1009260.html
龙眼肉粥,https://www.dayi.org.cn/dietGuidelines/1009261.html
三叶茶,https://www.dayi.org.cn/dietGuidelines/1009267.html
土茯苓炖龟,https://www.dayi.org.cn/dietGuidelines/1009269.html
川贝梨,https://www.dayi.org.cn/dietGuidelines/1009270.html
白木耳粥,https://www.dayi.org.cn/dietGuidelines/1009271.html
莲子小米粥,https://www.dayi.org.cn/dietGuidelines/1009272.html
荷叶叫花鸡,https://www.dayi.org.cn/dietGuidelines/1009274.html
丝瓜汁,https://www.dayi.org.cn/dietGuidelines/1009275.html
乌梅红枣汤,https://www.dayi.org.cn/dietGuidelines/1009278.html
花生糖,https://www.dayi.org.cn/dietGuidelines/1009279.html
百解茶,https://www.dayi.org.cn/dietGuidelines/1009281.html
黑豆莲藕鸡汤,https://www.dayi.org.cn/dietGuidelines/1009282.html
核桃猪腰,https://www.dayi.org.cn/dietGuidelines/1009285.html
青刺尖茶,https://www.dayi.org.cn/dietGuidelines/1009288.html
健脾糕,https://www.dayi.org.cn/dietGuidelines/1009289.html
芹菜茶,https://www.dayi.org.cn/dietGuidelines/1009290.html
葡萄酒,https://www.dayi.org.cn/dietGuidelines/1009292.html
玉米粉粥,https://www.dayi.org.cn/dietGuidelines/1009293.html
烧蘑菇,https://www.dayi.org.cn/dietGuidelines/1009295.html
羊肉萝卜汤,https://www.dayi.org.cn/dietGuidelines/1009296.html
杏仁奶茶,https://www.dayi.org.cn/dietGuidelines/1009297.html
海参羊肉汤,https://www.dayi.org.cn/dietGuidelines/1009301.html
鸡蛋萝卜,https://www.dayi.org.cn/dietGuidelines/1009302.html
芹菜汁,https://www.dayi.org.cn/dietGuidelines/1009306.html
海带粥,https://www.dayi.org.cn/dietGuidelines/1009308.html
罗汉果饮,https://www.dayi.org.cn/dietGuidelines/1009310.html
炒银杏,https://www.dayi.org.cn/dietGuidelines/1009313.html
状元红酒,https://www.dayi.org.cn/dietGuidelines/1009314.html
扁豆红枣汤,https://www.dayi.org.cn/dietGuidelines/1009316.html
炖鲤鱼,https://www.dayi.org.cn/dietGuidelines/1009318.html
炒银耳,https://www.dayi.org.cn/dietGuidelines/1009320.html
桑叶茶,https://www.dayi.org.cn/dietGuidelines/1009321.html
萝卜海带汤,https://www.dayi.org.cn/dietGuidelines/1009322.html
夏枯草煲猪肉,https://www.dayi.org.cn/dietGuidelines/1009325.html
秫米粥,https://www.dayi.org.cn/dietGuidelines/1009327.html
香酥山药,https://www.dayi.org.cn/dietGuidelines/1009328.html
莲子心茶,https://www.dayi.org.cn/dietGuidelines/1009330.html
猪胆酒,https://www.dayi.org.cn/dietGuidelines/1009331.html
柚子茶,https://www.dayi.org.cn/dietGuidelines/1009333.html
银耳鸡汤,https://www.dayi.org.cn/dietGuidelines/1009334.html
桂圆莲子粥,https://www.dayi.org.cn/dietGuidelines/1009336.html
栗子糕,https://www.dayi.org.cn/dietGuidelines/1009337.html
鸡肉馄饨,https://www.dayi.org.cn/dietGuidelines/1009338.html
葱烧海参,https://www.dayi.org.cn/dietGuidelines/1009339.html
煮番薯,https://www.dayi.org.cn/dietGuidelines/1009341.html
牛乳红茶,https://www.dayi.org.cn/dietGuidelines/1009342.html
蛋花粥,https://www.dayi.org.cn/dietGuidelines/1009343.html
凉拌银耳,https://www.dayi.org.cn/dietGuidelines/1009346.html
糯米饭,https://www.dayi.org.cn/dietGuidelines/1009347.html
银杏叶茶,https://www.dayi.org.cn/dietGuidelines/1009348.html
猪肾粥,https://www.dayi.org.cn/dietGuidelines/1009350.html
煮银耳,https://www.dayi.org.cn/dietGuidelines/1009353.html
葱白粥,https://www.dayi.org.cn/dietGuidelines/1009354.html
粳米粥,https://www.dayi.org.cn/dietGuidelines/1009356.html
鲜菇汤,https://www.dayi.org.cn/dietGuidelines/1009357.html
橘饼,https://www.dayi.org.cn/dietGuidelines/1009359.html
糯米粥,https://www.dayi.org.cn/dietGuidelines/1009361.html
桂花露,https://www.dayi.org.cn/dietGuidelines/1009368.html
清咽茶,https://www.dayi.org.cn/dietGuidelines/1009371.html
清热茶,https://www.dayi.org.cn/dietGuidelines/1009372.html
青梅酒,https://www.dayi.org.cn/dietGuidelines/1009377.html
清炒竹笋,https://www.dayi.org.cn/dietGuidelines/1009378.html
凉拌芹菜,https://www.dayi.org.cn/dietGuidelines/1009382.html
蒸银耳,https://www.dayi.org.cn/dietGuidelines/1009383.html
蜜饯山楂,https://www.dayi.org.cn/dietGuidelines/1009384.html
藕粥,https://www.dayi.org.cn/dietGuidelines/1009385.html
猪肚粥,https://www.dayi.org.cn/dietGuidelines/1009387.html
山楂花茶,https://www.dayi.org.cn/dietGuidelines/1009388.html
清汤燕窝,https://www.dayi.org.cn/dietGuidelines/1009389.html
山楂核桃茶,https://www.dayi.org.cn/dietGuidelines/1009390.html
清蒸茄子,https://www.dayi.org.cn/dietGuidelines/1009391.html
冰糖燕窝,https://www.dayi.org.cn/dietGuidelines/1009392.html
绿豆海带粥,https://www.dayi.org.cn/dietGuidelines/1009393.html
田七鸡,https://www.dayi.org.cn/dietGuidelines/1009401.html
白萝卜茶,https://www.dayi.org.cn/dietGuidelines/1009402.html
冰糖银耳汤,https://www.dayi.org.cn/dietGuidelines/1009403.html
杏仁茶,https://www.dayi.org.cn/dietGuidelines/1009405.html
补骨脂丸,https://www.dayi.org.cn/dietGuidelines/1009406.html
地黄煎,https://www.dayi.org.cn/dietGuidelines/1009411.html
萝卜丝饼,https://www.dayi.org.cn/dietGuidelines/1009412.html
番茄煮牛肉,https://www.dayi.org.cn/dietGuidelines/1009414.html
花生炖猪蹄,https://www.dayi.org.cn/dietGuidelines/1009416.html
炒豆腐皮,https://www.dayi.org.cn/dietGuidelines/1009417.html
大米胡萝卜粥,https://www.dayi.org.cn/dietGuidelines/1009420.html
羊肺汤,https://www.dayi.org.cn/dietGuidelines/1009422.html
三七蒸鸡,https://www.dayi.org.cn/dietGuidelines/1009423.html
胡萝卜汁,https://www.dayi.org.cn/dietGuidelines/1009426.html
杏仁汤,https://www.dayi.org.cn/dietGuidelines/1009427.html
小麦粥,https://www.dayi.org.cn/dietGuidelines/1009428.html
冰糖话梅,https://www.dayi.org.cn/dietGuidelines/1009431.html
无花果粥,https://www.dayi.org.cn/dietGuidelines/1009433.html
苏粥,https://www.dayi.org.cn/dietGuidelines/1009438.html
山药芡实粥,https://www.dayi.org.cn/dietGuidelines/1009439.html
杏仁燕窝,https://www.dayi.org.cn/dietGuidelines/1009440.html
蜜汁红薯,https://www.dayi.org.cn/dietGuidelines/1009441.html
鸡子饼,https://www.dayi.org.cn/dietGuidelines/1009444.html
鱼肉粥,https://www.dayi.org.cn/dietGuidelines/1009445.html
马铃薯汁,https://www.dayi.org.cn/dietGuidelines/1009447.html
板蓝根茶,https://www.dayi.org.cn/dietGuidelines/1009448.html
枸杞子茶,https://www.dayi.org.cn/dietGuidelines/1009450.html
姜露,https://www.dayi.org.cn/dietGuidelines/1009452.html
扁豆粥,https://www.dayi.org.cn/dietGuidelines/1009453.html
桂圆膏,https://www.dayi.org.cn/dietGuidelines/1009454.html
大枣汤,https://www.dayi.org.cn/dietGuidelines/1009457.html
莲子银耳汤,https://www.dayi.org.cn/dietGuidelines/1009465.html
黄花菜汤,https://www.dayi.org.cn/dietGuidelines/1009467.html
菠菜粥,https://www.dayi.org.cn/dietGuidelines/1009469.html
清蒸鳗鱼,https://www.dayi.org.cn/dietGuidelines/1009471.html
板栗烧鸡,https://www.dayi.org.cn/dietGuidelines/1009473.html
白果蒸鸡蛋,https://www.dayi.org.cn/dietGuidelines/1009475.html
安神茶,https://www.dayi.org.cn/dietGuidelines/1009476.html
清炖鲫鱼,https://www.dayi.org.cn/dietGuidelines/1009479.html
椰汁鸡,https://www.dayi.org.cn/dietGuidelines/1009481.html
蒸饼,https://www.dayi.org.cn/dietGuidelines/1009482.html
松子粥,https://www.dayi.org.cn/dietGuidelines/1009484.html
东坡肘子,https://www.dayi.org.cn/dietGuidelines/1009486.html
松酒,https://www.dayi.org.cn/dietGuidelines/1009487.html
胡萝卜猪肝汤,https://www.dayi.org.cn/dietGuidelines/1009488.html
清蒸鲫鱼,https://www.dayi.org.cn/dietGuidelines/1009491.html
苦瓜茶,https://www.dayi.org.cn/dietGuidelines/1009494.html
杜仲茶,https://www.dayi.org.cn/dietGuidelines/1009497.html
芹菜炒香菇,https://www.dayi.org.cn/dietGuidelines/1009498.html
苦瓜豆腐汤,https://www.dayi.org.cn/dietGuidelines/1009499.html
炖银耳,https://www.dayi.org.cn/dietGuidelines/1009500.html
炖猪肚,https://www.dayi.org.cn/dietGuidelines/1009501.html
鸭肉粥,https://www.dayi.org.cn/dietGuidelines/1009504.html
淡菜汤,https://www.dayi.org.cn/dietGuidelines/1009507.html
绿豆糯米粥,https://www.dayi.org.cn/dietGuidelines/1009508.html
煮豌豆,https://www.dayi.org.cn/dietGuidelines/1009509.html
丹参茶,https://www.dayi.org.cn/dietGuidelines/1009511.html
玫瑰糕,https://www.dayi.org.cn/dietGuidelines/1009512.html
红烧鸭子,https://www.dayi.org.cn/dietGuidelines/1009515.html
蘑菇炒肉,https://www.dayi.org.cn/dietGuidelines/1009524.html
杏仁豆腐,https://www.dayi.org.cn/dietGuidelines/1009527.html
石榴汁,https://www.dayi.org.cn/dietGuidelines/1009533.html
糯米红枣粥,https://www.dayi.org.cn/dietGuidelines/1009535.html
玫瑰花露,https://www.dayi.org.cn/dietGuidelines/1009537.html
白术膏,https://www.dayi.org.cn/dietGuidelines/1009538.html
冰糖甲鱼,https://www.dayi.org.cn/dietGuidelines/1009539.html
冰糖湘莲,https://www.dayi.org.cn/dietGuidelines/1009540.html
艾叶茶,https://www.dayi.org.cn/dietGuidelines/1009543.html
火腿汤,https://www.dayi.org.cn/dietGuidelines/1009546.html
阿胶粥,https://www.dayi.org.cn/dietGuidelines/1009552.html
荔枝红枣汤,https://www.dayi.org.cn/dietGuidelines/1009554.html
八仙糕,https://www.dayi.org.cn/dietGuidelines/1009555.html
鸡蛋豆浆,https://www.dayi.org.cn/dietGuidelines/1009557.html
栗子烧鸡块,https://www.dayi.org.cn/dietGuidelines/1009563.html
橘皮茶,https://www.dayi.org.cn/dietGuidelines/1009568.html
八卦汤,https://www.dayi.org.cn/dietGuidelines/1009571.html
黄芪炖鸡,https://www.dayi.org.cn/dietGuidelines/1009573.html
清蒸带鱼,https://www.dayi.org.cn/dietGuidelines/1009578.html
鲫鱼糯米粥,https://www.dayi.org.cn/dietGuidelines/1009580.html
番茄汁,https://www.dayi.org.cn/dietGuidelines/1009581.html
丁香茉莉花茶,https://www.dayi.org.cn/dietGuidelines/1009588.html
鸭粥,https://www.dayi.org.cn/dietGuidelines/1009589.html
丁香梨,https://www.dayi.org.cn/dietGuidelines/1009592.html
土茯苓茶,https://www.dayi.org.cn/dietGuidelines/1009593.html
白茯苓粥,https://www.dayi.org.cn/dietGuidelines/1009594.html
大豆酒,https://www.dayi.org.cn/dietGuidelines/1009596.html
红枣汤,https://www.dayi.org.cn/dietGuidelines/1009599.html
山腊梅茶,https://www.dayi.org.cn/dietGuidelines/1009601.html
无花果叶茶,https://www.dayi.org.cn/dietGuidelines/1009603.html
何首乌粥,https://www.dayi.org.cn/dietGuidelines/1009606.html
烤大虾,https://www.dayi.org.cn/dietGuidelines/1009610.html
乌发糖,https://www.dayi.org.cn/dietGuidelines/1009613.html
海参汤,https://www.dayi.org.cn/dietGuidelines/1009617.html
龙眼莲子粥,https://www.dayi.org.cn/dietGuidelines/1009618.html
炒绿豆芽,https://www.dayi.org.cn/dietGuidelines/1009619.html
栗子鸡,https://www.dayi.org.cn/dietGuidelines/1009620.html
生绿豆粉,https://www.dayi.org.cn/dietGuidelines/1009621.html
姜汁菠菜,https://www.dayi.org.cn/dietGuidelines/1009622.html
代参膏,https://www.dayi.org.cn/dietGuidelines/1009623.html
白雪糕,https://www.dayi.org.cn/dietGuidelines/1009627.html
芭蕉汁,https://www.dayi.org.cn/dietGuidelines/1009628.html
猪肚丸,https://www.dayi.org.cn/dietGuidelines/1009630.html
何首乌酒,https://www.dayi.org.cn/dietGuidelines/1009632.html
鸡骨草煲红枣,https://www.dayi.org.cn/dietGuidelines/1009644.html
丝瓜粥,https://www.dayi.org.cn/dietGuidelines/1009648.html
木瓜粥,https://www.dayi.org.cn/dietGuidelines/1009650.html
赤小豆汤,https://www.dayi.org.cn/dietGuidelines/1009651.html
芹菜粥,https://www.dayi.org.cn/dietGuidelines/1009652.html
燕窝银耳汤,https://www.dayi.org.cn/dietGuidelines/1009655.html
红烧兔肉,https://www.dayi.org.cn/dietGuidelines/1009657.html
糖卷果,https://www.dayi.org.cn/dietGuidelines/1009658.html
猪肺止咳汤,https://www.dayi.org.cn/dietGuidelines/1009659.html
陈皮鸽松,https://www.dayi.org.cn/dietGuidelines/1009664.html
荷叶粥,https://www.dayi.org.cn/dietGuidelines/1009665.html
苹果汁,https://www.dayi.org.cn/dietGuidelines/1009667.html
天门冬酒,https://www.dayi.org.cn/dietGuidelines/1009676.html
青蒿茶,https://www.dayi.org.cn/dietGuidelines/1009679.html
青粱米,https://www.dayi.org.cn/dietGuidelines/1009680.html
山楂酒,https://www.dayi.org.cn/dietGuidelines/1009681.html
艾叶鸡蛋汤,https://www.dayi.org.cn/dietGuidelines/1009683.html
海藻茶,https://www.dayi.org.cn/dietGuidelines/1009685.html
苦参酒,https://www.dayi.org.cn/dietGuidelines/1009686.html
茴香粥,https://www.dayi.org.cn/dietGuidelines/1009688.html
野菊花茶,https://www.dayi.org.cn/dietGuidelines/1009690.html
绿豆花生米粥,https://www.dayi.org.cn/dietGuidelines/1009691.html
枸杞蒸鸡,https://www.dayi.org.cn/dietGuidelines/1009694.html
桃仁粥,https://www.dayi.org.cn/dietGuidelines/1009695.html
黑豆粥,https://www.dayi.org.cn/dietGuidelines/1009698.html
咸柠檬茶,https://www.dayi.org.cn/dietGuidelines/1009706.html
鲫鱼当归散,https://www.dayi.org.cn/dietGuidelines/1009709.html
猪肝粥,https://www.dayi.org.cn/dietGuidelines/1009710.html
番薯糖水,https://www.dayi.org.cn/dietGuidelines/1009711.html
砂仁酒,https://www.dayi.org.cn/dietGuidelines/1009712.html
萝卜饼,https://www.dayi.org.cn/dietGuidelines/1009713.html
生炒糯米饭,https://www.dayi.org.cn/dietGuidelines/1009716.html
双耳海螺,https://www.dayi.org.cn/dietGuidelines/1009717.html
白及肺,https://www.dayi.org.cn/dietGuidelines/1009718.html
糯米阿胶粥,https://www.dayi.org.cn/dietGuidelines/1009719.html
旱莲草粳米粥,https://www.dayi.org.cn/dietGuidelines/1009720.html
首乌黑豆,https://www.dayi.org.cn/dietGuidelines/1009721.html
灵芝茶,https://www.dayi.org.cn/dietGuidelines/1009723.html
淡菜粥,https://www.dayi.org.cn/dietGuidelines/1009725.html
桂花羊肉,https://www.dayi.org.cn/dietGuidelines/1009728.html
炖鳗鱼,https://www.dayi.org.cn/dietGuidelines/1009730.html
核桃羹,https://www.dayi.org.cn/dietGuidelines/1009732.html
润肺化痰汤,https://www.dayi.org.cn/dietGuidelines/1009736.html
猪血菠菜汤,https://www.dayi.org.cn/dietGuidelines/1009739.html
猪肚糯米粥,https://www.dayi.org.cn/dietGuidelines/1009740.html
黄芩茶,https://www.dayi.org.cn/dietGuidelines/1009743.html
葡萄茶,https://www.dayi.org.cn/dietGuidelines/1009745.html
黄连酒,https://www.dayi.org.cn/dietGuidelines/1009746.html
菖蒲茶,https://www.dayi.org.cn/dietGuidelines/1009747.html
菟丝子粥,https://www.dayi.org.cn/dietGuidelines/1009748.html
黑木耳红枣汤,https://www.dayi.org.cn/dietGuidelines/1009756.html
苏子麻仁粥,https://www.dayi.org.cn/dietGuidelines/1009757.html
桃花馄饨,https://www.dayi.org.cn/dietGuidelines/1009758.html
芦根茶,https://www.dayi.org.cn/dietGuidelines/1009761.html
茅根赤豆粥,https://www.dayi.org.cn/dietGuidelines/1009762.html
人参粥,https://www.dayi.org.cn/dietGuidelines/1009763.html
石花茶,https://www.dayi.org.cn/dietGuidelines/1009764.html
山药茶,https://www.dayi.org.cn/dietGuidelines/1009765.html
长生酒,https://www.dayi.org.cn/dietGuidelines/1009771.html
苎麻根粥,https://www.dayi.org.cn/dietGuidelines/1009772.html
茅根车前饮,https://www.dayi.org.cn/dietGuidelines/1009773.html
藕汁鸡冠花糖饮,https://www.dayi.org.cn/dietGuidelines/1009774.html
花生衣红枣汁,https://www.dayi.org.cn/dietGuidelines/1009775.html
还童茶,https://www.dayi.org.cn/dietGuidelines/1009776.html
罗汉果煲猪肺,https://www.dayi.org.cn/dietGuidelines/1009777.html
石榴叶茶,https://www.dayi.org.cn/dietGuidelines/1009778.html
地骨爆两样,https://www.dayi.org.cn/dietGuidelines/1009781.html
木槿花茶,https://www.dayi.org.cn/dietGuidelines/1009782.html
莲子荷叶蒸湖鸭,https://www.dayi.org.cn/dietGuidelines/1009784.html
芋头粥,https://www.dayi.org.cn/dietGuidelines/1009785.html
红烧鹿肉,https://www.dayi.org.cn/dietGuidelines/1009786.html
百合银耳羹,https://www.dayi.org.cn/dietGuidelines/1009787.html
阿胶鸡蛋羹,https://www.dayi.org.cn/dietGuidelines/1009790.html
花生蘸,https://www.dayi.org.cn/dietGuidelines/1009791.html
金银花酒,https://www.dayi.org.cn/dietGuidelines/1009794.html
土大黄蒸肉饼,https://www.dayi.org.cn/dietGuidelines/1009798.html
人参炖乌骨鸡,https://www.dayi.org.cn/dietGuidelines/1009799.html
龙眼纸包鸡,https://www.dayi.org.cn/dietGuidelines/1009800.html
茯苓山药莲米粥,https://www.dayi.org.cn/dietGuidelines/1009801.html
枣莲洋白菜汤,https://www.dayi.org.cn/dietGuidelines/1009802.html
柏子仁粥,https://www.dayi.org.cn/dietGuidelines/1009803.html
炒蚕蛹,https://www.dayi.org.cn/dietGuidelines/1009804.html
茴香酒,https://www.dayi.org.cn/dietGuidelines/1009807.html
菠萝鸡片,https://www.dayi.org.cn/dietGuidelines/1009809.html
佛手茶,https://www.dayi.org.cn/dietGuidelines/1009813.html
干烧冬笋,https://www.dayi.org.cn/dietGuidelines/1009816.html
川贝雪梨炖猪肺,https://www.dayi.org.cn/dietGuidelines/1009819.html
苏子煎饼,https://www.dayi.org.cn/dietGuidelines/1009820.html
茴香腰子,https://www.dayi.org.cn/dietGuidelines/1009821.html
羊肉大麦汤,https://www.dayi.org.cn/dietGuidelines/1009822.html
胶艾炖鸡,https://www.dayi.org.cn/dietGuidelines/1009823.html
独活壮骨鸡,https://www.dayi.org.cn/dietGuidelines/1009824.html
郁李仁薏仁粥,https://www.dayi.org.cn/dietGuidelines/1009826.html
鲤鱼冬瓜羮,https://www.dayi.org.cn/dietGuidelines/1009827.html
木瓜茶,https://www.dayi.org.cn/dietGuidelines/1009828.html
冰糖莲子,https://www.dayi.org.cn/dietGuidelines/1009829.html
风湿酒,https://www.dayi.org.cn/dietGuidelines/1009830.html
红烧龟肉,https://www.dayi.org.cn/dietGuidelines/1009831.html
瓜皮茅根粥,https://www.dayi.org.cn/dietGuidelines/1009833.html
赤小豆排骨汤,https://www.dayi.org.cn/dietGuidelines/1009834.html
艾叶生姜煨鸡蛋,https://www.dayi.org.cn/dietGuidelines/1009836.html
生苦瓜汁,https://www.dayi.org.cn/dietGuidelines/1009837.html
苦瓜炒肉片,https://www.dayi.org.cn/dietGuidelines/1009840.html
羊肉羹,https://www.dayi.org.cn/dietGuidelines/1009842.html
参杞羊头,https://www.dayi.org.cn/dietGuidelines/1009845.html
江米藕,https://www.dayi.org.cn/dietGuidelines/1009846.html
麦芽山楂茶,https://www.dayi.org.cn/dietGuidelines/1009849.html
青小豆粥,https://www.dayi.org.cn/dietGuidelines/1009850.html
车前子粥,https://www.dayi.org.cn/dietGuidelines/1009851.html
芦笋粥,https://www.dayi.org.cn/dietGuidelines/1009852.html
鱼鳔汤,https://www.dayi.org.cn/dietGuidelines/1009855.html
百合杏仁枇杷粥,https://www.dayi.org.cn/dietGuidelines/1009856.html
黄酒炖鸡公,https://www.dayi.org.cn/dietGuidelines/1009857.html
止消渴速溶饮,https://www.dayi.org.cn/dietGuidelines/1009859.html
竹笋烩红螺,https://www.dayi.org.cn/dietGuidelines/1009860.html
鹿肉粥,https://www.dayi.org.cn/dietGuidelines/1009861.html
木耳菊花鱼丸,https://www.dayi.org.cn/dietGuidelines/1009862.html
参果煲瘦肉,https://www.dayi.org.cn/dietGuidelines/1009863.html
车前子油焖虾,https://www.dayi.org.cn/dietGuidelines/1009865.html
羊肉粥,https://www.dayi.org.cn/dietGuidelines/1009866.html
磁石酒,https://www.dayi.org.cn/dietGuidelines/1009867.html
桂圆枣粥,https://www.dayi.org.cn/dietGuidelines/1009868.html
玉米须蚌肉汤,https://www.dayi.org.cn/dietGuidelines/1009869.html
莱菔子粥,https://www.dayi.org.cn/dietGuidelines/1009871.html
蕺菜炖鲜梨,https://www.dayi.org.cn/dietGuidelines/1009872.html
蜜蒸百合,https://www.dayi.org.cn/dietGuidelines/1009873.html
水芝汤,https://www.dayi.org.cn/dietGuidelines/1009874.html
山莲葡萄粥,https://www.dayi.org.cn/dietGuidelines/1009875.html
玫瑰花烤羊心,https://www.dayi.org.cn/dietGuidelines/1009877.html
神仙富贵饼,https://www.dayi.org.cn/dietGuidelines/1009878.html
芪蒸鹌鹑,https://www.dayi.org.cn/dietGuidelines/1009879.html
磁石粥,https://www.dayi.org.cn/dietGuidelines/1009884.html
乌梅粥,https://www.dayi.org.cn/dietGuidelines/1009888.html
薯蓣鸡子黄粥,https://www.dayi.org.cn/dietGuidelines/1009889.html
金樱子粥,https://www.dayi.org.cn/dietGuidelines/1009890.html
山茱萸粥,https://www.dayi.org.cn/dietGuidelines/1009893.html
四君蒸鸭,https://www.dayi.org.cn/dietGuidelines/1009894.html
乌鸡豆蔻,https://www.dayi.org.cn/dietGuidelines/1009897.html
黄芪猴头汤,https://www.dayi.org.cn/dietGuidelines/1009899.html
山药鸡肫,https://www.dayi.org.cn/dietGuidelines/1009901.html
健胃益气糕,https://www.dayi.org.cn/dietGuidelines/1009903.html
五味斋,https://www.dayi.org.cn/dietGuidelines/1009904.html
白果粥,https://www.dayi.org.cn/dietGuidelines/1009906.html
百合糖水,https://www.dayi.org.cn/dietGuidelines/1009907.html
竹叶酒,https://www.dayi.org.cn/dietGuidelines/1009908.html
猪肺粥,https://www.dayi.org.cn/dietGuidelines/1009919.html
紫菜蛋卷,https://www.dayi.org.cn/dietGuidelines/1009920.html
黑木耳羹,https://www.dayi.org.cn/dietGuidelines/1009921.html
杏仁萝卜猪肺汤,https://www.dayi.org.cn/dietGuidelines/1009930.html
参芪牛肉,https://www.dayi.org.cn/dietGuidelines/1009933.html
煨藕汤,https://www.dayi.org.cn/dietGuidelines/1009934.html
酸角膏,https://www.dayi.org.cn/dietGuidelines/1009935.html
参枣米饭,https://www.dayi.org.cn/dietGuidelines/1009936.html
枸杞羊肾粥,https://www.dayi.org.cn/dietGuidelines/1009938.html
白羊肾羹,https://www.dayi.org.cn/dietGuidelines/1009939.html
羊脊骨粥,https://www.dayi.org.cn/dietGuidelines/1009940.html
补骨脂胡桃煎,https://www.dayi.org.cn/dietGuidelines/1009942.html
清蒸人参元鱼,https://www.dayi.org.cn/dietGuidelines/1009943.html
琥珀莲子,https://www.dayi.org.cn/dietGuidelines/1009954.html
冬令话补膏,https://www.dayi.org.cn/dietGuidelines/1009955.html
参圆炖鲫鱼,https://www.dayi.org.cn/dietGuidelines/1009956.html
三鲜萝卜卷,https://www.dayi.org.cn/dietGuidelines/1009958.html
杜仲核桃煲猪腰,https://www.dayi.org.cn/dietGuidelines/1009959.html
归地烧羊肉,https://www.dayi.org.cn/dietGuidelines/1009960.html
百合荸荠雪梨羹,https://www.dayi.org.cn/dietGuidelines/1009962.html
百合双耳鸡蛋羹,https://www.dayi.org.cn/dietGuidelines/1009963.html
玫瑰恋曲,https://www.dayi.org.cn/dietGuidelines/1009964.html
益寿鸽蛋汤,https://www.dayi.org.cn/dietGuidelines/1009965.html
山药黑米炖猪肚,https://www.dayi.org.cn/dietGuidelines/1009966.html
怀药芝麻糊,https://www.dayi.org.cn/dietGuidelines/1009967.html
良姜鸡肉炒饭,https://www.dayi.org.cn/dietGuidelines/1009973.html
茯苓羊肉包子,https://www.dayi.org.cn/dietGuidelines/1009974.html
薯蓣半夏粥,https://www.dayi.org.cn/dietGuidelines/1009976.html
竹茹芦根茶,https://www.dayi.org.cn/dietGuidelines/1009977.html
蒲黄灵脂鸡,https://www.dayi.org.cn/dietGuidelines/1009978.html
山茱萸丹皮炖甲鱼,https://www.dayi.org.cn/dietGuidelines/1009979.html
鳖鱼补肾汤,https://www.dayi.org.cn/dietGuidelines/1009980.html
砂仁鳝鱼丝,https://www.dayi.org.cn/dietGuidelines/1009981.html
百合川贝银杏羹,https://www.dayi.org.cn/dietGuidelines/1009982.html