三阴交穴,https://www.dayi.org.cn/acupuncture/1000378.html
涌泉穴,https://www.dayi.org.cn/acupuncture/1000442.html
内关穴,https://www.dayi.org.cn/acupuncture/1000522.html
合谷穴,https://www.dayi.org.cn/acupuncture/1001151.html
足三里穴,https://www.dayi.org.cn/acupuncture/1000556.html
十三鬼穴,https://www.dayi.org.cn/acupuncture/1141704.html
膻中穴,https://www.dayi.org.cn/acupuncture/1000168.html
百会穴,https://www.dayi.org.cn/acupuncture/1000564.html
金津玉液穴,https://www.dayi.org.cn/acupuncture/1000287.html
曲池穴,https://www.dayi.org.cn/acupuncture/1141749.html
关元穴,https://www.dayi.org.cn/acupuncture/1000492.html
天突穴,https://www.dayi.org.cn/acupuncture/1000163.html
风池穴,https://www.dayi.org.cn/acupuncture/1000222.html
会阴穴,https://www.dayi.org.cn/acupuncture/1000395.html
神门穴,https://www.dayi.org.cn/acupuncture/1000460.html
太溪穴,https://www.dayi.org.cn/acupuncture/1000310.html
四关穴,https://www.dayi.org.cn/acupuncture/1000369.html
气海穴,https://www.dayi.org.cn/acupuncture/1000288.html
太渊穴,https://www.dayi.org.cn/acupuncture/1001124.html
太冲穴,https://www.dayi.org.cn/acupuncture/1141742.html
中脘穴,https://www.dayi.org.cn/acupuncture/1000291.html
神阙穴,https://www.dayi.org.cn/acupuncture/1000374.html
少府穴,https://www.dayi.org.cn/acupuncture/1000320.html
中极穴,https://www.dayi.org.cn/acupuncture/1000294.html
委中穴,https://www.dayi.org.cn/acupuncture/1000487.html
命门穴,https://www.dayi.org.cn/acupuncture/1000375.html
血海穴,https://www.dayi.org.cn/acupuncture/1001130.html
肺俞穴,https://www.dayi.org.cn/acupuncture/1125254.html
印堂穴,https://www.dayi.org.cn/acupuncture/1141758.html
劳宫穴,https://www.dayi.org.cn/acupuncture/1000524.html
天枢穴,https://www.dayi.org.cn/acupuncture/1000458.html
阴陵泉穴,https://www.dayi.org.cn/acupuncture/1000305.html
鼻通穴,https://www.dayi.org.cn/acupuncture/1000566.html
肾俞穴,https://www.dayi.org.cn/acupuncture/1000182.html
阳陵泉穴,https://www.dayi.org.cn/acupuncture/1125320.html
断红穴,https://www.dayi.org.cn/acupuncture/1000477.html
悬钟穴,https://www.dayi.org.cn/acupuncture/1125437.html
丹田穴,https://www.dayi.org.cn/acupuncture/1000538.html
女膝穴,https://www.dayi.org.cn/acupuncture/1001102.html
迎香穴,https://www.dayi.org.cn/acupuncture/1118645.html
肩井穴,https://www.dayi.org.cn/acupuncture/1000238.html
公孙穴,https://www.dayi.org.cn/acupuncture/1000399.html
尺泽穴,https://www.dayi.org.cn/acupuncture/1000449.html
丰隆穴,https://www.dayi.org.cn/acupuncture/1000298.html
中府穴,https://www.dayi.org.cn/acupuncture/1000448.html
后溪穴,https://www.dayi.org.cn/acupuncture/1000384.html
列缺穴,https://www.dayi.org.cn/acupuncture/1001122.html
昆仑穴,https://www.dayi.org.cn/acupuncture/1000382.html
带脉,https://www.dayi.org.cn/acupuncture/1141738.html
太白穴,https://www.dayi.org.cn/acupuncture/1000180.html
十二井穴,https://www.dayi.org.cn/acupuncture/1000624.html
耳尖耳穴,https://www.dayi.org.cn/acupuncture/1000528.html
大都穴,https://www.dayi.org.cn/acupuncture/1000387.html
大椎穴,https://www.dayi.org.cn/acupuncture/1000297.html
商丘穴,https://www.dayi.org.cn/acupuncture/1000195.html
天宗穴,https://www.dayi.org.cn/acupuncture/1000201.html
下关穴,https://www.dayi.org.cn/acupuncture/1000192.html
地机穴,https://www.dayi.org.cn/acupuncture/1000194.html
皮质下耳穴,https://www.dayi.org.cn/acupuncture/1000013.html
孔最穴,https://www.dayi.org.cn/acupuncture/1000178.html
中渚穴,https://www.dayi.org.cn/acupuncture/1000190.html
大敦穴,https://www.dayi.org.cn/acupuncture/1000278.html
照海穴,https://www.dayi.org.cn/acupuncture/1000314.html
水沟穴,https://www.dayi.org.cn/acupuncture/1000582.html
阳溪穴,https://www.dayi.org.cn/acupuncture/1001119.html
三十六门,https://www.dayi.org.cn/acupuncture/1118978.html
手三里穴,https://www.dayi.org.cn/acupuncture/1001120.html
云门穴,https://www.dayi.org.cn/acupuncture/1001111.html
天柱穴,https://www.dayi.org.cn/acupuncture/1000438.html
交感耳穴,https://www.dayi.org.cn/acupuncture/1000042.html
睛明穴,https://www.dayi.org.cn/acupuncture/1000299.html
少商穴,https://www.dayi.org.cn/acupuncture/1001110.html
丘墟穴,https://www.dayi.org.cn/acupuncture/1125439.html
侠溪穴,https://www.dayi.org.cn/acupuncture/1141740.html
舌三针,https://www.dayi.org.cn/acupuncture/1118949.html
鱼际穴,https://www.dayi.org.cn/acupuncture/1001125.html
伏兔穴,https://www.dayi.org.cn/acupuncture/1000251.html
失眠穴,https://www.dayi.org.cn/acupuncture/1000600.html
颞三针,https://www.dayi.org.cn/acupuncture/1118934.html
山根穴,https://www.dayi.org.cn/acupuncture/1000158.html
攒竹穴,https://www.dayi.org.cn/acupuncture/1000484.html
然谷穴,https://www.dayi.org.cn/acupuncture/1000214.html
虎口穴,https://www.dayi.org.cn/acupuncture/1000401.html
养老穴,https://www.dayi.org.cn/acupuncture/1000202.html
商阳穴,https://www.dayi.org.cn/acupuncture/1001133.html
中都穴,https://www.dayi.org.cn/acupuncture/1141745.html
身柱穴,https://www.dayi.org.cn/acupuncture/1000246.html
曲泉穴,https://www.dayi.org.cn/acupuncture/1119844.html
期门穴,https://www.dayi.org.cn/acupuncture/1141748.html
环跳穴,https://www.dayi.org.cn/acupuncture/1001101.html
廉泉三穴,https://www.dayi.org.cn/acupuncture/1118963.html
次髎穴,https://www.dayi.org.cn/acupuncture/1001131.html
四花穴,https://www.dayi.org.cn/acupuncture/1001104.html
心点穴,https://www.dayi.org.cn/acupuncture/1000715.html
风市穴,https://www.dayi.org.cn/acupuncture/1000234.html
筑宾穴,https://www.dayi.org.cn/acupuncture/1000303.html
肾上腺耳穴,https://www.dayi.org.cn/acupuncture/1000025.html
脐下六一穴,https://www.dayi.org.cn/acupuncture/1000997.html
行间穴,https://www.dayi.org.cn/acupuncture/1000286.html
夜尿点穴,https://www.dayi.org.cn/acupuncture/1001109.html
翳风穴,https://www.dayi.org.cn/acupuncture/1000199.html
少泽穴,https://www.dayi.org.cn/acupuncture/1000315.html
肩三针穴,https://www.dayi.org.cn/acupuncture/1000863.html
三间穴,https://www.dayi.org.cn/acupuncture/1000179.html
通天穴,https://www.dayi.org.cn/acupuncture/1000483.html
光明穴,https://www.dayi.org.cn/acupuncture/1000284.html
阴郄穴,https://www.dayi.org.cn/acupuncture/1001144.html
中封穴,https://www.dayi.org.cn/acupuncture/1141743.html
气冲穴,https://www.dayi.org.cn/acupuncture/1000499.html
臂臑穴,https://www.dayi.org.cn/acupuncture/1000196.html
中冲穴,https://www.dayi.org.cn/acupuncture/1001150.html
带脉穴,https://www.dayi.org.cn/acupuncture/1001153.html
大陵穴,https://www.dayi.org.cn/acupuncture/1000306.html
梁丘穴,https://www.dayi.org.cn/acupuncture/1000521.html
风门穴,https://www.dayi.org.cn/acupuncture/1000267.html
咽喉耳穴,https://www.dayi.org.cn/acupuncture/1000026.html
承泣穴,https://www.dayi.org.cn/acupuncture/1000361.html
腰阳关,https://www.dayi.org.cn/acupuncture/1000377.html
脑点耳穴,https://www.dayi.org.cn/acupuncture/1000031.html
少海穴,https://www.dayi.org.cn/acupuncture/1000185.html
液门穴,https://www.dayi.org.cn/acupuncture/1000301.html
八邪穴,https://www.dayi.org.cn/acupuncture/1000256.html
外关穴,https://www.dayi.org.cn/acupuncture/1000318.html
灵道穴,https://www.dayi.org.cn/acupuncture/1000489.html
足临泣穴,https://www.dayi.org.cn/acupuncture/1125444.html
八会穴,https://www.dayi.org.cn/acupuncture/1000734.html
内庭穴,https://www.dayi.org.cn/acupuncture/1000865.html
肝俞穴,https://www.dayi.org.cn/acupuncture/1001141.html
关冲穴,https://www.dayi.org.cn/acupuncture/1000274.html
四白穴,https://www.dayi.org.cn/acupuncture/1000321.html
至阴穴,https://www.dayi.org.cn/acupuncture/1000322.html
缺盆穴,https://www.dayi.org.cn/acupuncture/1000502.html
十宣,https://www.dayi.org.cn/acupuncture/1118962.html
鸠尾穴,https://www.dayi.org.cn/acupuncture/1000169.html
归来穴,https://www.dayi.org.cn/acupuncture/1141751.html
膈俞穴,https://www.dayi.org.cn/acupuncture/1000309.html
风府穴,https://www.dayi.org.cn/acupuncture/1000581.html
听宫穴,https://www.dayi.org.cn/acupuncture/1000316.html
承山穴,https://www.dayi.org.cn/acupuncture/1000351.html
极泉穴,https://www.dayi.org.cn/acupuncture/1000398.html
安眠穴（组合穴）,https://www.dayi.org.cn/acupuncture/1118943.html
承浆穴,https://www.dayi.org.cn/acupuncture/1141755.html
指根,https://www.dayi.org.cn/acupuncture/1118944.html
颧髎穴,https://www.dayi.org.cn/acupuncture/1000503.html
耳门穴,https://www.dayi.org.cn/acupuncture/1000220.html
解溪穴,https://www.dayi.org.cn/acupuncture/1000290.html
地仓穴,https://www.dayi.org.cn/acupuncture/1000459.html
小海穴,https://www.dayi.org.cn/acupuncture/1000181.html
髂后上棘穴,https://www.dayi.org.cn/acupuncture/1000912.html
复溜穴,https://www.dayi.org.cn/acupuncture/1000277.html
长强穴,https://www.dayi.org.cn/acupuncture/1000394.html
冲阳穴,https://www.dayi.org.cn/acupuncture/1000417.html
隐白穴,https://www.dayi.org.cn/acupuncture/1000396.html
智三针,https://www.dayi.org.cn/acupuncture/1118941.html
石门穴,https://www.dayi.org.cn/acupuncture/1141753.html
阴谷穴,https://www.dayi.org.cn/acupuncture/1000304.html
水分穴,https://www.dayi.org.cn/acupuncture/1000248.html
日月穴,https://www.dayi.org.cn/acupuncture/1000212.html
阳谷穴,https://www.dayi.org.cn/acupuncture/1000260.html
阑门穴,https://www.dayi.org.cn/acupuncture/1000930.html
枕耳穴,https://www.dayi.org.cn/acupuncture/1000008.html
天池穴,https://www.dayi.org.cn/acupuncture/1000205.html
咽喉点穴,https://www.dayi.org.cn/acupuncture/1001108.html
肾耳穴,https://www.dayi.org.cn/acupuncture/1000109.html
秉风穴,https://www.dayi.org.cn/acupuncture/1000276.html
阴市穴,https://www.dayi.org.cn/acupuncture/1000422.html
维道穴,https://www.dayi.org.cn/acupuncture/1000423.html
二间穴,https://www.dayi.org.cn/acupuncture/1001152.html
扁桃体穴,https://www.dayi.org.cn/acupuncture/1000470.html
气舍穴,https://www.dayi.org.cn/acupuncture/1001138.html
率谷穴,https://www.dayi.org.cn/acupuncture/1125307.html
提托穴,https://www.dayi.org.cn/acupuncture/1000283.html
前谷穴,https://www.dayi.org.cn/acupuncture/1000508.html
风溪耳穴,https://www.dayi.org.cn/acupuncture/1001100.html
心耳穴,https://www.dayi.org.cn/acupuncture/1000012.html
大肠点穴,https://www.dayi.org.cn/acupuncture/1000762.html
廉泉穴,https://www.dayi.org.cn/acupuncture/1000165.html
听会穴,https://www.dayi.org.cn/acupuncture/1000200.html
太阴穴,https://www.dayi.org.cn/acupuncture/1000887.html
大迎穴,https://www.dayi.org.cn/acupuncture/1000227.html
璇玑穴,https://www.dayi.org.cn/acupuncture/1000162.html
胃耳穴,https://www.dayi.org.cn/acupuncture/1000022.html
支正穴,https://www.dayi.org.cn/acupuncture/1000313.html
巨髎穴,https://www.dayi.org.cn/acupuncture/1000268.html
侠白穴,https://www.dayi.org.cn/acupuncture/1001112.html
天井穴,https://www.dayi.org.cn/acupuncture/1000177.html
内生殖器耳穴,https://www.dayi.org.cn/acupuncture/1000124.html
颊车穴,https://www.dayi.org.cn/acupuncture/1000259.html
坎宫穴,https://www.dayi.org.cn/acupuncture/1000539.html
乳根穴,https://www.dayi.org.cn/acupuncture/1000319.html
通里穴,https://www.dayi.org.cn/acupuncture/1000397.html
陷谷穴,https://www.dayi.org.cn/acupuncture/1000878.html
上星穴,https://www.dayi.org.cn/acupuncture/1000576.html
承扶穴,https://www.dayi.org.cn/acupuncture/1000355.html
咳喘点穴,https://www.dayi.org.cn/acupuncture/1000659.html
鹤顶穴,https://www.dayi.org.cn/acupuncture/1000400.html
仆参穴,https://www.dayi.org.cn/acupuncture/1000514.html
厉兑穴,https://www.dayi.org.cn/acupuncture/1000557.html
水泉穴,https://www.dayi.org.cn/acupuncture/1000302.html
外劳宫穴,https://www.dayi.org.cn/acupuncture/1000434.html
肝阳1耳穴,https://www.dayi.org.cn/acupuncture/1000045.html
水突穴,https://www.dayi.org.cn/acupuncture/1000359.html
三关穴,https://www.dayi.org.cn/acupuncture/1001137.html
顶颞前斜线,https://www.dayi.org.cn/acupuncture/1000962.html
玉堂穴,https://www.dayi.org.cn/acupuncture/1000159.html
素髎穴,https://www.dayi.org.cn/acupuncture/1000573.html
申脉穴,https://www.dayi.org.cn/acupuncture/1000485.html
扶突穴,https://www.dayi.org.cn/acupuncture/1000193.html
天髎穴,https://www.dayi.org.cn/acupuncture/1000365.html
箕门穴,https://www.dayi.org.cn/acupuncture/1000253.html
五脏俞穴,https://www.dayi.org.cn/acupuncture/1001053.html
大巨穴,https://www.dayi.org.cn/acupuncture/1000367.html
至阳穴,https://www.dayi.org.cn/acupuncture/1000243.html
阳池穴,https://www.dayi.org.cn/acupuncture/1000311.html
委阳穴,https://www.dayi.org.cn/acupuncture/1000207.html
华盖穴,https://www.dayi.org.cn/acupuncture/1000164.html
会阳穴,https://www.dayi.org.cn/acupuncture/1000233.html
头维穴,https://www.dayi.org.cn/acupuncture/1000467.html
饥点耳穴,https://www.dayi.org.cn/acupuncture/1000077.html
天容穴,https://www.dayi.org.cn/acupuncture/1000346.html
章门穴,https://www.dayi.org.cn/acupuncture/1141747.html
内分泌耳穴,https://www.dayi.org.cn/acupuncture/1000067.html
大横穴,https://www.dayi.org.cn/acupuncture/1000270.html
金门穴,https://www.dayi.org.cn/acupuncture/1000383.html
阴包穴,https://www.dayi.org.cn/acupuncture/1119846.html
二人上马穴,https://www.dayi.org.cn/acupuncture/1000550.html
三商穴,https://www.dayi.org.cn/acupuncture/1000844.html
阳白穴,https://www.dayi.org.cn/acupuncture/1000203.html
曲骨穴,https://www.dayi.org.cn/acupuncture/1000296.html
犊鼻穴,https://www.dayi.org.cn/acupuncture/1000252.html
巨阙穴,https://www.dayi.org.cn/acupuncture/1141754.html
呃逆穴,https://www.dayi.org.cn/acupuncture/1000555.html
经渠穴,https://www.dayi.org.cn/acupuncture/1001123.html
肾顶穴,https://www.dayi.org.cn/acupuncture/1000616.html
丝竹空穴,https://www.dayi.org.cn/acupuncture/1000358.html
膝眼穴,https://www.dayi.org.cn/acupuncture/1000391.html
头临泣穴,https://www.dayi.org.cn/acupuncture/1000209.html
阳辅穴,https://www.dayi.org.cn/acupuncture/1125420.html
天溪穴,https://www.dayi.org.cn/acupuncture/1000347.html
肝点穴,https://www.dayi.org.cn/acupuncture/1000797.html
俞府穴,https://www.dayi.org.cn/acupuncture/1000337.html
内外昆仑（昆仑二穴）,https://www.dayi.org.cn/acupuncture/1119369.html
神藏穴,https://www.dayi.org.cn/acupuncture/1000350.html
腕骨穴,https://www.dayi.org.cn/acupuncture/1000416.html
乳中穴,https://www.dayi.org.cn/acupuncture/1118647.html
神庭穴,https://www.dayi.org.cn/acupuncture/1000579.html
八关穴,https://www.dayi.org.cn/acupuncture/1001134.html
髋三针,https://www.dayi.org.cn/acupuncture/1118975.html
膝关穴,https://www.dayi.org.cn/acupuncture/1118794.html
肩俞穴,https://www.dayi.org.cn/acupuncture/1000664.html
三里穴,https://www.dayi.org.cn/acupuncture/1000842.html
梁门穴,https://www.dayi.org.cn/acupuncture/1000493.html
后顶穴,https://www.dayi.org.cn/acupuncture/1000572.html
天鼎穴,https://www.dayi.org.cn/acupuncture/1118641.html
乳上穴,https://www.dayi.org.cn/acupuncture/1000563.html
老龙穴,https://www.dayi.org.cn/acupuncture/1000542.html
支沟穴,https://www.dayi.org.cn/acupuncture/1000312.html
利尿穴,https://www.dayi.org.cn/acupuncture/1000411.html
间使穴,https://www.dayi.org.cn/acupuncture/1000289.html
人迎穴,https://www.dayi.org.cn/acupuncture/1000198.html
悬命穴,https://www.dayi.org.cn/acupuncture/1000370.html
上迎香穴,https://www.dayi.org.cn/acupuncture/1000279.html
飞扬穴,https://www.dayi.org.cn/acupuncture/1000381.html
命关穴,https://www.dayi.org.cn/acupuncture/1000784.html
膝三针,https://www.dayi.org.cn/acupuncture/1119040.html
缘中耳穴,https://www.dayi.org.cn/acupuncture/1000137.html
合阳穴,https://www.dayi.org.cn/acupuncture/1000439.html
肩髎穴,https://www.dayi.org.cn/acupuncture/1000250.html
子宫穴,https://www.dayi.org.cn/acupuncture/1131389.html
目2耳穴,https://www.dayi.org.cn/acupuncture/1000127.html
步廊穴,https://www.dayi.org.cn/acupuncture/1000354.html
殷门穴,https://www.dayi.org.cn/acupuncture/1000331.html
承光穴,https://www.dayi.org.cn/acupuncture/1000356.html
肩中俞穴,https://www.dayi.org.cn/acupuncture/1000218.html
腹结穴,https://www.dayi.org.cn/acupuncture/1118669.html
十二指肠耳穴,https://www.dayi.org.cn/acupuncture/1000024.html
条口穴,https://www.dayi.org.cn/acupuncture/1000862.html
手五里穴,https://www.dayi.org.cn/acupuncture/1000258.html
脑空穴,https://www.dayi.org.cn/acupuncture/1000517.html
上脘穴,https://www.dayi.org.cn/acupuncture/1000160.html
大包穴,https://www.dayi.org.cn/acupuncture/1000228.html
腹四穴,https://www.dayi.org.cn/acupuncture/1000998.html
外陵穴,https://www.dayi.org.cn/acupuncture/1000342.html
哑门穴,https://www.dayi.org.cn/acupuncture/1000577.html
肺点穴,https://www.dayi.org.cn/acupuncture/1000760.html
下巨虚穴,https://www.dayi.org.cn/acupuncture/1118666.html
幽门穴,https://www.dayi.org.cn/acupuncture/1122858.html
太乙穴,https://www.dayi.org.cn/acupuncture/1000175.html
膝上三针,https://www.dayi.org.cn/acupuncture/1119036.html
胆俞穴,https://www.dayi.org.cn/acupuncture/1000269.html
膏肓俞穴,https://www.dayi.org.cn/acupuncture/1125269.html
肺耳穴,https://www.dayi.org.cn/acupuncture/1000047.html
四横纹穴,https://www.dayi.org.cn/acupuncture/1000549.html
心俞穴,https://www.dayi.org.cn/acupuncture/1001127.html
郄门穴,https://www.dayi.org.cn/acupuncture/1000506.html
胃俞穴,https://www.dayi.org.cn/acupuncture/1000317.html
中髎穴,https://www.dayi.org.cn/acupuncture/1001128.html
定喘穴,https://www.dayi.org.cn/acupuncture/1000385.html
束骨穴,https://www.dayi.org.cn/acupuncture/1000461.html
足三针,https://www.dayi.org.cn/acupuncture/1119097.html
中渎穴,https://www.dayi.org.cn/acupuncture/1125314.html
腰俞穴,https://www.dayi.org.cn/acupuncture/1000376.html
膝阳关穴,https://www.dayi.org.cn/acupuncture/1125317.html
中枢穴,https://www.dayi.org.cn/acupuncture/1000242.html
三阳络穴,https://www.dayi.org.cn/acupuncture/1001147.html
下脘穴,https://www.dayi.org.cn/acupuncture/1000421.html
胛缝穴,https://www.dayi.org.cn/acupuncture/1000891.html
京骨穴,https://www.dayi.org.cn/acupuncture/1000379.html
脾俞穴,https://www.dayi.org.cn/acupuncture/1125259.html
瞳子髎穴,https://www.dayi.org.cn/acupuncture/1000479.html
脚后跟穴,https://www.dayi.org.cn/acupuncture/1000938.html
大小骨空,https://www.dayi.org.cn/acupuncture/1118935.html
三膝穴,https://www.dayi.org.cn/acupuncture/1119041.html
明堂穴,https://www.dayi.org.cn/acupuncture/1000928.html
胆囊穴,https://www.dayi.org.cn/acupuncture/1000282.html
降压点耳穴,https://www.dayi.org.cn/acupuncture/1000126.html
脑清穴,https://www.dayi.org.cn/acupuncture/1000406.html
精灵威灵穴,https://www.dayi.org.cn/acupuncture/1000876.html
小横纹穴,https://www.dayi.org.cn/acupuncture/1000551.html
角孙穴,https://www.dayi.org.cn/acupuncture/1000262.html
三焦耳穴,https://www.dayi.org.cn/acupuncture/1000530.html
直肠耳穴,https://www.dayi.org.cn/acupuncture/1000007.html
会宗穴,https://www.dayi.org.cn/acupuncture/1000170.html
偏历穴,https://www.dayi.org.cn/acupuncture/1001121.html
大杼穴,https://www.dayi.org.cn/acupuncture/1122815.html
清冷渊穴,https://www.dayi.org.cn/acupuncture/1000511.html
独阴穴,https://www.dayi.org.cn/acupuncture/1000197.html
滑肉门穴,https://www.dayi.org.cn/acupuncture/1000324.html
耳中耳穴,https://www.dayi.org.cn/acupuncture/1000133.html
脾耳穴,https://www.dayi.org.cn/acupuncture/1000014.html
口禾髎穴,https://www.dayi.org.cn/acupuncture/1001113.html
曲垣穴,https://www.dayi.org.cn/acupuncture/1000505.html
盆腔耳穴,https://www.dayi.org.cn/acupuncture/1000015.html
中庭穴,https://www.dayi.org.cn/acupuncture/1000237.html
兑端穴,https://www.dayi.org.cn/acupuncture/1000571.html
肛门耳穴,https://www.dayi.org.cn/acupuncture/1000048.html
肩贞穴,https://www.dayi.org.cn/acupuncture/1000225.html
耳背沟耳穴,https://www.dayi.org.cn/acupuncture/1000138.html
颅息穴,https://www.dayi.org.cn/acupuncture/1000520.html
耳背心耳穴,https://www.dayi.org.cn/acupuncture/1000061.html
络却穴,https://www.dayi.org.cn/acupuncture/1120099.html
气中穴,https://www.dayi.org.cn/acupuncture/1000171.html
前顶穴,https://www.dayi.org.cn/acupuncture/1000574.html
上明穴,https://www.dayi.org.cn/acupuncture/1000409.html
腰骶椎耳穴,https://www.dayi.org.cn/acupuncture/1000052.html
阳交穴,https://www.dayi.org.cn/acupuncture/1125323.html
小肠俞穴,https://www.dayi.org.cn/acupuncture/1000184.html
髀关穴,https://www.dayi.org.cn/acupuncture/1000254.html
食道耳穴,https://www.dayi.org.cn/acupuncture/1000534.html
上睛明穴,https://www.dayi.org.cn/acupuncture/1000870.html
迈步穴,https://www.dayi.org.cn/acupuncture/1000567.html
健膝穴,https://www.dayi.org.cn/acupuncture/1000445.html
下耳根耳穴,https://www.dayi.org.cn/acupuncture/1000066.html
股三针,https://www.dayi.org.cn/acupuncture/1118976.html
膀胱俞穴,https://www.dayi.org.cn/acupuncture/1000515.html
额中穴,https://www.dayi.org.cn/acupuncture/1000491.html
地五会穴,https://www.dayi.org.cn/acupuncture/1000469.html
角窝中耳穴,https://www.dayi.org.cn/acupuncture/1000537.html
势头穴,https://www.dayi.org.cn/acupuncture/1000774.html
大拇指头穴,https://www.dayi.org.cn/acupuncture/1000447.html
陵后下穴,https://www.dayi.org.cn/acupuncture/1000874.html
脚气八处灸穴,https://www.dayi.org.cn/acupuncture/1000939.html
海泉穴,https://www.dayi.org.cn/acupuncture/1000427.html
坐骨神经耳穴,https://www.dayi.org.cn/acupuncture/1000006.html
足窍阴穴,https://www.dayi.org.cn/acupuncture/1141741.html
足跟痛点穴,https://www.dayi.org.cn/acupuncture/1000724.html
耳中穴,https://www.dayi.org.cn/acupuncture/1000601.html
四花患门穴,https://www.dayi.org.cn/acupuncture/1000869.html
四满穴,https://www.dayi.org.cn/acupuncture/1001132.html
三焦俞穴,https://www.dayi.org.cn/acupuncture/1000206.html
足通谷穴,https://www.dayi.org.cn/acupuncture/1000443.html
地神穴,https://www.dayi.org.cn/acupuncture/1000945.html
锁骨耳穴,https://www.dayi.org.cn/acupuncture/1000011.html
食窦穴,https://www.dayi.org.cn/acupuncture/1000444.html
上关穴,https://www.dayi.org.cn/acupuncture/1000208.html
外耳耳穴,https://www.dayi.org.cn/acupuncture/1000023.html
少冲穴,https://www.dayi.org.cn/acupuncture/1118793.html
大赫穴,https://www.dayi.org.cn/acupuncture/1000335.html
髋骨穴,https://www.dayi.org.cn/acupuncture/1000413.html
鼠蹊穴,https://www.dayi.org.cn/acupuncture/1000686.html
内耳耳穴,https://www.dayi.org.cn/acupuncture/1000101.html
四神聪,https://www.dayi.org.cn/acupuncture/1118947.html
不容穴,https://www.dayi.org.cn/acupuncture/1000425.html
颈臂穴,https://www.dayi.org.cn/acupuncture/1000436.html
神封穴,https://www.dayi.org.cn/acupuncture/1000349.html
推拿穴位,https://www.dayi.org.cn/acupuncture/1000843.html
灵台穴,https://www.dayi.org.cn/acupuncture/1000249.html
巨骨穴,https://www.dayi.org.cn/acupuncture/1001117.html
腮腺耳穴,https://www.dayi.org.cn/acupuncture/1000060.html
天泉穴,https://www.dayi.org.cn/acupuncture/1000330.html
闭孔穴,https://www.dayi.org.cn/acupuncture/1000646.html
紫宫穴,https://www.dayi.org.cn/acupuncture/1000161.html
大肠俞穴,https://www.dayi.org.cn/acupuncture/1000229.html
二扇门穴,https://www.dayi.org.cn/acupuncture/1000430.html
关元俞穴,https://www.dayi.org.cn/acupuncture/1000230.html
灵墟穴,https://www.dayi.org.cn/acupuncture/1000523.html
蠡沟穴,https://www.dayi.org.cn/acupuncture/1141744.html
肩颈穴,https://www.dayi.org.cn/acupuncture/1000979.html
胰胆耳穴,https://www.dayi.org.cn/acupuncture/1000001.html
悬颅穴,https://www.dayi.org.cn/acupuncture/1000345.html
小指尖穴,https://www.dayi.org.cn/acupuncture/1000947.html
眼耳穴,https://www.dayi.org.cn/acupuncture/1000089.html
京门穴,https://www.dayi.org.cn/acupuncture/1000186.html
关门穴,https://www.dayi.org.cn/acupuncture/1000176.html
志室穴,https://www.dayi.org.cn/acupuncture/1000187.html
玉枕穴,https://www.dayi.org.cn/acupuncture/1000325.html
四强穴,https://www.dayi.org.cn/acupuncture/1000403.html
颏髎穴,https://www.dayi.org.cn/acupuncture/1000569.html
踝三针,https://www.dayi.org.cn/acupuncture/1119368.html
容后穴,https://www.dayi.org.cn/acupuncture/1000993.html
譩譆穴,https://www.dayi.org.cn/acupuncture/1125273.html
阴交穴,https://www.dayi.org.cn/acupuncture/1000292.html
膺窗穴,https://www.dayi.org.cn/acupuncture/1000338.html
肺募穴,https://www.dayi.org.cn/acupuncture/1000745.html
冲门穴,https://www.dayi.org.cn/acupuncture/1000307.html
颈椎耳穴,https://www.dayi.org.cn/acupuncture/1000040.html
脊中穴,https://www.dayi.org.cn/acupuncture/1000241.html
气管耳穴,https://www.dayi.org.cn/acupuncture/1000051.html
天窗穴,https://www.dayi.org.cn/acupuncture/1000215.html
小趾尖穴,https://www.dayi.org.cn/acupuncture/1001064.html
维胞穴,https://www.dayi.org.cn/acupuncture/1000475.html
纠内翻穴,https://www.dayi.org.cn/acupuncture/1000612.html
上巨虚穴,https://www.dayi.org.cn/acupuncture/1118661.html
天冲穴,https://www.dayi.org.cn/acupuncture/1000332.html
肩外俞穴,https://www.dayi.org.cn/acupuncture/1000173.html
艇中耳穴,https://www.dayi.org.cn/acupuncture/1001099.html
漏谷穴,https://www.dayi.org.cn/acupuncture/1000490.html
辄筋穴,https://www.dayi.org.cn/acupuncture/1000457.html
轮3耳穴,https://www.dayi.org.cn/acupuncture/1000035.html
鼻交頞中穴,https://www.dayi.org.cn/acupuncture/1000235.html
曲鬓穴,https://www.dayi.org.cn/acupuncture/1000504.html
舌下穴,https://www.dayi.org.cn/acupuncture/1000905.html
颈百劳穴,https://www.dayi.org.cn/acupuncture/1000414.html
肾纹穴,https://www.dayi.org.cn/acupuncture/1000548.html
大肠经穴,https://www.dayi.org.cn/acupuncture/1001103.html
完骨穴,https://www.dayi.org.cn/acupuncture/1000211.html
百虫窝穴,https://www.dayi.org.cn/acupuncture/1000281.html
轮1耳穴,https://www.dayi.org.cn/acupuncture/1000037.html
上溪穴,https://www.dayi.org.cn/acupuncture/1000776.html
外鼻耳穴,https://www.dayi.org.cn/acupuncture/1000016.html
本神穴,https://www.dayi.org.cn/acupuncture/1000362.html
颔厌穴,https://www.dayi.org.cn/acupuncture/1000273.html
上耳根耳穴,https://www.dayi.org.cn/acupuncture/1000117.html
新设穴,https://www.dayi.org.cn/acupuncture/1000451.html
乳腺耳穴,https://www.dayi.org.cn/acupuncture/1000029.html
气穴穴,https://www.dayi.org.cn/acupuncture/1000509.html
上廉穴,https://www.dayi.org.cn/acupuncture/1000285.html
耳迷根耳穴,https://www.dayi.org.cn/acupuncture/1000062.html
胃三针,https://www.dayi.org.cn/acupuncture/1141652.html
天心穴,https://www.dayi.org.cn/acupuncture/1000901.html
下痿痹,https://www.dayi.org.cn/acupuncture/1118972.html
头窍阴穴,https://www.dayi.org.cn/acupuncture/1000343.html
屏尖耳穴,https://www.dayi.org.cn/acupuncture/1000021.html
神聪穴,https://www.dayi.org.cn/acupuncture/1000389.html
呃逆点穴,https://www.dayi.org.cn/acupuncture/1000727.html
环中穴,https://www.dayi.org.cn/acupuncture/1000368.html
上髎穴,https://www.dayi.org.cn/acupuncture/1000501.html
胁肋穴,https://www.dayi.org.cn/acupuncture/1000545.html
天膻,https://www.dayi.org.cn/acupuncture/1118998.html
牙痛点耳穴,https://www.dayi.org.cn/acupuncture/1000099.html
神道穴,https://www.dayi.org.cn/acupuncture/1000245.html
居髎穴,https://www.dayi.org.cn/acupuncture/1000380.html
里内庭穴,https://www.dayi.org.cn/acupuncture/1000412.html
颞耳穴,https://www.dayi.org.cn/acupuncture/1000122.html
耳后高骨穴,https://www.dayi.org.cn/acupuncture/1000547.html
陵后穴,https://www.dayi.org.cn/acupuncture/1000392.html
高血压点耳穴,https://www.dayi.org.cn/acupuncture/1000134.html
魂门穴,https://www.dayi.org.cn/acupuncture/1000166.html
脑干耳穴,https://www.dayi.org.cn/acupuncture/1000068.html
浮白穴,https://www.dayi.org.cn/acupuncture/1000167.html
曲泽穴,https://www.dayi.org.cn/acupuncture/1000583.html
垂前耳穴,https://www.dayi.org.cn/acupuncture/1001082.html
温溜穴,https://www.dayi.org.cn/acupuncture/1001114.html
悬厘穴,https://www.dayi.org.cn/acupuncture/1000327.html
面颊耳穴,https://www.dayi.org.cn/acupuncture/1000069.html
肓俞穴,https://www.dayi.org.cn/acupuncture/1000271.html
阴廉穴,https://www.dayi.org.cn/acupuncture/1120097.html
背穴,https://www.dayi.org.cn/acupuncture/1118980.html
筋缩穴,https://www.dayi.org.cn/acupuncture/1000239.html
发际穴,https://www.dayi.org.cn/acupuncture/1000462.html
支气管耳穴,https://www.dayi.org.cn/acupuncture/1000107.html
心脏点耳穴,https://www.dayi.org.cn/acupuncture/1000118.html
疟疾点穴,https://www.dayi.org.cn/acupuncture/1000660.html
腹通谷穴,https://www.dayi.org.cn/acupuncture/1000231.html
跗阳穴,https://www.dayi.org.cn/acupuncture/1000266.html
言语三区,https://www.dayi.org.cn/acupuncture/1001032.html
八风,https://www.dayi.org.cn/acupuncture/1119498.html
乳旁穴,https://www.dayi.org.cn/acupuncture/1000592.html
顶旁一线,https://www.dayi.org.cn/acupuncture/1000828.html
脊背五穴,https://www.dayi.org.cn/acupuncture/1000604.html
外丘穴,https://www.dayi.org.cn/acupuncture/1125413.html
耳和髎穴,https://www.dayi.org.cn/acupuncture/1000219.html
小儿鸡胸穴,https://www.dayi.org.cn/acupuncture/1000593.html
耳上穴,https://www.dayi.org.cn/acupuncture/1000402.html
手太阳穴,https://www.dayi.org.cn/acupuncture/1000904.html
龈交穴,https://www.dayi.org.cn/acupuncture/1141757.html
阁门穴,https://www.dayi.org.cn/acupuncture/1000883.html
卵巢2耳穴,https://www.dayi.org.cn/acupuncture/1000123.html
肩耳穴,https://www.dayi.org.cn/acupuncture/1000036.html
秩边穴,https://www.dayi.org.cn/acupuncture/1001129.html
趾耳穴,https://www.dayi.org.cn/acupuncture/1000002.html
肘耳穴,https://www.dayi.org.cn/acupuncture/1000003.html
痔核点耳穴,https://www.dayi.org.cn/acupuncture/1000004.html
醉点耳穴,https://www.dayi.org.cn/acupuncture/1000005.html
舌耳穴,https://www.dayi.org.cn/acupuncture/1000009.html
胸椎耳穴,https://www.dayi.org.cn/acupuncture/1000010.html
外生殖器耳穴,https://www.dayi.org.cn/acupuncture/1000017.html
膀胱耳穴,https://www.dayi.org.cn/acupuncture/1000018.html
腕耳穴,https://www.dayi.org.cn/acupuncture/1000019.html
艇角耳穴,https://www.dayi.org.cn/acupuncture/1000020.html
升压点1耳穴,https://www.dayi.org.cn/acupuncture/1000027.html
肾炎点耳穴,https://www.dayi.org.cn/acupuncture/1000028.html
胸耳穴,https://www.dayi.org.cn/acupuncture/1000030.html
轮6耳穴,https://www.dayi.org.cn/acupuncture/1000032.html
轮5耳穴,https://www.dayi.org.cn/acupuncture/1000033.html
尿道耳穴,https://www.dayi.org.cn/acupuncture/1000034.html
轮2耳穴,https://www.dayi.org.cn/acupuncture/1000038.html
渴点耳穴,https://www.dayi.org.cn/acupuncture/1000039.html
颈感耳穴,https://www.dayi.org.cn/acupuncture/1000041.html
轮4耳穴,https://www.dayi.org.cn/acupuncture/1000043.html
肝阳2耳穴,https://www.dayi.org.cn/acupuncture/1000044.html
肝炎区,https://www.dayi.org.cn/acupuncture/1000046.html
耳背臀耳穴,https://www.dayi.org.cn/acupuncture/1000049.html
跟耳穴,https://www.dayi.org.cn/acupuncture/1000050.html
上屏耳穴,https://www.dayi.org.cn/acupuncture/1000053.html
髋耳穴,https://www.dayi.org.cn/acupuncture/1000054.html
腘窝耳穴,https://www.dayi.org.cn/acupuncture/1000055.html
腓肠耳穴,https://www.dayi.org.cn/acupuncture/1000056.html
耳背上腹耳穴,https://www.dayi.org.cn/acupuncture/1000057.html
屏间后耳穴,https://www.dayi.org.cn/acupuncture/1000058.html
踝耳穴,https://www.dayi.org.cn/acupuncture/1000059.html
牙耳穴,https://www.dayi.org.cn/acupuncture/1000063.html
血液点耳穴,https://www.dayi.org.cn/acupuncture/1000064.html
上腭耳穴,https://www.dayi.org.cn/acupuncture/1000065.html
降压沟耳穴,https://www.dayi.org.cn/acupuncture/1000070.html
口耳穴,https://www.dayi.org.cn/acupuncture/1000071.html
溃疡耳穴,https://www.dayi.org.cn/acupuncture/1000072.html
肩疼耳穴,https://www.dayi.org.cn/acupuncture/1000073.html
腹水点耳穴,https://www.dayi.org.cn/acupuncture/1000075.html
脊柱耳穴,https://www.dayi.org.cn/acupuncture/1000076.html
耳明耳穴,https://www.dayi.org.cn/acupuncture/1000078.html
肺点耳穴,https://www.dayi.org.cn/acupuncture/1000079.html
肝炎点1耳穴,https://www.dayi.org.cn/acupuncture/1000080.html
医伦耳穴,https://www.dayi.org.cn/acupuncture/1000081.html
腋下耳穴,https://www.dayi.org.cn/acupuncture/1000083.html
医山耳穴,https://www.dayi.org.cn/acupuncture/1000084.html
中枢耳穴,https://www.dayi.org.cn/acupuncture/1000085.html
肿瘤特异区1耳穴,https://www.dayi.org.cn/acupuncture/1000086.html
止痛点耳穴,https://www.dayi.org.cn/acupuncture/1000087.html
镇静耳穴,https://www.dayi.org.cn/acupuncture/1000088.html
臀耳穴,https://www.dayi.org.cn/acupuncture/1000090.html
下垂点耳穴,https://www.dayi.org.cn/acupuncture/1000091.html
下肢耳穴,https://www.dayi.org.cn/acupuncture/1000092.html
下腹耳穴,https://www.dayi.org.cn/acupuncture/1000093.html
小肠耳穴,https://www.dayi.org.cn/acupuncture/1000094.html
血吸虫线耳穴,https://www.dayi.org.cn/acupuncture/1000095.html
天顶耳穴,https://www.dayi.org.cn/acupuncture/1000096.html
头痛3耳穴,https://www.dayi.org.cn/acupuncture/1000097.html
头痛2耳穴,https://www.dayi.org.cn/acupuncture/1000098.html
头痛1耳穴,https://www.dayi.org.cn/acupuncture/1000100.html
阑尾耳穴,https://www.dayi.org.cn/acupuncture/1000102.html
感冒耳穴,https://www.dayi.org.cn/acupuncture/1000103.html
耳背下腹耳穴,https://www.dayi.org.cn/acupuncture/1000104.html
中腹耳穴,https://www.dayi.org.cn/acupuncture/1000106.html
枕小神经耳穴,https://www.dayi.org.cn/acupuncture/1000108.html
太阳耳穴,https://www.dayi.org.cn/acupuncture/1000110.html
肾胞耳穴,https://www.dayi.org.cn/acupuncture/1000111.html
上腹耳穴,https://www.dayi.org.cn/acupuncture/1000112.html
上颌耳穴,https://www.dayi.org.cn/acupuncture/1000113.html
下颌耳穴,https://www.dayi.org.cn/acupuncture/1000114.html
下腭耳穴,https://www.dayi.org.cn/acupuncture/1000115.html
屏间前耳穴,https://www.dayi.org.cn/acupuncture/1000116.html
兴奋点耳穴,https://www.dayi.org.cn/acupuncture/1000119.html
输尿管耳穴,https://www.dayi.org.cn/acupuncture/1000120.html
目1耳穴,https://www.dayi.org.cn/acupuncture/1000121.html
甲状腺2耳穴,https://www.dayi.org.cn/acupuncture/1000125.html
腹外耳穴,https://www.dayi.org.cn/acupuncture/1000128.html
甲状腺1耳穴,https://www.dayi.org.cn/acupuncture/1000129.html
股关耳穴,https://www.dayi.org.cn/acupuncture/1000130.html
卵巢耳穴,https://www.dayi.org.cn/acupuncture/1000131.html
腹耳穴,https://www.dayi.org.cn/acupuncture/1000132.html
睾丸耳穴,https://www.dayi.org.cn/acupuncture/1000135.html
肺平耳穴,https://www.dayi.org.cn/acupuncture/1000136.html
耳背脾耳穴,https://www.dayi.org.cn/acupuncture/1000139.html
角窝上耳穴,https://www.dayi.org.cn/acupuncture/1000140.html
颈耳穴,https://www.dayi.org.cn/acupuncture/1000141.html
耳背肾耳穴,https://www.dayi.org.cn/acupuncture/1000142.html
颌耳穴,https://www.dayi.org.cn/acupuncture/1000143.html
耳背肝耳穴,https://www.dayi.org.cn/acupuncture/1000144.html
对屏尖耳穴,https://www.dayi.org.cn/acupuncture/1000145.html
耳背肺耳穴,https://www.dayi.org.cn/acupuncture/1000146.html
肿瘤特异区2耳穴,https://www.dayi.org.cn/acupuncture/1000147.html
风湿线耳穴,https://www.dayi.org.cn/acupuncture/1000148.html
矽肺点耳穴,https://www.dayi.org.cn/acupuncture/1000149.html
头昏耳穴,https://www.dayi.org.cn/acupuncture/1000150.html
卵巢1耳穴,https://www.dayi.org.cn/acupuncture/1000151.html
耳背阑尾耳穴,https://www.dayi.org.cn/acupuncture/1000152.html
肝炎点2耳穴,https://www.dayi.org.cn/acupuncture/1000153.html
疟区耳穴,https://www.dayi.org.cn/acupuncture/1000154.html
小肠点穴（手针）,https://www.dayi.org.cn/acupuncture/1000155.html
肝肿大区耳穴,https://www.dayi.org.cn/acupuncture/1000156.html
扁桃体耳穴,https://www.dayi.org.cn/acupuncture/1000157.html
督俞穴,https://www.dayi.org.cn/acupuncture/1000172.html
肓门穴,https://www.dayi.org.cn/acupuncture/1000174.html
消泺穴,https://www.dayi.org.cn/acupuncture/1000183.html
肘髎穴,https://www.dayi.org.cn/acupuncture/1000189.html
五枢穴,https://www.dayi.org.cn/acupuncture/1000191.html
商曲穴,https://www.dayi.org.cn/acupuncture/1000204.html
臑俞穴,https://www.dayi.org.cn/acupuncture/1000210.html
臑会穴,https://www.dayi.org.cn/acupuncture/1000213.html
大钟穴,https://www.dayi.org.cn/acupuncture/1000216.html
库房穴,https://www.dayi.org.cn/acupuncture/1000217.html
浮郄穴,https://www.dayi.org.cn/acupuncture/1000221.html
天府穴,https://www.dayi.org.cn/acupuncture/1000236.html
悬枢穴,https://www.dayi.org.cn/acupuncture/1000244.html
建里穴,https://www.dayi.org.cn/acupuncture/1000247.html
伴星穴,https://www.dayi.org.cn/acupuncture/1000255.html
鼻流穴,https://www.dayi.org.cn/acupuncture/1000257.html
交信穴,https://www.dayi.org.cn/acupuncture/1000263.html
附分穴,https://www.dayi.org.cn/acupuncture/1000264.html
厥阴俞穴,https://www.dayi.org.cn/acupuncture/1000265.html
横骨穴,https://www.dayi.org.cn/acupuncture/1000272.html
腹哀穴,https://www.dayi.org.cn/acupuncture/1000275.html
八华穴,https://www.dayi.org.cn/acupuncture/1000280.html
陶道穴,https://www.dayi.org.cn/acupuncture/1000293.html
薜息穴,https://www.dayi.org.cn/acupuncture/1000323.html
渊腋穴,https://www.dayi.org.cn/acupuncture/1000326.html
阳纲穴,https://www.dayi.org.cn/acupuncture/1000328.html
下髎穴,https://www.dayi.org.cn/acupuncture/1000329.html
胃仓穴,https://www.dayi.org.cn/acupuncture/1000333.html
阴都穴,https://www.dayi.org.cn/acupuncture/1000334.html
正营穴,https://www.dayi.org.cn/acupuncture/1000336.html
胸乡穴,https://www.dayi.org.cn/acupuncture/1000339.html
意舍穴,https://www.dayi.org.cn/acupuncture/1000340.html
屋翳穴,https://www.dayi.org.cn/acupuncture/1000341.html
天牖穴,https://www.dayi.org.cn/acupuncture/1000344.html
四渎穴,https://www.dayi.org.cn/acupuncture/1000352.html
瘈脉穴,https://www.dayi.org.cn/acupuncture/1000357.html
石关穴,https://www.dayi.org.cn/acupuncture/1000360.html
神堂穴,https://www.dayi.org.cn/acupuncture/1000364.html
八曜穴,https://www.dayi.org.cn/acupuncture/1000366.html
下腰穴,https://www.dayi.org.cn/acupuncture/1000371.html
当阳穴,https://www.dayi.org.cn/acupuncture/1000372.html
鼻环穴,https://www.dayi.org.cn/acupuncture/1000373.html
崇骨穴,https://www.dayi.org.cn/acupuncture/1000386.html
颊里穴,https://www.dayi.org.cn/acupuncture/1000388.html
上廉泉穴,https://www.dayi.org.cn/acupuncture/1000390.html
巨阙俞穴,https://www.dayi.org.cn/acupuncture/1000393.html
脐中四边穴,https://www.dayi.org.cn/acupuncture/1000404.html
侠承浆穴,https://www.dayi.org.cn/acupuncture/1000405.html
内迎香穴,https://www.dayi.org.cn/acupuncture/1000407.html
下极俞穴,https://www.dayi.org.cn/acupuncture/1000408.html
龙颔穴,https://www.dayi.org.cn/acupuncture/1000410.html
经中穴,https://www.dayi.org.cn/acupuncture/1000415.html
疟门穴,https://www.dayi.org.cn/acupuncture/1000418.html
血压点穴,https://www.dayi.org.cn/acupuncture/1000419.html
肱中穴,https://www.dayi.org.cn/acupuncture/1000420.html
承筋穴,https://www.dayi.org.cn/acupuncture/1000424.html
水道穴,https://www.dayi.org.cn/acupuncture/1000426.html
关兔穴,https://www.dayi.org.cn/acupuncture/1000428.html
鼻交穴,https://www.dayi.org.cn/acupuncture/1000429.html
手逆注穴,https://www.dayi.org.cn/acupuncture/1000431.html
气端穴,https://www.dayi.org.cn/acupuncture/1000432.html
骑竹马穴,https://www.dayi.org.cn/acupuncture/1000433.html
聚泉穴,https://www.dayi.org.cn/acupuncture/1000435.html
承满穴,https://www.dayi.org.cn/acupuncture/1000440.html
膈关穴,https://www.dayi.org.cn/acupuncture/1000441.html
头光明穴,https://www.dayi.org.cn/acupuncture/1000446.html
夺命穴,https://www.dayi.org.cn/acupuncture/1000450.html
新建穴,https://www.dayi.org.cn/acupuncture/1000452.html
燕口穴,https://www.dayi.org.cn/acupuncture/1000453.html
定神穴,https://www.dayi.org.cn/acupuncture/1000454.html
肠遗穴,https://www.dayi.org.cn/acupuncture/1000455.html
血门穴,https://www.dayi.org.cn/acupuncture/1000456.html
内太冲穴,https://www.dayi.org.cn/acupuncture/1000463.html
内至阴穴,https://www.dayi.org.cn/acupuncture/1000464.html
理想刺点穴,https://www.dayi.org.cn/acupuncture/1000466.html
鼻柱穴,https://www.dayi.org.cn/acupuncture/1000468.html
八椎下穴,https://www.dayi.org.cn/acupuncture/1000471.html
唇里穴,https://www.dayi.org.cn/acupuncture/1000472.html
外阴廉穴,https://www.dayi.org.cn/acupuncture/1000473.html
寸平穴,https://www.dayi.org.cn/acupuncture/1000474.html
大指节横纹穴,https://www.dayi.org.cn/acupuncture/1000476.html
鼻眼净耳穴,https://www.dayi.org.cn/acupuncture/1000478.html
中膂俞穴,https://www.dayi.org.cn/acupuncture/1000480.html
彧中穴,https://www.dayi.org.cn/acupuncture/1000481.html
臑上穴,https://www.dayi.org.cn/acupuncture/1000486.html
耳垂穴,https://www.dayi.org.cn/acupuncture/1000488.html
建明1穴,https://www.dayi.org.cn/acupuncture/1000494.html
健明2穴,https://www.dayi.org.cn/acupuncture/1000495.html
健明3穴,https://www.dayi.org.cn/acupuncture/1000497.html
健明穴,https://www.dayi.org.cn/acupuncture/1000498.html
青灵穴,https://www.dayi.org.cn/acupuncture/1000507.html
曲差穴,https://www.dayi.org.cn/acupuncture/1000510.html
魄户穴,https://www.dayi.org.cn/acupuncture/1000513.html
气海俞穴,https://www.dayi.org.cn/acupuncture/1000516.html
眉冲穴,https://www.dayi.org.cn/acupuncture/1000518.html
目窗穴,https://www.dayi.org.cn/acupuncture/1000519.html
耳后静脉三条穴,https://www.dayi.org.cn/acupuncture/1000525.html
肝炎点穴,https://www.dayi.org.cn/acupuncture/1000526.html
肩痛耳穴,https://www.dayi.org.cn/acupuncture/1000527.html
额耳穴,https://www.dayi.org.cn/acupuncture/1000529.html
激素点耳穴,https://www.dayi.org.cn/acupuncture/1000531.html
足膀胱穴,https://www.dayi.org.cn/acupuncture/1000532.html
松肌点耳穴,https://www.dayi.org.cn/acupuncture/1000533.html
大肠耳穴,https://www.dayi.org.cn/acupuncture/1000535.html
下屏耳穴,https://www.dayi.org.cn/acupuncture/1000536.html
精宁穴,https://www.dayi.org.cn/acupuncture/1000540.html
一窝风穴,https://www.dayi.org.cn/acupuncture/1000541.html
风齿痛穴,https://www.dayi.org.cn/acupuncture/1000543.html
陵下穴,https://www.dayi.org.cn/acupuncture/1000544.html
甘载穴,https://www.dayi.org.cn/acupuncture/1000546.html
牙痛奇耳穴,https://www.dayi.org.cn/acupuncture/1000552.html
脊柱点,https://www.dayi.org.cn/acupuncture/1000553.html
肠风穴,https://www.dayi.org.cn/acupuncture/1000554.html
颈项点穴,https://www.dayi.org.cn/acupuncture/1000558.html
外八卦穴,https://www.dayi.org.cn/acupuncture/1000559.html
左端正穴,https://www.dayi.org.cn/acupuncture/1000560.html
上阳关穴,https://www.dayi.org.cn/acupuncture/1000561.html
右端正穴,https://www.dayi.org.cn/acupuncture/1000562.html
上八风穴,https://www.dayi.org.cn/acupuncture/1000565.html
龙玄穴,https://www.dayi.org.cn/acupuncture/1000568.html
囟会穴,https://www.dayi.org.cn/acupuncture/1000570.html
强间穴,https://www.dayi.org.cn/acupuncture/1000580.html
前承山,https://www.dayi.org.cn/acupuncture/1000584.html
肩内陵穴,https://www.dayi.org.cn/acupuncture/1000585.html
洪音穴,https://www.dayi.org.cn/acupuncture/1000586.html
臂间穴,https://www.dayi.org.cn/acupuncture/1000587.html
十王穴,https://www.dayi.org.cn/acupuncture/1000588.html
散笑穴,https://www.dayi.org.cn/acupuncture/1000591.html
淋泉穴,https://www.dayi.org.cn/acupuncture/1000595.html
颞颥穴,https://www.dayi.org.cn/acupuncture/1000596.html
灸痨穴,https://www.dayi.org.cn/acupuncture/1000597.html
巨觉穴,https://www.dayi.org.cn/acupuncture/1000598.html
灸哮穴,https://www.dayi.org.cn/acupuncture/1000599.html
抬肩穴,https://www.dayi.org.cn/acupuncture/1000602.html
手踝穴,https://www.dayi.org.cn/acupuncture/1000603.html
乳下穴,https://www.dayi.org.cn/acupuncture/1000605.html
上都穴,https://www.dayi.org.cn/acupuncture/1000606.html
气喘穴,https://www.dayi.org.cn/acupuncture/1000607.html
目飞穴,https://www.dayi.org.cn/acupuncture/1000608.html
脾横穴,https://www.dayi.org.cn/acupuncture/1000609.html
立命穴,https://www.dayi.org.cn/acupuncture/1000610.html
风痱穴,https://www.dayi.org.cn/acupuncture/1000611.html
举臂穴,https://www.dayi.org.cn/acupuncture/1000614.html
截疟穴,https://www.dayi.org.cn/acupuncture/1000615.html
五指节穴,https://www.dayi.org.cn/acupuncture/1000617.html
腰腿点穴,https://www.dayi.org.cn/acupuncture/1000618.html
三管穴,https://www.dayi.org.cn/acupuncture/1000619.html
膝旁穴,https://www.dayi.org.cn/acupuncture/1000620.html
光彩穴,https://www.dayi.org.cn/acupuncture/1000621.html
鼻穿穴,https://www.dayi.org.cn/acupuncture/1000622.html
二十椎穴,https://www.dayi.org.cn/acupuncture/1000623.html
耳鸣耳穴,https://www.dayi.org.cn/acupuncture/1000625.html
防近耳穴,https://www.dayi.org.cn/acupuncture/1000626.html
耳背臂耳穴,https://www.dayi.org.cn/acupuncture/1000627.html
镇咳耳穴,https://www.dayi.org.cn/acupuncture/1000628.html
中耳背耳穴,https://www.dayi.org.cn/acupuncture/1000629.html
足耳穴,https://www.dayi.org.cn/acupuncture/1000630.html
腮腺炎点耳穴,https://www.dayi.org.cn/acupuncture/1000631.html
下耳背耳穴,https://www.dayi.org.cn/acupuncture/1000632.html
上耳背耳穴,https://www.dayi.org.cn/acupuncture/1000633.html
聤宫耳穴,https://www.dayi.org.cn/acupuncture/1000634.html
四肢运动中枢耳穴,https://www.dayi.org.cn/acupuncture/1000635.html
睾丸1耳穴,https://www.dayi.org.cn/acupuncture/1000636.html
睾丸2耳穴,https://www.dayi.org.cn/acupuncture/1000637.html
下焦俞穴,https://www.dayi.org.cn/acupuncture/1000638.html
退热点穴,https://www.dayi.org.cn/acupuncture/1000639.html
定喘1穴,https://www.dayi.org.cn/acupuncture/1000640.html
承肛穴,https://www.dayi.org.cn/acupuncture/1000641.html
顶上穴,https://www.dayi.org.cn/acupuncture/1000642.html
耳孔穴,https://www.dayi.org.cn/acupuncture/1000643.html
扁桃体点穴,https://www.dayi.org.cn/acupuncture/1000644.html
蛾根穴,https://www.dayi.org.cn/acupuncture/1000645.html
后腹膜耳穴,https://www.dayi.org.cn/acupuncture/1000647.html
兴隆穴,https://www.dayi.org.cn/acupuncture/1000648.html
小江穴,https://www.dayi.org.cn/acupuncture/1000649.html
下承山穴,https://www.dayi.org.cn/acupuncture/1000650.html
定晕穴,https://www.dayi.org.cn/acupuncture/1000652.html
外直立穴,https://www.dayi.org.cn/acupuncture/1000653.html
定惊点穴,https://www.dayi.org.cn/acupuncture/1000654.html
地健穴,https://www.dayi.org.cn/acupuncture/1000655.html
大天心穴,https://www.dayi.org.cn/acupuncture/1000656.html
委委穴,https://www.dayi.org.cn/acupuncture/1000657.html
斗肘穴,https://www.dayi.org.cn/acupuncture/1000658.html
急救点穴,https://www.dayi.org.cn/acupuncture/1000661.html
新伏兔穴,https://www.dayi.org.cn/acupuncture/1000662.html
偏头点穴,https://www.dayi.org.cn/acupuncture/1000663.html
上血海穴,https://www.dayi.org.cn/acupuncture/1000665.html
上曲泉穴,https://www.dayi.org.cn/acupuncture/1000666.html
股里穴,https://www.dayi.org.cn/acupuncture/1000667.html
虎金寸穴,https://www.dayi.org.cn/acupuncture/1000668.html
环门穴,https://www.dayi.org.cn/acupuncture/1000669.html
肱桡肌运动点穴,https://www.dayi.org.cn/acupuncture/1000672.html
肱二头肌运动点穴,https://www.dayi.org.cn/acupuncture/1000673.html
股薄肌运动点穴,https://www.dayi.org.cn/acupuncture/1000674.html
环边穴,https://www.dayi.org.cn/acupuncture/1000675.html
肱二头肌恢复点穴,https://www.dayi.org.cn/acupuncture/1000676.html
肱肌运动点穴,https://www.dayi.org.cn/acupuncture/1000677.html
肩内髃穴,https://www.dayi.org.cn/acupuncture/1000678.html
松弛穴,https://www.dayi.org.cn/acupuncture/1000679.html
松痛穴,https://www.dayi.org.cn/acupuncture/1000680.html
假巨穴,https://www.dayi.org.cn/acupuncture/1000681.html
肾脊穴,https://www.dayi.org.cn/acupuncture/1000682.html
生边穴,https://www.dayi.org.cn/acupuncture/1000683.html
箕下穴,https://www.dayi.org.cn/acupuncture/1000684.html
肾热穴,https://www.dayi.org.cn/acupuncture/1000685.html
上曲池穴,https://www.dayi.org.cn/acupuncture/1000687.html
上三阴交穴,https://www.dayi.org.cn/acupuncture/1000688.html
曲尺穴,https://www.dayi.org.cn/acupuncture/1000689.html
屈拇短肌运动点穴,https://www.dayi.org.cn/acupuncture/1000690.html
髂髌中穴,https://www.dayi.org.cn/acupuncture/1000691.html
前风市穴,https://www.dayi.org.cn/acupuncture/1000692.html
钱孔穴,https://www.dayi.org.cn/acupuncture/1000693.html
肝热穴,https://www.dayi.org.cn/acupuncture/1000694.html
后听穴,https://www.dayi.org.cn/acupuncture/1000695.html
后血海穴,https://www.dayi.org.cn/acupuncture/1000696.html
偏盲区,https://www.dayi.org.cn/acupuncture/1000697.html
健胯穴,https://www.dayi.org.cn/acupuncture/1000698.html
剑巨穴,https://www.dayi.org.cn/acupuncture/1000699.html
理中穴,https://www.dayi.org.cn/acupuncture/1000700.html
掘进3穴,https://www.dayi.org.cn/acupuncture/1000701.html
掘进4穴,https://www.dayi.org.cn/acupuncture/1000702.html
龙舌穴,https://www.dayi.org.cn/acupuncture/1000703.html
掘进1穴,https://www.dayi.org.cn/acupuncture/1000704.html
胫下穴,https://www.dayi.org.cn/acupuncture/1000705.html
林白穴,https://www.dayi.org.cn/acupuncture/1000706.html
纠外翻2穴,https://www.dayi.org.cn/acupuncture/1000707.html
降血压点,https://www.dayi.org.cn/acupuncture/1000708.html
解剪穴,https://www.dayi.org.cn/acupuncture/1000709.html
鸠尾骨穴,https://www.dayi.org.cn/acupuncture/1000710.html
全知穴,https://www.dayi.org.cn/acupuncture/1000711.html
下屏尖耳穴,https://www.dayi.org.cn/acupuncture/1000712.html
头顶点,https://www.dayi.org.cn/acupuncture/1000713.html
肾点穴,https://www.dayi.org.cn/acupuncture/1000714.html
胸痛点穴,https://www.dayi.org.cn/acupuncture/1000716.html
脾点穴,https://www.dayi.org.cn/acupuncture/1000717.html
声带耳穴,https://www.dayi.org.cn/acupuncture/1000718.html
眼心穴,https://www.dayi.org.cn/acupuncture/1000719.html
眼疾点穴,https://www.dayi.org.cn/acupuncture/1000720.html
五柱灸穴,https://www.dayi.org.cn/acupuncture/1000721.html
委下穴,https://www.dayi.org.cn/acupuncture/1000722.html
新生穴,https://www.dayi.org.cn/acupuncture/1000723.html
胃肠点穴,https://www.dayi.org.cn/acupuncture/1000725.html
后头点穴,https://www.dayi.org.cn/acupuncture/1000728.html
踝点穴,https://www.dayi.org.cn/acupuncture/1000729.html
承踪穴,https://www.dayi.org.cn/acupuncture/1000730.html
传尸灸穴,https://www.dayi.org.cn/acupuncture/1000731.html
股点穴,https://www.dayi.org.cn/acupuncture/1000732.html
百息穴,https://www.dayi.org.cn/acupuncture/1000733.html
研子穴,https://www.dayi.org.cn/acupuncture/1000735.html
新攒竹穴,https://www.dayi.org.cn/acupuncture/1000736.html
阳癍穴,https://www.dayi.org.cn/acupuncture/1000737.html
消疬穴,https://www.dayi.org.cn/acupuncture/1000738.html
下侠白穴,https://www.dayi.org.cn/acupuncture/1000739.html
牙咬穴,https://www.dayi.org.cn/acupuncture/1000740.html
下昆仑穴,https://www.dayi.org.cn/acupuncture/1000741.html
新环跳穴,https://www.dayi.org.cn/acupuncture/1000742.html
小清明穴,https://www.dayi.org.cn/acupuncture/1000743.html
岩池穴,https://www.dayi.org.cn/acupuncture/1000744.html
外龙舌穴,https://www.dayi.org.cn/acupuncture/1000746.html
大轮穴,https://www.dayi.org.cn/acupuncture/1000747.html
头冲穴,https://www.dayi.org.cn/acupuncture/1000748.html
手掌后白肉际穴,https://www.dayi.org.cn/acupuncture/1000749.html
里期门穴,https://www.dayi.org.cn/acupuncture/1000750.html
小儿食痫穴,https://www.dayi.org.cn/acupuncture/1000751.html
无名奇穴,https://www.dayi.org.cn/acupuncture/1000752.html
当容穴,https://www.dayi.org.cn/acupuncture/1000753.html
头风穴,https://www.dayi.org.cn/acupuncture/1000754.html
六筋穴,https://www.dayi.org.cn/acupuncture/1000755.html
升压点穴,https://www.dayi.org.cn/acupuncture/1000756.html
大门穴,https://www.dayi.org.cn/acupuncture/1000757.html
三焦点穴,https://www.dayi.org.cn/acupuncture/1000758.html
命门点穴,https://www.dayi.org.cn/acupuncture/1000759.html
维宫穴,https://www.dayi.org.cn/acupuncture/1000761.html
耳壳后穴,https://www.dayi.org.cn/acupuncture/1000763.html
金河穴,https://www.dayi.org.cn/acupuncture/1000764.html
虎边穴,https://www.dayi.org.cn/acupuncture/1000765.html
高血压下点穴,https://www.dayi.org.cn/acupuncture/1000766.html
囊下缝穴,https://www.dayi.org.cn/acupuncture/1000767.html
马氏点穴,https://www.dayi.org.cn/acupuncture/1000768.html
节纹穴,https://www.dayi.org.cn/acupuncture/1000769.html
肩后穴,https://www.dayi.org.cn/acupuncture/1000770.html
强胯穴,https://www.dayi.org.cn/acupuncture/1000771.html
热府穴,https://www.dayi.org.cn/acupuncture/1000772.html
股内收穴,https://www.dayi.org.cn/acupuncture/1000773.html
肾区,https://www.dayi.org.cn/acupuncture/1000775.html
上肢点穴,https://www.dayi.org.cn/acupuncture/1000777.html
闪电穴,https://www.dayi.org.cn/acupuncture/1000778.html
上后溪穴,https://www.dayi.org.cn/acupuncture/1000779.html
阳枢穴,https://www.dayi.org.cn/acupuncture/1000780.html
前发际穴,https://www.dayi.org.cn/acupuncture/1000781.html
气海募穴,https://www.dayi.org.cn/acupuncture/1000782.html
岐伯灸穴,https://www.dayi.org.cn/acupuncture/1000783.html
尿血穴,https://www.dayi.org.cn/acupuncture/1000785.html
囊底穴,https://www.dayi.org.cn/acupuncture/1000787.html
琵琶穴,https://www.dayi.org.cn/acupuncture/1000788.html
旁谷穴,https://www.dayi.org.cn/acupuncture/1000789.html
脾热穴,https://www.dayi.org.cn/acupuncture/1000790.html
建胃穴,https://www.dayi.org.cn/acupuncture/1000791.html
溃疡穴,https://www.dayi.org.cn/acupuncture/1000792.html
理便穴,https://www.dayi.org.cn/acupuncture/1000793.html
肋头穴,https://www.dayi.org.cn/acupuncture/1000794.html
靠山穴,https://www.dayi.org.cn/acupuncture/1000795.html
纠外翻1穴,https://www.dayi.org.cn/acupuncture/1000796.html
额旁一线,https://www.dayi.org.cn/acupuncture/1000798.html
额旁二线,https://www.dayi.org.cn/acupuncture/1000799.html
额中线,https://www.dayi.org.cn/acupuncture/1000800.html
肝胆区,https://www.dayi.org.cn/acupuncture/1000801.html
珠顶耳穴,https://www.dayi.org.cn/acupuncture/1000802.html
顶椎穴,https://www.dayi.org.cn/acupuncture/1000803.html
表四灵穴,https://www.dayi.org.cn/acupuncture/1000804.html
鬼当穴,https://www.dayi.org.cn/acupuncture/1000805.html
白喉穴1穴,https://www.dayi.org.cn/acupuncture/1000806.html
传尸穴,https://www.dayi.org.cn/acupuncture/1000807.html
百种风穴,https://www.dayi.org.cn/acupuncture/1000808.html
白喉穴2穴,https://www.dayi.org.cn/acupuncture/1000809.html
额上穴,https://www.dayi.org.cn/acupuncture/1000810.html
耳屏外三穴,https://www.dayi.org.cn/acupuncture/1000811.html
小掘进穴,https://www.dayi.org.cn/acupuncture/1000812.html
胁堂穴,https://www.dayi.org.cn/acupuncture/1000813.html
下中极穴,https://www.dayi.org.cn/acupuncture/1000814.html
大便难穴,https://www.dayi.org.cn/acupuncture/1000815.html
亭头穴,https://www.dayi.org.cn/acupuncture/1000816.html
听穴,https://www.dayi.org.cn/acupuncture/1000817.html
额旁三线,https://www.dayi.org.cn/acupuncture/1000819.html
顶中线,https://www.dayi.org.cn/acupuncture/1000820.html
四连穴,https://www.dayi.org.cn/acupuncture/1000821.html
上字灸,https://www.dayi.org.cn/acupuncture/1000822.html
屈阳委穴,https://www.dayi.org.cn/acupuncture/1000823.html
梅花三针,https://www.dayi.org.cn/acupuncture/1000824.html
里四灵穴,https://www.dayi.org.cn/acupuncture/1000825.html
落颈穴,https://www.dayi.org.cn/acupuncture/1000826.html
枕下旁线,https://www.dayi.org.cn/acupuncture/1000827.html
顶旁二线,https://www.dayi.org.cn/acupuncture/1000829.html
顶天穴,https://www.dayi.org.cn/acupuncture/1000830.html
新肋头穴,https://www.dayi.org.cn/acupuncture/1000831.html
哑穴,https://www.dayi.org.cn/acupuncture/1000832.html
东一穴,https://www.dayi.org.cn/acupuncture/1000833.html
下曲骨穴,https://www.dayi.org.cn/acupuncture/1000834.html
新明1穴,https://www.dayi.org.cn/acupuncture/1000835.html
小儿睡惊穴,https://www.dayi.org.cn/acupuncture/1000836.html
膝上二穴,https://www.dayi.org.cn/acupuncture/1000837.html
外踝前交脉穴,https://www.dayi.org.cn/acupuncture/1000838.html
血管舒缩区,https://www.dayi.org.cn/acupuncture/1000839.html
肠区（头针穴位）,https://www.dayi.org.cn/acupuncture/1000840.html
手足大指爪甲穴,https://www.dayi.org.cn/acupuncture/1000841.html
肩头穴,https://www.dayi.org.cn/acupuncture/1000845.html
天听穴,https://www.dayi.org.cn/acupuncture/1000846.html
前神聪穴,https://www.dayi.org.cn/acupuncture/1000847.html
前后隐珠穴,https://www.dayi.org.cn/acupuncture/1000848.html
后聪穴,https://www.dayi.org.cn/acupuncture/1000849.html
后神聪穴,https://www.dayi.org.cn/acupuncture/1000850.html
关仪穴,https://www.dayi.org.cn/acupuncture/1000851.html
跟平穴,https://www.dayi.org.cn/acupuncture/1000852.html
肩痛2穴,https://www.dayi.org.cn/acupuncture/1000853.html
肩痛1穴,https://www.dayi.org.cn/acupuncture/1000854.html
肩痛3穴,https://www.dayi.org.cn/acupuncture/1000855.html
肩痛5穴,https://www.dayi.org.cn/acupuncture/1000856.html
肩痛4穴,https://www.dayi.org.cn/acupuncture/1000857.html
上牙痛穴,https://www.dayi.org.cn/acupuncture/1000858.html
后阳关穴,https://www.dayi.org.cn/acupuncture/1000859.html
落地穴,https://www.dayi.org.cn/acupuncture/1000860.html
拇趾里横纹穴,https://www.dayi.org.cn/acupuncture/1000861.html
府舍穴,https://www.dayi.org.cn/acupuncture/1000864.html
至阳六之灸穴,https://www.dayi.org.cn/acupuncture/1000866.html
郎阴穴,https://www.dayi.org.cn/acupuncture/1000867.html
痰喘穴,https://www.dayi.org.cn/acupuncture/1000868.html
风岩穴,https://www.dayi.org.cn/acupuncture/1000871.html
内阳池穴,https://www.dayi.org.cn/acupuncture/1000872.html
肋罅穴,https://www.dayi.org.cn/acupuncture/1000873.html
六华穴,https://www.dayi.org.cn/acupuncture/1000875.html
接骨穴,https://www.dayi.org.cn/acupuncture/1000877.html
承命穴,https://www.dayi.org.cn/acupuncture/1000879.html
股内肌运动点穴,https://www.dayi.org.cn/acupuncture/1000880.html
股外肌运动点穴,https://www.dayi.org.cn/acupuncture/1000881.html
鬼床穴,https://www.dayi.org.cn/acupuncture/1000882.html
高骨穴,https://www.dayi.org.cn/acupuncture/1000884.html
华佗穴,https://www.dayi.org.cn/acupuncture/1000885.html
肩柱骨穴,https://www.dayi.org.cn/acupuncture/1000886.html
肩根穴,https://www.dayi.org.cn/acupuncture/1000888.html
脊三穴,https://www.dayi.org.cn/acupuncture/1000889.html
甲根穴,https://www.dayi.org.cn/acupuncture/1000890.html
食仓穴,https://www.dayi.org.cn/acupuncture/1000892.html
食关穴,https://www.dayi.org.cn/acupuncture/1000893.html
肾系穴,https://www.dayi.org.cn/acupuncture/1000894.html
手足小指穴,https://www.dayi.org.cn/acupuncture/1000895.html
手心穴,https://www.dayi.org.cn/acupuncture/1000896.html
神府穴,https://www.dayi.org.cn/acupuncture/1000897.html
枢边穴,https://www.dayi.org.cn/acupuncture/1000898.html
身交穴,https://www.dayi.org.cn/acupuncture/1000899.html
天聪穴,https://www.dayi.org.cn/acupuncture/1000900.html
疔俞穴,https://www.dayi.org.cn/acupuncture/1000902.html
始素穴,https://www.dayi.org.cn/acupuncture/1000903.html
强音穴,https://www.dayi.org.cn/acupuncture/1000906.html
泉阴穴,https://www.dayi.org.cn/acupuncture/1000907.html
阳维穴,https://www.dayi.org.cn/acupuncture/1000908.html
气堂穴,https://www.dayi.org.cn/acupuncture/1000909.html
期间穴,https://www.dayi.org.cn/acupuncture/1000910.html
脐上下穴,https://www.dayi.org.cn/acupuncture/1000911.html